{
    "level": "INFO",
    "timestamp": "2024-09-25T18:48:07.646Z",
    "message": "Application started",
    "meta": {
        "PORT": "3000",
        "SERVER_URL": "http://localhost:3000"
    }
}
{
    "level": "INFO",
    "timestamp": "2024-09-25T20:23:37.873Z",
    "message": "Application started",
    "meta": {
        "PORT": "3000",
        "SERVER_URL": "http://localhost:3000"
    }
}
{
    "level": "INFO",
    "timestamp": "2024-09-25T20:23:54.609Z",
    "message": "Controller Response",
    "meta": {
        "success": true,
        "statusCode": 200,
        "request": {
            "ip": "::1",
            "method": "GET",
            "url": "/v1/self"
        },
        "message": "Operation is completed",
        "data": null
    }
}
{
    "level": "INFO",
    "timestamp": "2024-09-25T20:26:09.729Z",
    "message": "Application started",
    "meta": {
        "PORT": "3000",
        "SERVER_URL": "http://localhost:3000"
    }
}
{
    "level": "INFO",
    "timestamp": "2024-09-25T20:26:34.272Z",
    "message": "Application started",
    "meta": {
        "PORT": "3000",
        "SERVER_URL": "http://localhost:3000"
    }
}
{
    "level": "INFO",
    "timestamp": "2024-09-25T20:26:42.958Z",
    "message": "Controller Response",
    "meta": {
        "success": true,
        "statusCode": 200,
        "request": {
            "ip": "::1",
            "method": "GET",
            "url": "/v1/self"
        },
        "message": "Operation is completed",
        "data": null
    }
}
{
    "level": "INFO",
    "timestamp": "2024-09-25T20:27:09.715Z",
    "message": "Application started",
    "meta": {
        "PORT": "3000",
        "SERVER_URL": "http://localhost:3000"
    }
}
{
    "level": "INFO",
    "timestamp": "2024-09-25T20:27:21.720Z",
    "message": "Application started",
    "meta": {
        "PORT": "3000",
        "SERVER_URL": "http://localhost:3000"
    }
}
{
    "level": "INFO",
    "timestamp": "2024-09-25T20:27:27.271Z",
    "message": "Application started",
    "meta": {
        "PORT": "3000",
        "SERVER_URL": "http://localhost:3000"
    }
}
{
    "level": "INFO",
    "timestamp": "2024-09-25T20:27:34.791Z",
    "message": "Application started",
    "meta": {
        "PORT": "3000",
        "SERVER_URL": "http://localhost:3000"
    }
}
{
    "level": "INFO",
    "timestamp": "2024-09-26T07:25:27.768Z",
    "message": "Application started",
    "meta": {
        "PORT": "3000",
        "SERVER_URL": "http://localhost:3000"
    }
}
{
    "level": "INFO",
    "timestamp": "2024-09-26T08:51:26.879Z",
    "message": "Database connection",
    "meta": {
        "CONNECTION_NAME": "test"
    }
}
{
    "level": "INFO",
    "timestamp": "2024-09-26T08:51:26.887Z",
    "message": "Application started",
    "meta": {
        "PORT": "3000",
        "SERVER_URL": "http://localhost:3000"
    }
}
{
    "level": "INFO",
    "timestamp": "2024-09-26T09:02:43.253Z",
    "message": "Database connection",
    "meta": {
        "CONNECTION_NAME": "test"
    }
}
{
    "level": "INFO",
    "timestamp": "2024-09-26T09:02:43.259Z",
    "message": "Application started",
    "meta": {
        "PORT": "3000",
        "SERVER_URL": "http://localhost:3000"
    }
}
{
    "level": "INFO",
    "timestamp": "2024-09-26T09:03:26.782Z",
    "message": "Database connection",
    "meta": {
        "CONNECTION_NAME": "base"
    }
}
{
    "level": "INFO",
    "timestamp": "2024-09-26T09:03:26.788Z",
    "message": "Application started",
    "meta": {
        "PORT": "3000",
        "SERVER_URL": "http://localhost:3000"
    }
}
{
    "level": "INFO",
    "timestamp": "2024-09-26T09:56:43.567Z",
    "message": "Database connection",
    "meta": {
        "CONNECTION_NAME": "base"
    }
}
{
    "level": "INFO",
    "timestamp": "2024-09-26T09:56:43.575Z",
    "message": "Application started",
    "meta": {
        "PORT": "3000",
        "SERVER_URL": "http://localhost:3000"
    }
}
{
    "level": "INFO",
    "timestamp": "2024-09-26T09:57:36.275Z",
    "message": "Controller Response",
    "meta": {
        "success": true,
        "statusCode": 200,
        "request": {
            "ip": "::1",
            "method": "GET",
            "url": "/v1/health"
        },
        "message": "Operation is completed",
        "data": {
            "application": {
                "environment": "development",
                "uptime": "57.90 Second",
                "memoryUsage": {
                    "heapTotal": "148.57 MB",
                    "heapUsed": "145.26 MB"
                }
            },
            "system": {
                "cpuUsage": [
                    0,
                    0,
                    0
                ],
                "totalMemory": "7502.02 MB",
                "freeMemory": "533.86 MB"
            },
            "timeStamp": 1727344656275
        }
    }
}
{
    "level": "INFO",
    "timestamp": "2024-09-26T11:34:47.135Z",
    "message": "Database connection",
    "meta": {
        "CONNECTION_NAME": "base"
    }
}
{
    "level": "INFO",
    "timestamp": "2024-09-26T11:34:47.149Z",
    "message": "Rate limiter initiated",
    "meta": {}
}
{
    "level": "INFO",
    "timestamp": "2024-09-26T11:34:47.150Z",
    "message": "Application started",
    "meta": {
        "PORT": "3000",
        "SERVER_URL": "http://localhost:3000"
    }
}
{
    "level": "INFO",
    "timestamp": "2024-09-26T11:35:07.836Z",
    "message": "Controller Response",
    "meta": {
        "success": true,
        "statusCode": 200,
        "request": {
            "ip": "::1",
            "method": "GET",
            "url": "/v1/self"
        },
        "message": "Operation is completed",
        "data": null
    }
}
{
    "level": "INFO",
    "timestamp": "2024-09-26T11:35:10.146Z",
    "message": "Controller Response",
    "meta": {
        "success": true,
        "statusCode": 200,
        "request": {
            "ip": "::1",
            "method": "GET",
            "url": "/v1/self"
        },
        "message": "Operation is completed",
        "data": null
    }
}
{
    "level": "INFO",
    "timestamp": "2024-09-26T11:35:11.026Z",
    "message": "Controller Response",
    "meta": {
        "success": true,
        "statusCode": 200,
        "request": {
            "ip": "::1",
            "method": "GET",
            "url": "/v1/self"
        },
        "message": "Operation is completed",
        "data": null
    }
}
{
    "level": "INFO",
    "timestamp": "2024-09-26T11:35:11.714Z",
    "message": "Controller Response",
    "meta": {
        "success": true,
        "statusCode": 200,
        "request": {
            "ip": "::1",
            "method": "GET",
            "url": "/v1/self"
        },
        "message": "Operation is completed",
        "data": null
    }
}
{
    "level": "INFO",
    "timestamp": "2024-09-26T11:35:12.440Z",
    "message": "Controller Response",
    "meta": {
        "success": true,
        "statusCode": 200,
        "request": {
            "ip": "::1",
            "method": "GET",
            "url": "/v1/self"
        },
        "message": "Operation is completed",
        "data": null
    }
}
{
    "level": "INFO",
    "timestamp": "2024-09-26T11:35:13.186Z",
    "message": "Controller Response",
    "meta": {
        "success": true,
        "statusCode": 200,
        "request": {
            "ip": "::1",
            "method": "GET",
            "url": "/v1/self"
        },
        "message": "Operation is completed",
        "data": null
    }
}
{
    "level": "INFO",
    "timestamp": "2024-09-26T11:35:13.925Z",
    "message": "Controller Response",
    "meta": {
        "success": true,
        "statusCode": 200,
        "request": {
            "ip": "::1",
            "method": "GET",
            "url": "/v1/self"
        },
        "message": "Operation is completed",
        "data": null
    }
}
{
    "level": "INFO",
    "timestamp": "2024-09-26T11:35:14.689Z",
    "message": "Controller Response",
    "meta": {
        "success": true,
        "statusCode": 200,
        "request": {
            "ip": "::1",
            "method": "GET",
            "url": "/v1/self"
        },
        "message": "Operation is completed",
        "data": null
    }
}
{
    "level": "INFO",
    "timestamp": "2024-09-26T11:35:15.554Z",
    "message": "Controller Response",
    "meta": {
        "success": true,
        "statusCode": 200,
        "request": {
            "ip": "::1",
            "method": "GET",
            "url": "/v1/self"
        },
        "message": "Operation is completed",
        "data": null
    }
}
{
    "level": "INFO",
    "timestamp": "2024-09-26T11:35:16.269Z",
    "message": "Controller Response",
    "meta": {
        "success": true,
        "statusCode": 200,
        "request": {
            "ip": "::1",
            "method": "GET",
            "url": "/v1/self"
        },
        "message": "Operation is completed",
        "data": null
    }
}
{
    "level": "INFO",
    "timestamp": "2024-09-26T11:35:17.178Z",
    "message": "Controller Response",
    "meta": {
        "success": true,
        "statusCode": 200,
        "request": {
            "ip": "::1",
            "method": "GET",
            "url": "/v1/self"
        },
        "message": "Operation is completed",
        "data": null
    }
}
{
    "level": "INFO",
    "timestamp": "2024-09-26T11:35:18.197Z",
    "message": "Controller Response",
    "meta": {
        "success": true,
        "statusCode": 200,
        "request": {
            "ip": "::1",
            "method": "GET",
            "url": "/v1/self"
        },
        "message": "Operation is completed",
        "data": null
    }
}
{
    "level": "INFO",
    "timestamp": "2024-09-26T11:35:18.958Z",
    "message": "Controller Response",
    "meta": {
        "success": true,
        "statusCode": 200,
        "request": {
            "ip": "::1",
            "method": "GET",
            "url": "/v1/self"
        },
        "message": "Operation is completed",
        "data": null
    }
}
{
    "level": "INFO",
    "timestamp": "2024-09-26T11:35:19.691Z",
    "message": "Controller Response",
    "meta": {
        "success": true,
        "statusCode": 200,
        "request": {
            "ip": "::1",
            "method": "GET",
            "url": "/v1/self"
        },
        "message": "Operation is completed",
        "data": null
    }
}
{
    "level": "INFO",
    "timestamp": "2024-09-26T11:35:20.405Z",
    "message": "Controller Response",
    "meta": {
        "success": true,
        "statusCode": 200,
        "request": {
            "ip": "::1",
            "method": "GET",
            "url": "/v1/self"
        },
        "message": "Operation is completed",
        "data": null
    }
}
{
    "level": "INFO",
    "timestamp": "2024-09-26T11:35:21.233Z",
    "message": "Controller Response",
    "meta": {
        "success": true,
        "statusCode": 200,
        "request": {
            "ip": "::1",
            "method": "GET",
            "url": "/v1/self"
        },
        "message": "Operation is completed",
        "data": null
    }
}
{
    "level": "INFO",
    "timestamp": "2024-09-26T11:35:39.941Z",
    "message": "Controller Response",
    "meta": {
        "success": true,
        "statusCode": 200,
        "request": {
            "ip": "::ffff:127.0.0.1",
            "method": "GET",
            "url": "/v1/self"
        },
        "message": "Operation is completed",
        "data": null
    }
}
{
    "level": "ERROR",
    "timestamp": "2024-09-26T11:35:40.143Z",
    "message": "Controller Response",
    "meta": {
        "success": false,
        "statusCode": 404,
        "request": {
            "ip": "::ffff:127.0.0.1",
            "method": "GET",
            "url": "/favicon.ico"
        },
        "message": "Route is not found",
        "data": null,
        "trace": {
            "error": "Error: Route is not found\n    at exports.default (C:\\Users\\Administrator\\Desktop\\Projects\\workspace\\base_server\\base_server\\src\\handlers\\notFound.ts:7:15)\n    at Layer.handle [as handle_request] (C:\\Users\\Administrator\\Desktop\\Projects\\workspace\\base_server\\base_server\\node_modules\\express\\lib\\router\\layer.js:95:5)\n    at trim_prefix (C:\\Users\\Administrator\\Desktop\\Projects\\workspace\\base_server\\base_server\\node_modules\\express\\lib\\router\\index.js:328:13)\n    at C:\\Users\\Administrator\\Desktop\\Projects\\workspace\\base_server\\base_server\\node_modules\\express\\lib\\router\\index.js:286:9\n    at Function.process_params (C:\\Users\\Administrator\\Desktop\\Projects\\workspace\\base_server\\base_server\\node_modules\\express\\lib\\router\\index.js:346:12)\n    at next (C:\\Users\\Administrator\\Desktop\\Projects\\workspace\\base_server\\base_server\\node_modules\\express\\lib\\router\\index.js:280:10)\n    at SendStream.error (C:\\Users\\Administrator\\Desktop\\Projects\\workspace\\base_server\\base_server\\node_modules\\serve-static\\index.js:121:7)\n    at SendStream.emit (node:events:518:28)\n    at SendStream.emit (node:domain:488:12)\n    at SendStream.error (C:\\Users\\Administrator\\Desktop\\Projects\\workspace\\base_server\\base_server\\node_modules\\send\\index.js:270:17)"
        }
    }
}
{
    "level": "INFO",
    "timestamp": "2024-09-26T11:35:44.896Z",
    "message": "Controller Response",
    "meta": {
        "success": true,
        "statusCode": 200,
        "request": {
            "ip": "::ffff:127.0.0.1",
            "method": "GET",
            "url": "/v1/self"
        },
        "message": "Operation is completed",
        "data": null
    }
}
{
    "level": "ERROR",
    "timestamp": "2024-09-26T11:35:44.950Z",
    "message": "Controller Response",
    "meta": {
        "success": false,
        "statusCode": 404,
        "request": {
            "ip": "::ffff:127.0.0.1",
            "method": "GET",
            "url": "/favicon.ico"
        },
        "message": "Route is not found",
        "data": null,
        "trace": {
            "error": "Error: Route is not found\n    at exports.default (C:\\Users\\Administrator\\Desktop\\Projects\\workspace\\base_server\\base_server\\src\\handlers\\notFound.ts:7:15)\n    at Layer.handle [as handle_request] (C:\\Users\\Administrator\\Desktop\\Projects\\workspace\\base_server\\base_server\\node_modules\\express\\lib\\router\\layer.js:95:5)\n    at trim_prefix (C:\\Users\\Administrator\\Desktop\\Projects\\workspace\\base_server\\base_server\\node_modules\\express\\lib\\router\\index.js:328:13)\n    at C:\\Users\\Administrator\\Desktop\\Projects\\workspace\\base_server\\base_server\\node_modules\\express\\lib\\router\\index.js:286:9\n    at Function.process_params (C:\\Users\\Administrator\\Desktop\\Projects\\workspace\\base_server\\base_server\\node_modules\\express\\lib\\router\\index.js:346:12)\n    at next (C:\\Users\\Administrator\\Desktop\\Projects\\workspace\\base_server\\base_server\\node_modules\\express\\lib\\router\\index.js:280:10)\n    at SendStream.error (C:\\Users\\Administrator\\Desktop\\Projects\\workspace\\base_server\\base_server\\node_modules\\serve-static\\index.js:121:7)\n    at SendStream.emit (node:events:518:28)\n    at SendStream.emit (node:domain:488:12)\n    at SendStream.error (C:\\Users\\Administrator\\Desktop\\Projects\\workspace\\base_server\\base_server\\node_modules\\send\\index.js:270:17)"
        }
    }
}
{
    "level": "INFO",
    "timestamp": "2024-09-26T11:35:48.030Z",
    "message": "Controller Response",
    "meta": {
        "success": true,
        "statusCode": 200,
        "request": {
            "ip": "::ffff:127.0.0.1",
            "method": "GET",
            "url": "/v1/self"
        },
        "message": "Operation is completed",
        "data": null
    }
}
{
    "level": "ERROR",
    "timestamp": "2024-09-26T11:35:48.078Z",
    "message": "Controller Response",
    "meta": {
        "success": false,
        "statusCode": 404,
        "request": {
            "ip": "::ffff:127.0.0.1",
            "method": "GET",
            "url": "/favicon.ico"
        },
        "message": "Route is not found",
        "data": null,
        "trace": {
            "error": "Error: Route is not found\n    at exports.default (C:\\Users\\Administrator\\Desktop\\Projects\\workspace\\base_server\\base_server\\src\\handlers\\notFound.ts:7:15)\n    at Layer.handle [as handle_request] (C:\\Users\\Administrator\\Desktop\\Projects\\workspace\\base_server\\base_server\\node_modules\\express\\lib\\router\\layer.js:95:5)\n    at trim_prefix (C:\\Users\\Administrator\\Desktop\\Projects\\workspace\\base_server\\base_server\\node_modules\\express\\lib\\router\\index.js:328:13)\n    at C:\\Users\\Administrator\\Desktop\\Projects\\workspace\\base_server\\base_server\\node_modules\\express\\lib\\router\\index.js:286:9\n    at Function.process_params (C:\\Users\\Administrator\\Desktop\\Projects\\workspace\\base_server\\base_server\\node_modules\\express\\lib\\router\\index.js:346:12)\n    at next (C:\\Users\\Administrator\\Desktop\\Projects\\workspace\\base_server\\base_server\\node_modules\\express\\lib\\router\\index.js:280:10)\n    at SendStream.error (C:\\Users\\Administrator\\Desktop\\Projects\\workspace\\base_server\\base_server\\node_modules\\serve-static\\index.js:121:7)\n    at SendStream.emit (node:events:518:28)\n    at SendStream.emit (node:domain:488:12)\n    at SendStream.error (C:\\Users\\Administrator\\Desktop\\Projects\\workspace\\base_server\\base_server\\node_modules\\send\\index.js:270:17)"
        }
    }
}
{
    "level": "INFO",
    "timestamp": "2024-09-26T11:35:48.741Z",
    "message": "Controller Response",
    "meta": {
        "success": true,
        "statusCode": 200,
        "request": {
            "ip": "::ffff:127.0.0.1",
            "method": "GET",
            "url": "/v1/self"
        },
        "message": "Operation is completed",
        "data": null
    }
}
{
    "level": "ERROR",
    "timestamp": "2024-09-26T11:35:48.783Z",
    "message": "Controller Response",
    "meta": {
        "success": false,
        "statusCode": 404,
        "request": {
            "ip": "::ffff:127.0.0.1",
            "method": "GET",
            "url": "/favicon.ico"
        },
        "message": "Route is not found",
        "data": null,
        "trace": {
            "error": "Error: Route is not found\n    at exports.default (C:\\Users\\Administrator\\Desktop\\Projects\\workspace\\base_server\\base_server\\src\\handlers\\notFound.ts:7:15)\n    at Layer.handle [as handle_request] (C:\\Users\\Administrator\\Desktop\\Projects\\workspace\\base_server\\base_server\\node_modules\\express\\lib\\router\\layer.js:95:5)\n    at trim_prefix (C:\\Users\\Administrator\\Desktop\\Projects\\workspace\\base_server\\base_server\\node_modules\\express\\lib\\router\\index.js:328:13)\n    at C:\\Users\\Administrator\\Desktop\\Projects\\workspace\\base_server\\base_server\\node_modules\\express\\lib\\router\\index.js:286:9\n    at Function.process_params (C:\\Users\\Administrator\\Desktop\\Projects\\workspace\\base_server\\base_server\\node_modules\\express\\lib\\router\\index.js:346:12)\n    at next (C:\\Users\\Administrator\\Desktop\\Projects\\workspace\\base_server\\base_server\\node_modules\\express\\lib\\router\\index.js:280:10)\n    at SendStream.error (C:\\Users\\Administrator\\Desktop\\Projects\\workspace\\base_server\\base_server\\node_modules\\serve-static\\index.js:121:7)\n    at SendStream.emit (node:events:518:28)\n    at SendStream.emit (node:domain:488:12)\n    at SendStream.error (C:\\Users\\Administrator\\Desktop\\Projects\\workspace\\base_server\\base_server\\node_modules\\send\\index.js:270:17)"
        }
    }
}
{
    "level": "INFO",
    "timestamp": "2024-09-26T11:35:49.414Z",
    "message": "Controller Response",
    "meta": {
        "success": true,
        "statusCode": 200,
        "request": {
            "ip": "::ffff:127.0.0.1",
            "method": "GET",
            "url": "/v1/self"
        },
        "message": "Operation is completed",
        "data": null
    }
}
{
    "level": "ERROR",
    "timestamp": "2024-09-26T11:35:49.456Z",
    "message": "Controller Response",
    "meta": {
        "success": false,
        "statusCode": 404,
        "request": {
            "ip": "::ffff:127.0.0.1",
            "method": "GET",
            "url": "/favicon.ico"
        },
        "message": "Route is not found",
        "data": null,
        "trace": {
            "error": "Error: Route is not found\n    at exports.default (C:\\Users\\Administrator\\Desktop\\Projects\\workspace\\base_server\\base_server\\src\\handlers\\notFound.ts:7:15)\n    at Layer.handle [as handle_request] (C:\\Users\\Administrator\\Desktop\\Projects\\workspace\\base_server\\base_server\\node_modules\\express\\lib\\router\\layer.js:95:5)\n    at trim_prefix (C:\\Users\\Administrator\\Desktop\\Projects\\workspace\\base_server\\base_server\\node_modules\\express\\lib\\router\\index.js:328:13)\n    at C:\\Users\\Administrator\\Desktop\\Projects\\workspace\\base_server\\base_server\\node_modules\\express\\lib\\router\\index.js:286:9\n    at Function.process_params (C:\\Users\\Administrator\\Desktop\\Projects\\workspace\\base_server\\base_server\\node_modules\\express\\lib\\router\\index.js:346:12)\n    at next (C:\\Users\\Administrator\\Desktop\\Projects\\workspace\\base_server\\base_server\\node_modules\\express\\lib\\router\\index.js:280:10)\n    at SendStream.error (C:\\Users\\Administrator\\Desktop\\Projects\\workspace\\base_server\\base_server\\node_modules\\serve-static\\index.js:121:7)\n    at SendStream.emit (node:events:518:28)\n    at SendStream.emit (node:domain:488:12)\n    at SendStream.error (C:\\Users\\Administrator\\Desktop\\Projects\\workspace\\base_server\\base_server\\node_modules\\send\\index.js:270:17)"
        }
    }
}
{
    "level": "INFO",
    "timestamp": "2024-09-26T11:35:50.072Z",
    "message": "Controller Response",
    "meta": {
        "success": true,
        "statusCode": 200,
        "request": {
            "ip": "::ffff:127.0.0.1",
            "method": "GET",
            "url": "/v1/self"
        },
        "message": "Operation is completed",
        "data": null
    }
}
{
    "level": "ERROR",
    "timestamp": "2024-09-26T11:35:50.116Z",
    "message": "Controller Response",
    "meta": {
        "success": false,
        "statusCode": 404,
        "request": {
            "ip": "::ffff:127.0.0.1",
            "method": "GET",
            "url": "/favicon.ico"
        },
        "message": "Route is not found",
        "data": null,
        "trace": {
            "error": "Error: Route is not found\n    at exports.default (C:\\Users\\Administrator\\Desktop\\Projects\\workspace\\base_server\\base_server\\src\\handlers\\notFound.ts:7:15)\n    at Layer.handle [as handle_request] (C:\\Users\\Administrator\\Desktop\\Projects\\workspace\\base_server\\base_server\\node_modules\\express\\lib\\router\\layer.js:95:5)\n    at trim_prefix (C:\\Users\\Administrator\\Desktop\\Projects\\workspace\\base_server\\base_server\\node_modules\\express\\lib\\router\\index.js:328:13)\n    at C:\\Users\\Administrator\\Desktop\\Projects\\workspace\\base_server\\base_server\\node_modules\\express\\lib\\router\\index.js:286:9\n    at Function.process_params (C:\\Users\\Administrator\\Desktop\\Projects\\workspace\\base_server\\base_server\\node_modules\\express\\lib\\router\\index.js:346:12)\n    at next (C:\\Users\\Administrator\\Desktop\\Projects\\workspace\\base_server\\base_server\\node_modules\\express\\lib\\router\\index.js:280:10)\n    at SendStream.error (C:\\Users\\Administrator\\Desktop\\Projects\\workspace\\base_server\\base_server\\node_modules\\serve-static\\index.js:121:7)\n    at SendStream.emit (node:events:518:28)\n    at SendStream.emit (node:domain:488:12)\n    at SendStream.error (C:\\Users\\Administrator\\Desktop\\Projects\\workspace\\base_server\\base_server\\node_modules\\send\\index.js:270:17)"
        }
    }
}
{
    "level": "INFO",
    "timestamp": "2024-09-26T11:35:50.686Z",
    "message": "Controller Response",
    "meta": {
        "success": true,
        "statusCode": 200,
        "request": {
            "ip": "::ffff:127.0.0.1",
            "method": "GET",
            "url": "/v1/self"
        },
        "message": "Operation is completed",
        "data": null
    }
}
{
    "level": "ERROR",
    "timestamp": "2024-09-26T11:35:50.733Z",
    "message": "Controller Response",
    "meta": {
        "success": false,
        "statusCode": 404,
        "request": {
            "ip": "::ffff:127.0.0.1",
            "method": "GET",
            "url": "/favicon.ico"
        },
        "message": "Route is not found",
        "data": null,
        "trace": {
            "error": "Error: Route is not found\n    at exports.default (C:\\Users\\Administrator\\Desktop\\Projects\\workspace\\base_server\\base_server\\src\\handlers\\notFound.ts:7:15)\n    at Layer.handle [as handle_request] (C:\\Users\\Administrator\\Desktop\\Projects\\workspace\\base_server\\base_server\\node_modules\\express\\lib\\router\\layer.js:95:5)\n    at trim_prefix (C:\\Users\\Administrator\\Desktop\\Projects\\workspace\\base_server\\base_server\\node_modules\\express\\lib\\router\\index.js:328:13)\n    at C:\\Users\\Administrator\\Desktop\\Projects\\workspace\\base_server\\base_server\\node_modules\\express\\lib\\router\\index.js:286:9\n    at Function.process_params (C:\\Users\\Administrator\\Desktop\\Projects\\workspace\\base_server\\base_server\\node_modules\\express\\lib\\router\\index.js:346:12)\n    at next (C:\\Users\\Administrator\\Desktop\\Projects\\workspace\\base_server\\base_server\\node_modules\\express\\lib\\router\\index.js:280:10)\n    at SendStream.error (C:\\Users\\Administrator\\Desktop\\Projects\\workspace\\base_server\\base_server\\node_modules\\serve-static\\index.js:121:7)\n    at SendStream.emit (node:events:518:28)\n    at SendStream.emit (node:domain:488:12)\n    at SendStream.error (C:\\Users\\Administrator\\Desktop\\Projects\\workspace\\base_server\\base_server\\node_modules\\send\\index.js:270:17)"
        }
    }
}
{
    "level": "INFO",
    "timestamp": "2024-09-26T11:35:51.378Z",
    "message": "Controller Response",
    "meta": {
        "success": true,
        "statusCode": 200,
        "request": {
            "ip": "::ffff:127.0.0.1",
            "method": "GET",
            "url": "/v1/self"
        },
        "message": "Operation is completed",
        "data": null
    }
}
{
    "level": "ERROR",
    "timestamp": "2024-09-26T11:35:51.423Z",
    "message": "Controller Response",
    "meta": {
        "success": false,
        "statusCode": 404,
        "request": {
            "ip": "::ffff:127.0.0.1",
            "method": "GET",
            "url": "/favicon.ico"
        },
        "message": "Route is not found",
        "data": null,
        "trace": {
            "error": "Error: Route is not found\n    at exports.default (C:\\Users\\Administrator\\Desktop\\Projects\\workspace\\base_server\\base_server\\src\\handlers\\notFound.ts:7:15)\n    at Layer.handle [as handle_request] (C:\\Users\\Administrator\\Desktop\\Projects\\workspace\\base_server\\base_server\\node_modules\\express\\lib\\router\\layer.js:95:5)\n    at trim_prefix (C:\\Users\\Administrator\\Desktop\\Projects\\workspace\\base_server\\base_server\\node_modules\\express\\lib\\router\\index.js:328:13)\n    at C:\\Users\\Administrator\\Desktop\\Projects\\workspace\\base_server\\base_server\\node_modules\\express\\lib\\router\\index.js:286:9\n    at Function.process_params (C:\\Users\\Administrator\\Desktop\\Projects\\workspace\\base_server\\base_server\\node_modules\\express\\lib\\router\\index.js:346:12)\n    at next (C:\\Users\\Administrator\\Desktop\\Projects\\workspace\\base_server\\base_server\\node_modules\\express\\lib\\router\\index.js:280:10)\n    at SendStream.error (C:\\Users\\Administrator\\Desktop\\Projects\\workspace\\base_server\\base_server\\node_modules\\serve-static\\index.js:121:7)\n    at SendStream.emit (node:events:518:28)\n    at SendStream.emit (node:domain:488:12)\n    at SendStream.error (C:\\Users\\Administrator\\Desktop\\Projects\\workspace\\base_server\\base_server\\node_modules\\send\\index.js:270:17)"
        }
    }
}
{
    "level": "INFO",
    "timestamp": "2024-09-26T11:35:52.051Z",
    "message": "Controller Response",
    "meta": {
        "success": true,
        "statusCode": 200,
        "request": {
            "ip": "::ffff:127.0.0.1",
            "method": "GET",
            "url": "/v1/self"
        },
        "message": "Operation is completed",
        "data": null
    }
}
{
    "level": "ERROR",
    "timestamp": "2024-09-26T11:35:52.093Z",
    "message": "Controller Response",
    "meta": {
        "success": false,
        "statusCode": 404,
        "request": {
            "ip": "::ffff:127.0.0.1",
            "method": "GET",
            "url": "/favicon.ico"
        },
        "message": "Route is not found",
        "data": null,
        "trace": {
            "error": "Error: Route is not found\n    at exports.default (C:\\Users\\Administrator\\Desktop\\Projects\\workspace\\base_server\\base_server\\src\\handlers\\notFound.ts:7:15)\n    at Layer.handle [as handle_request] (C:\\Users\\Administrator\\Desktop\\Projects\\workspace\\base_server\\base_server\\node_modules\\express\\lib\\router\\layer.js:95:5)\n    at trim_prefix (C:\\Users\\Administrator\\Desktop\\Projects\\workspace\\base_server\\base_server\\node_modules\\express\\lib\\router\\index.js:328:13)\n    at C:\\Users\\Administrator\\Desktop\\Projects\\workspace\\base_server\\base_server\\node_modules\\express\\lib\\router\\index.js:286:9\n    at Function.process_params (C:\\Users\\Administrator\\Desktop\\Projects\\workspace\\base_server\\base_server\\node_modules\\express\\lib\\router\\index.js:346:12)\n    at next (C:\\Users\\Administrator\\Desktop\\Projects\\workspace\\base_server\\base_server\\node_modules\\express\\lib\\router\\index.js:280:10)\n    at SendStream.error (C:\\Users\\Administrator\\Desktop\\Projects\\workspace\\base_server\\base_server\\node_modules\\serve-static\\index.js:121:7)\n    at SendStream.emit (node:events:518:28)\n    at SendStream.emit (node:domain:488:12)\n    at SendStream.error (C:\\Users\\Administrator\\Desktop\\Projects\\workspace\\base_server\\base_server\\node_modules\\send\\index.js:270:17)"
        }
    }
}
{
    "level": "INFO",
    "timestamp": "2024-09-26T11:35:52.759Z",
    "message": "Controller Response",
    "meta": {
        "success": true,
        "statusCode": 200,
        "request": {
            "ip": "::ffff:127.0.0.1",
            "method": "GET",
            "url": "/v1/self"
        },
        "message": "Operation is completed",
        "data": null
    }
}
{
    "level": "ERROR",
    "timestamp": "2024-09-26T11:35:52.806Z",
    "message": "Controller Response",
    "meta": {
        "success": false,
        "statusCode": 404,
        "request": {
            "ip": "::ffff:127.0.0.1",
            "method": "GET",
            "url": "/favicon.ico"
        },
        "message": "Route is not found",
        "data": null,
        "trace": {
            "error": "Error: Route is not found\n    at exports.default (C:\\Users\\Administrator\\Desktop\\Projects\\workspace\\base_server\\base_server\\src\\handlers\\notFound.ts:7:15)\n    at Layer.handle [as handle_request] (C:\\Users\\Administrator\\Desktop\\Projects\\workspace\\base_server\\base_server\\node_modules\\express\\lib\\router\\layer.js:95:5)\n    at trim_prefix (C:\\Users\\Administrator\\Desktop\\Projects\\workspace\\base_server\\base_server\\node_modules\\express\\lib\\router\\index.js:328:13)\n    at C:\\Users\\Administrator\\Desktop\\Projects\\workspace\\base_server\\base_server\\node_modules\\express\\lib\\router\\index.js:286:9\n    at Function.process_params (C:\\Users\\Administrator\\Desktop\\Projects\\workspace\\base_server\\base_server\\node_modules\\express\\lib\\router\\index.js:346:12)\n    at next (C:\\Users\\Administrator\\Desktop\\Projects\\workspace\\base_server\\base_server\\node_modules\\express\\lib\\router\\index.js:280:10)\n    at SendStream.error (C:\\Users\\Administrator\\Desktop\\Projects\\workspace\\base_server\\base_server\\node_modules\\serve-static\\index.js:121:7)\n    at SendStream.emit (node:events:518:28)\n    at SendStream.emit (node:domain:488:12)\n    at SendStream.error (C:\\Users\\Administrator\\Desktop\\Projects\\workspace\\base_server\\base_server\\node_modules\\send\\index.js:270:17)"
        }
    }
}
{
    "level": "INFO",
    "timestamp": "2024-09-26T11:35:53.472Z",
    "message": "Controller Response",
    "meta": {
        "success": true,
        "statusCode": 200,
        "request": {
            "ip": "::ffff:127.0.0.1",
            "method": "GET",
            "url": "/v1/self"
        },
        "message": "Operation is completed",
        "data": null
    }
}
{
    "level": "ERROR",
    "timestamp": "2024-09-26T11:35:53.520Z",
    "message": "Controller Response",
    "meta": {
        "success": false,
        "statusCode": 404,
        "request": {
            "ip": "::ffff:127.0.0.1",
            "method": "GET",
            "url": "/favicon.ico"
        },
        "message": "Route is not found",
        "data": null,
        "trace": {
            "error": "Error: Route is not found\n    at exports.default (C:\\Users\\Administrator\\Desktop\\Projects\\workspace\\base_server\\base_server\\src\\handlers\\notFound.ts:7:15)\n    at Layer.handle [as handle_request] (C:\\Users\\Administrator\\Desktop\\Projects\\workspace\\base_server\\base_server\\node_modules\\express\\lib\\router\\layer.js:95:5)\n    at trim_prefix (C:\\Users\\Administrator\\Desktop\\Projects\\workspace\\base_server\\base_server\\node_modules\\express\\lib\\router\\index.js:328:13)\n    at C:\\Users\\Administrator\\Desktop\\Projects\\workspace\\base_server\\base_server\\node_modules\\express\\lib\\router\\index.js:286:9\n    at Function.process_params (C:\\Users\\Administrator\\Desktop\\Projects\\workspace\\base_server\\base_server\\node_modules\\express\\lib\\router\\index.js:346:12)\n    at next (C:\\Users\\Administrator\\Desktop\\Projects\\workspace\\base_server\\base_server\\node_modules\\express\\lib\\router\\index.js:280:10)\n    at SendStream.error (C:\\Users\\Administrator\\Desktop\\Projects\\workspace\\base_server\\base_server\\node_modules\\serve-static\\index.js:121:7)\n    at SendStream.emit (node:events:518:28)\n    at SendStream.emit (node:domain:488:12)\n    at SendStream.error (C:\\Users\\Administrator\\Desktop\\Projects\\workspace\\base_server\\base_server\\node_modules\\send\\index.js:270:17)"
        }
    }
}
{
    "level": "INFO",
    "timestamp": "2024-09-26T11:35:54.187Z",
    "message": "Controller Response",
    "meta": {
        "success": true,
        "statusCode": 200,
        "request": {
            "ip": "::ffff:127.0.0.1",
            "method": "GET",
            "url": "/v1/self"
        },
        "message": "Operation is completed",
        "data": null
    }
}
{
    "level": "ERROR",
    "timestamp": "2024-09-26T11:35:54.228Z",
    "message": "Controller Response",
    "meta": {
        "success": false,
        "statusCode": 404,
        "request": {
            "ip": "::ffff:127.0.0.1",
            "method": "GET",
            "url": "/favicon.ico"
        },
        "message": "Route is not found",
        "data": null,
        "trace": {
            "error": "Error: Route is not found\n    at exports.default (C:\\Users\\Administrator\\Desktop\\Projects\\workspace\\base_server\\base_server\\src\\handlers\\notFound.ts:7:15)\n    at Layer.handle [as handle_request] (C:\\Users\\Administrator\\Desktop\\Projects\\workspace\\base_server\\base_server\\node_modules\\express\\lib\\router\\layer.js:95:5)\n    at trim_prefix (C:\\Users\\Administrator\\Desktop\\Projects\\workspace\\base_server\\base_server\\node_modules\\express\\lib\\router\\index.js:328:13)\n    at C:\\Users\\Administrator\\Desktop\\Projects\\workspace\\base_server\\base_server\\node_modules\\express\\lib\\router\\index.js:286:9\n    at Function.process_params (C:\\Users\\Administrator\\Desktop\\Projects\\workspace\\base_server\\base_server\\node_modules\\express\\lib\\router\\index.js:346:12)\n    at next (C:\\Users\\Administrator\\Desktop\\Projects\\workspace\\base_server\\base_server\\node_modules\\express\\lib\\router\\index.js:280:10)\n    at SendStream.error (C:\\Users\\Administrator\\Desktop\\Projects\\workspace\\base_server\\base_server\\node_modules\\serve-static\\index.js:121:7)\n    at SendStream.emit (node:events:518:28)\n    at SendStream.emit (node:domain:488:12)\n    at SendStream.error (C:\\Users\\Administrator\\Desktop\\Projects\\workspace\\base_server\\base_server\\node_modules\\send\\index.js:270:17)"
        }
    }
}
{
    "level": "INFO",
    "timestamp": "2024-09-26T11:35:54.900Z",
    "message": "Controller Response",
    "meta": {
        "success": true,
        "statusCode": 200,
        "request": {
            "ip": "::ffff:127.0.0.1",
            "method": "GET",
            "url": "/v1/self"
        },
        "message": "Operation is completed",
        "data": null
    }
}
{
    "level": "ERROR",
    "timestamp": "2024-09-26T11:35:54.938Z",
    "message": "Controller Response",
    "meta": {
        "success": false,
        "statusCode": 404,
        "request": {
            "ip": "::ffff:127.0.0.1",
            "method": "GET",
            "url": "/favicon.ico"
        },
        "message": "Route is not found",
        "data": null,
        "trace": {
            "error": "Error: Route is not found\n    at exports.default (C:\\Users\\Administrator\\Desktop\\Projects\\workspace\\base_server\\base_server\\src\\handlers\\notFound.ts:7:15)\n    at Layer.handle [as handle_request] (C:\\Users\\Administrator\\Desktop\\Projects\\workspace\\base_server\\base_server\\node_modules\\express\\lib\\router\\layer.js:95:5)\n    at trim_prefix (C:\\Users\\Administrator\\Desktop\\Projects\\workspace\\base_server\\base_server\\node_modules\\express\\lib\\router\\index.js:328:13)\n    at C:\\Users\\Administrator\\Desktop\\Projects\\workspace\\base_server\\base_server\\node_modules\\express\\lib\\router\\index.js:286:9\n    at Function.process_params (C:\\Users\\Administrator\\Desktop\\Projects\\workspace\\base_server\\base_server\\node_modules\\express\\lib\\router\\index.js:346:12)\n    at next (C:\\Users\\Administrator\\Desktop\\Projects\\workspace\\base_server\\base_server\\node_modules\\express\\lib\\router\\index.js:280:10)\n    at SendStream.error (C:\\Users\\Administrator\\Desktop\\Projects\\workspace\\base_server\\base_server\\node_modules\\serve-static\\index.js:121:7)\n    at SendStream.emit (node:events:518:28)\n    at SendStream.emit (node:domain:488:12)\n    at SendStream.error (C:\\Users\\Administrator\\Desktop\\Projects\\workspace\\base_server\\base_server\\node_modules\\send\\index.js:270:17)"
        }
    }
}
{
    "level": "INFO",
    "timestamp": "2024-09-26T11:35:55.491Z",
    "message": "Controller Response",
    "meta": {
        "success": true,
        "statusCode": 200,
        "request": {
            "ip": "::ffff:127.0.0.1",
            "method": "GET",
            "url": "/v1/self"
        },
        "message": "Operation is completed",
        "data": null
    }
}
{
    "level": "ERROR",
    "timestamp": "2024-09-26T11:35:55.525Z",
    "message": "Controller Response",
    "meta": {
        "success": false,
        "statusCode": 404,
        "request": {
            "ip": "::ffff:127.0.0.1",
            "method": "GET",
            "url": "/favicon.ico"
        },
        "message": "Route is not found",
        "data": null,
        "trace": {
            "error": "Error: Route is not found\n    at exports.default (C:\\Users\\Administrator\\Desktop\\Projects\\workspace\\base_server\\base_server\\src\\handlers\\notFound.ts:7:15)\n    at Layer.handle [as handle_request] (C:\\Users\\Administrator\\Desktop\\Projects\\workspace\\base_server\\base_server\\node_modules\\express\\lib\\router\\layer.js:95:5)\n    at trim_prefix (C:\\Users\\Administrator\\Desktop\\Projects\\workspace\\base_server\\base_server\\node_modules\\express\\lib\\router\\index.js:328:13)\n    at C:\\Users\\Administrator\\Desktop\\Projects\\workspace\\base_server\\base_server\\node_modules\\express\\lib\\router\\index.js:286:9\n    at Function.process_params (C:\\Users\\Administrator\\Desktop\\Projects\\workspace\\base_server\\base_server\\node_modules\\express\\lib\\router\\index.js:346:12)\n    at next (C:\\Users\\Administrator\\Desktop\\Projects\\workspace\\base_server\\base_server\\node_modules\\express\\lib\\router\\index.js:280:10)\n    at SendStream.error (C:\\Users\\Administrator\\Desktop\\Projects\\workspace\\base_server\\base_server\\node_modules\\serve-static\\index.js:121:7)\n    at SendStream.emit (node:events:518:28)\n    at SendStream.emit (node:domain:488:12)\n    at SendStream.error (C:\\Users\\Administrator\\Desktop\\Projects\\workspace\\base_server\\base_server\\node_modules\\send\\index.js:270:17)"
        }
    }
}
{
    "level": "INFO",
    "timestamp": "2024-09-26T11:35:55.686Z",
    "message": "Controller Response",
    "meta": {
        "success": true,
        "statusCode": 200,
        "request": {
            "ip": "::ffff:127.0.0.1",
            "method": "GET",
            "url": "/v1/self"
        },
        "message": "Operation is completed",
        "data": null
    }
}
{
    "level": "ERROR",
    "timestamp": "2024-09-26T11:35:55.728Z",
    "message": "Controller Response",
    "meta": {
        "success": false,
        "statusCode": 404,
        "request": {
            "ip": "::ffff:127.0.0.1",
            "method": "GET",
            "url": "/favicon.ico"
        },
        "message": "Route is not found",
        "data": null,
        "trace": {
            "error": "Error: Route is not found\n    at exports.default (C:\\Users\\Administrator\\Desktop\\Projects\\workspace\\base_server\\base_server\\src\\handlers\\notFound.ts:7:15)\n    at Layer.handle [as handle_request] (C:\\Users\\Administrator\\Desktop\\Projects\\workspace\\base_server\\base_server\\node_modules\\express\\lib\\router\\layer.js:95:5)\n    at trim_prefix (C:\\Users\\Administrator\\Desktop\\Projects\\workspace\\base_server\\base_server\\node_modules\\express\\lib\\router\\index.js:328:13)\n    at C:\\Users\\Administrator\\Desktop\\Projects\\workspace\\base_server\\base_server\\node_modules\\express\\lib\\router\\index.js:286:9\n    at Function.process_params (C:\\Users\\Administrator\\Desktop\\Projects\\workspace\\base_server\\base_server\\node_modules\\express\\lib\\router\\index.js:346:12)\n    at next (C:\\Users\\Administrator\\Desktop\\Projects\\workspace\\base_server\\base_server\\node_modules\\express\\lib\\router\\index.js:280:10)\n    at SendStream.error (C:\\Users\\Administrator\\Desktop\\Projects\\workspace\\base_server\\base_server\\node_modules\\serve-static\\index.js:121:7)\n    at SendStream.emit (node:events:518:28)\n    at SendStream.emit (node:domain:488:12)\n    at SendStream.error (C:\\Users\\Administrator\\Desktop\\Projects\\workspace\\base_server\\base_server\\node_modules\\send\\index.js:270:17)"
        }
    }
}
{
    "level": "INFO",
    "timestamp": "2024-09-26T11:35:55.885Z",
    "message": "Controller Response",
    "meta": {
        "success": true,
        "statusCode": 200,
        "request": {
            "ip": "::ffff:127.0.0.1",
            "method": "GET",
            "url": "/v1/self"
        },
        "message": "Operation is completed",
        "data": null
    }
}
{
    "level": "ERROR",
    "timestamp": "2024-09-26T11:35:55.922Z",
    "message": "Controller Response",
    "meta": {
        "success": false,
        "statusCode": 404,
        "request": {
            "ip": "::ffff:127.0.0.1",
            "method": "GET",
            "url": "/favicon.ico"
        },
        "message": "Route is not found",
        "data": null,
        "trace": {
            "error": "Error: Route is not found\n    at exports.default (C:\\Users\\Administrator\\Desktop\\Projects\\workspace\\base_server\\base_server\\src\\handlers\\notFound.ts:7:15)\n    at Layer.handle [as handle_request] (C:\\Users\\Administrator\\Desktop\\Projects\\workspace\\base_server\\base_server\\node_modules\\express\\lib\\router\\layer.js:95:5)\n    at trim_prefix (C:\\Users\\Administrator\\Desktop\\Projects\\workspace\\base_server\\base_server\\node_modules\\express\\lib\\router\\index.js:328:13)\n    at C:\\Users\\Administrator\\Desktop\\Projects\\workspace\\base_server\\base_server\\node_modules\\express\\lib\\router\\index.js:286:9\n    at Function.process_params (C:\\Users\\Administrator\\Desktop\\Projects\\workspace\\base_server\\base_server\\node_modules\\express\\lib\\router\\index.js:346:12)\n    at next (C:\\Users\\Administrator\\Desktop\\Projects\\workspace\\base_server\\base_server\\node_modules\\express\\lib\\router\\index.js:280:10)\n    at SendStream.error (C:\\Users\\Administrator\\Desktop\\Projects\\workspace\\base_server\\base_server\\node_modules\\serve-static\\index.js:121:7)\n    at SendStream.emit (node:events:518:28)\n    at SendStream.emit (node:domain:488:12)\n    at SendStream.error (C:\\Users\\Administrator\\Desktop\\Projects\\workspace\\base_server\\base_server\\node_modules\\send\\index.js:270:17)"
        }
    }
}
{
    "level": "INFO",
    "timestamp": "2024-09-26T11:35:56.054Z",
    "message": "Controller Response",
    "meta": {
        "success": true,
        "statusCode": 200,
        "request": {
            "ip": "::ffff:127.0.0.1",
            "method": "GET",
            "url": "/v1/self"
        },
        "message": "Operation is completed",
        "data": null
    }
}
{
    "level": "ERROR",
    "timestamp": "2024-09-26T11:35:56.104Z",
    "message": "Controller Response",
    "meta": {
        "success": false,
        "statusCode": 404,
        "request": {
            "ip": "::ffff:127.0.0.1",
            "method": "GET",
            "url": "/favicon.ico"
        },
        "message": "Route is not found",
        "data": null,
        "trace": {
            "error": "Error: Route is not found\n    at exports.default (C:\\Users\\Administrator\\Desktop\\Projects\\workspace\\base_server\\base_server\\src\\handlers\\notFound.ts:7:15)\n    at Layer.handle [as handle_request] (C:\\Users\\Administrator\\Desktop\\Projects\\workspace\\base_server\\base_server\\node_modules\\express\\lib\\router\\layer.js:95:5)\n    at trim_prefix (C:\\Users\\Administrator\\Desktop\\Projects\\workspace\\base_server\\base_server\\node_modules\\express\\lib\\router\\index.js:328:13)\n    at C:\\Users\\Administrator\\Desktop\\Projects\\workspace\\base_server\\base_server\\node_modules\\express\\lib\\router\\index.js:286:9\n    at Function.process_params (C:\\Users\\Administrator\\Desktop\\Projects\\workspace\\base_server\\base_server\\node_modules\\express\\lib\\router\\index.js:346:12)\n    at next (C:\\Users\\Administrator\\Desktop\\Projects\\workspace\\base_server\\base_server\\node_modules\\express\\lib\\router\\index.js:280:10)\n    at SendStream.error (C:\\Users\\Administrator\\Desktop\\Projects\\workspace\\base_server\\base_server\\node_modules\\serve-static\\index.js:121:7)\n    at SendStream.emit (node:events:518:28)\n    at SendStream.emit (node:domain:488:12)\n    at SendStream.error (C:\\Users\\Administrator\\Desktop\\Projects\\workspace\\base_server\\base_server\\node_modules\\send\\index.js:270:17)"
        }
    }
}
{
    "level": "INFO",
    "timestamp": "2024-09-26T11:35:56.217Z",
    "message": "Controller Response",
    "meta": {
        "success": true,
        "statusCode": 200,
        "request": {
            "ip": "::ffff:127.0.0.1",
            "method": "GET",
            "url": "/v1/self"
        },
        "message": "Operation is completed",
        "data": null
    }
}
{
    "level": "ERROR",
    "timestamp": "2024-09-26T11:35:56.255Z",
    "message": "Controller Response",
    "meta": {
        "success": false,
        "statusCode": 404,
        "request": {
            "ip": "::ffff:127.0.0.1",
            "method": "GET",
            "url": "/favicon.ico"
        },
        "message": "Route is not found",
        "data": null,
        "trace": {
            "error": "Error: Route is not found\n    at exports.default (C:\\Users\\Administrator\\Desktop\\Projects\\workspace\\base_server\\base_server\\src\\handlers\\notFound.ts:7:15)\n    at Layer.handle [as handle_request] (C:\\Users\\Administrator\\Desktop\\Projects\\workspace\\base_server\\base_server\\node_modules\\express\\lib\\router\\layer.js:95:5)\n    at trim_prefix (C:\\Users\\Administrator\\Desktop\\Projects\\workspace\\base_server\\base_server\\node_modules\\express\\lib\\router\\index.js:328:13)\n    at C:\\Users\\Administrator\\Desktop\\Projects\\workspace\\base_server\\base_server\\node_modules\\express\\lib\\router\\index.js:286:9\n    at Function.process_params (C:\\Users\\Administrator\\Desktop\\Projects\\workspace\\base_server\\base_server\\node_modules\\express\\lib\\router\\index.js:346:12)\n    at next (C:\\Users\\Administrator\\Desktop\\Projects\\workspace\\base_server\\base_server\\node_modules\\express\\lib\\router\\index.js:280:10)\n    at SendStream.error (C:\\Users\\Administrator\\Desktop\\Projects\\workspace\\base_server\\base_server\\node_modules\\serve-static\\index.js:121:7)\n    at SendStream.emit (node:events:518:28)\n    at SendStream.emit (node:domain:488:12)\n    at SendStream.error (C:\\Users\\Administrator\\Desktop\\Projects\\workspace\\base_server\\base_server\\node_modules\\send\\index.js:270:17)"
        }
    }
}
{
    "level": "INFO",
    "timestamp": "2024-09-26T11:35:56.375Z",
    "message": "Controller Response",
    "meta": {
        "success": true,
        "statusCode": 200,
        "request": {
            "ip": "::ffff:127.0.0.1",
            "method": "GET",
            "url": "/v1/self"
        },
        "message": "Operation is completed",
        "data": null
    }
}
{
    "level": "ERROR",
    "timestamp": "2024-09-26T11:35:56.419Z",
    "message": "Controller Response",
    "meta": {
        "success": false,
        "statusCode": 404,
        "request": {
            "ip": "::ffff:127.0.0.1",
            "method": "GET",
            "url": "/favicon.ico"
        },
        "message": "Route is not found",
        "data": null,
        "trace": {
            "error": "Error: Route is not found\n    at exports.default (C:\\Users\\Administrator\\Desktop\\Projects\\workspace\\base_server\\base_server\\src\\handlers\\notFound.ts:7:15)\n    at Layer.handle [as handle_request] (C:\\Users\\Administrator\\Desktop\\Projects\\workspace\\base_server\\base_server\\node_modules\\express\\lib\\router\\layer.js:95:5)\n    at trim_prefix (C:\\Users\\Administrator\\Desktop\\Projects\\workspace\\base_server\\base_server\\node_modules\\express\\lib\\router\\index.js:328:13)\n    at C:\\Users\\Administrator\\Desktop\\Projects\\workspace\\base_server\\base_server\\node_modules\\express\\lib\\router\\index.js:286:9\n    at Function.process_params (C:\\Users\\Administrator\\Desktop\\Projects\\workspace\\base_server\\base_server\\node_modules\\express\\lib\\router\\index.js:346:12)\n    at next (C:\\Users\\Administrator\\Desktop\\Projects\\workspace\\base_server\\base_server\\node_modules\\express\\lib\\router\\index.js:280:10)\n    at SendStream.error (C:\\Users\\Administrator\\Desktop\\Projects\\workspace\\base_server\\base_server\\node_modules\\serve-static\\index.js:121:7)\n    at SendStream.emit (node:events:518:28)\n    at SendStream.emit (node:domain:488:12)\n    at SendStream.error (C:\\Users\\Administrator\\Desktop\\Projects\\workspace\\base_server\\base_server\\node_modules\\send\\index.js:270:17)"
        }
    }
}
{
    "level": "INFO",
    "timestamp": "2024-09-26T11:35:56.600Z",
    "message": "Controller Response",
    "meta": {
        "success": true,
        "statusCode": 200,
        "request": {
            "ip": "::ffff:127.0.0.1",
            "method": "GET",
            "url": "/v1/self"
        },
        "message": "Operation is completed",
        "data": null
    }
}
{
    "level": "ERROR",
    "timestamp": "2024-09-26T11:35:56.640Z",
    "message": "Controller Response",
    "meta": {
        "success": false,
        "statusCode": 404,
        "request": {
            "ip": "::ffff:127.0.0.1",
            "method": "GET",
            "url": "/favicon.ico"
        },
        "message": "Route is not found",
        "data": null,
        "trace": {
            "error": "Error: Route is not found\n    at exports.default (C:\\Users\\Administrator\\Desktop\\Projects\\workspace\\base_server\\base_server\\src\\handlers\\notFound.ts:7:15)\n    at Layer.handle [as handle_request] (C:\\Users\\Administrator\\Desktop\\Projects\\workspace\\base_server\\base_server\\node_modules\\express\\lib\\router\\layer.js:95:5)\n    at trim_prefix (C:\\Users\\Administrator\\Desktop\\Projects\\workspace\\base_server\\base_server\\node_modules\\express\\lib\\router\\index.js:328:13)\n    at C:\\Users\\Administrator\\Desktop\\Projects\\workspace\\base_server\\base_server\\node_modules\\express\\lib\\router\\index.js:286:9\n    at Function.process_params (C:\\Users\\Administrator\\Desktop\\Projects\\workspace\\base_server\\base_server\\node_modules\\express\\lib\\router\\index.js:346:12)\n    at next (C:\\Users\\Administrator\\Desktop\\Projects\\workspace\\base_server\\base_server\\node_modules\\express\\lib\\router\\index.js:280:10)\n    at SendStream.error (C:\\Users\\Administrator\\Desktop\\Projects\\workspace\\base_server\\base_server\\node_modules\\serve-static\\index.js:121:7)\n    at SendStream.emit (node:events:518:28)\n    at SendStream.emit (node:domain:488:12)\n    at SendStream.error (C:\\Users\\Administrator\\Desktop\\Projects\\workspace\\base_server\\base_server\\node_modules\\send\\index.js:270:17)"
        }
    }
}
{
    "level": "INFO",
    "timestamp": "2024-09-26T11:37:07.212Z",
    "message": "Database connection",
    "meta": {
        "CONNECTION_NAME": "base"
    }
}
{
    "level": "INFO",
    "timestamp": "2024-09-26T11:37:07.233Z",
    "message": "Rate limiter initiated",
    "meta": {}
}
{
    "level": "INFO",
    "timestamp": "2024-09-26T11:37:07.234Z",
    "message": "Application started",
    "meta": {
        "PORT": "3000",
        "SERVER_URL": "http://localhost:3000"
    }
}
{
    "level": "INFO",
    "timestamp": "2024-09-26T11:37:10.965Z",
    "message": "Controller Response",
    "meta": {
        "success": true,
        "statusCode": 200,
        "request": {
            "ip": "::ffff:127.0.0.1",
            "method": "GET",
            "url": "/v1/self"
        },
        "message": "Operation is completed",
        "data": null
    }
}
{
    "level": "INFO",
    "timestamp": "2024-09-26T11:46:27.128Z",
    "message": "Database connection",
    "meta": {
        "CONNECTION_NAME": "base"
    }
}
{
    "level": "INFO",
    "timestamp": "2024-09-26T11:46:27.143Z",
    "message": "Rate limiter initiated",
    "meta": {}
}
{
    "level": "INFO",
    "timestamp": "2024-09-26T11:46:27.144Z",
    "message": "Application started",
    "meta": {
        "PORT": "3000",
        "SERVER_URL": "http://localhost:3000"
    }
}
{
    "level": "INFO",
    "timestamp": "2024-09-26T11:47:20.524Z",
    "message": "Database connection",
    "meta": {
        "CONNECTION_NAME": "base"
    }
}
{
    "level": "INFO",
    "timestamp": "2024-09-26T11:47:20.535Z",
    "message": "Rate limiter initiated",
    "meta": {}
}
{
    "level": "INFO",
    "timestamp": "2024-09-26T11:47:20.536Z",
    "message": "Application started",
    "meta": {
        "PORT": "3000",
        "SERVER_URL": "http://localhost:3000"
    }
}
{
    "level": "INFO",
    "timestamp": "2024-09-26T11:48:45.237Z",
    "message": "Database connection",
    "meta": {
        "CONNECTION_NAME": "base"
    }
}
{
    "level": "INFO",
    "timestamp": "2024-09-26T11:48:45.246Z",
    "message": "Rate limiter initiated",
    "meta": {}
}
{
    "level": "INFO",
    "timestamp": "2024-09-26T11:48:45.248Z",
    "message": "Application started",
    "meta": {
        "PORT": "3000",
        "SERVER_URL": "http://localhost:3000"
    }
}
{
    "level": "INFO",
    "timestamp": "2024-09-26T11:49:17.951Z",
    "message": "Database connection",
    "meta": {
        "CONNECTION_NAME": "base"
    }
}
{
    "level": "INFO",
    "timestamp": "2024-09-26T11:49:17.959Z",
    "message": "Rate limiter initiated",
    "meta": {}
}
{
    "level": "INFO",
    "timestamp": "2024-09-26T11:49:17.960Z",
    "message": "Application started",
    "meta": {
        "PORT": "3000",
        "SERVER_URL": "http://localhost:3000"
    }
}
{
    "level": "INFO",
    "timestamp": "2024-09-26T11:49:24.812Z",
    "message": "Controller Response",
    "meta": {
        "success": true,
        "statusCode": 200,
        "request": {
            "ip": "::1",
            "method": "GET",
            "url": "/v1/self"
        },
        "message": "Operation is completed",
        "data": null
    }
}
{
    "level": "INFO",
    "timestamp": "2024-09-26T11:49:25.431Z",
    "message": "Controller Response",
    "meta": {
        "success": true,
        "statusCode": 200,
        "request": {
            "ip": "::1",
            "method": "GET",
            "url": "/v1/self"
        },
        "message": "Operation is completed",
        "data": null
    }
}
{
    "level": "INFO",
    "timestamp": "2024-09-26T11:49:54.677Z",
    "message": "Controller Response",
    "meta": {
        "success": true,
        "statusCode": 200,
        "request": {
            "ip": "::1",
            "method": "GET",
            "url": "/v1/health"
        },
        "message": "Operation is completed",
        "data": {
            "application": {
                "environment": "development",
                "uptime": "40.59 Second",
                "memoryUsage": {
                    "heapTotal": "150.32 MB",
                    "heapUsed": "146.50 MB"
                }
            },
            "system": {
                "cpuUsage": [
                    0,
                    0,
                    0
                ],
                "totalMemory": "7502.02 MB",
                "freeMemory": "838.30 MB"
            },
            "timeStamp": 1727351394677
        }
    }
}
{
    "level": "INFO",
    "timestamp": "2024-09-26T11:50:12.352Z",
    "message": "Controller Response",
    "meta": {
        "success": true,
        "statusCode": 200,
        "request": {
            "ip": "::1",
            "method": "GET",
            "url": "/v1/self"
        },
        "message": "Operation is completed",
        "data": null
    }
}
{
    "level": "INFO",
    "timestamp": "2024-09-26T11:50:12.901Z",
    "message": "Controller Response",
    "meta": {
        "success": true,
        "statusCode": 200,
        "request": {
            "ip": "::1",
            "method": "GET",
            "url": "/v1/self"
        },
        "message": "Operation is completed",
        "data": null
    }
}
{
    "level": "INFO",
    "timestamp": "2024-09-26T11:50:13.935Z",
    "message": "Controller Response",
    "meta": {
        "success": true,
        "statusCode": 200,
        "request": {
            "ip": "::1",
            "method": "GET",
            "url": "/v1/self"
        },
        "message": "Operation is completed",
        "data": null
    }
}
{
    "level": "INFO",
    "timestamp": "2024-09-26T11:50:14.893Z",
    "message": "Controller Response",
    "meta": {
        "success": true,
        "statusCode": 200,
        "request": {
            "ip": "::1",
            "method": "GET",
            "url": "/v1/self"
        },
        "message": "Operation is completed",
        "data": null
    }
}
{
    "level": "INFO",
    "timestamp": "2024-09-26T11:50:15.770Z",
    "message": "Controller Response",
    "meta": {
        "success": true,
        "statusCode": 200,
        "request": {
            "ip": "::1",
            "method": "GET",
            "url": "/v1/self"
        },
        "message": "Operation is completed",
        "data": null
    }
}
{
    "level": "INFO",
    "timestamp": "2024-09-26T11:50:16.714Z",
    "message": "Controller Response",
    "meta": {
        "success": true,
        "statusCode": 200,
        "request": {
            "ip": "::1",
            "method": "GET",
            "url": "/v1/self"
        },
        "message": "Operation is completed",
        "data": null
    }
}
{
    "level": "INFO",
    "timestamp": "2024-09-26T11:50:17.449Z",
    "message": "Controller Response",
    "meta": {
        "success": true,
        "statusCode": 200,
        "request": {
            "ip": "::1",
            "method": "GET",
            "url": "/v1/self"
        },
        "message": "Operation is completed",
        "data": null
    }
}
{
    "level": "INFO",
    "timestamp": "2024-09-26T11:50:18.253Z",
    "message": "Controller Response",
    "meta": {
        "success": true,
        "statusCode": 200,
        "request": {
            "ip": "::1",
            "method": "GET",
            "url": "/v1/self"
        },
        "message": "Operation is completed",
        "data": null
    }
}
{
    "level": "ERROR",
    "timestamp": "2024-09-26T11:50:19.096Z",
    "message": "Controller Response",
    "meta": {
        "success": false,
        "statusCode": 429,
        "request": {
            "ip": "::1",
            "method": "GET",
            "url": "/v1/self"
        },
        "message": "So many requests",
        "data": null,
        "trace": {
            "error": "Error: So many requests\n    at C:\\Users\\Administrator\\Desktop\\Projects\\workspace\\base_server\\base_server\\src\\middlewares\\rateLimiter.ts:21:33\n    at processTicksAndRejections (node:internal/process/task_queues:95:5)"
        }
    }
}
{
    "level": "ERROR",
    "timestamp": "2024-09-26T11:50:19.949Z",
    "message": "Controller Response",
    "meta": {
        "success": false,
        "statusCode": 429,
        "request": {
            "ip": "::1",
            "method": "GET",
            "url": "/v1/self"
        },
        "message": "So many requests",
        "data": null,
        "trace": {
            "error": "Error: So many requests\n    at C:\\Users\\Administrator\\Desktop\\Projects\\workspace\\base_server\\base_server\\src\\middlewares\\rateLimiter.ts:21:33\n    at processTicksAndRejections (node:internal/process/task_queues:95:5)"
        }
    }
}
{
    "level": "ERROR",
    "timestamp": "2024-09-26T11:50:21.000Z",
    "message": "Controller Response",
    "meta": {
        "success": false,
        "statusCode": 429,
        "request": {
            "ip": "::1",
            "method": "GET",
            "url": "/v1/self"
        },
        "message": "So many requests",
        "data": null,
        "trace": {
            "error": "Error: So many requests\n    at C:\\Users\\Administrator\\Desktop\\Projects\\workspace\\base_server\\base_server\\src\\middlewares\\rateLimiter.ts:21:33\n    at processTicksAndRejections (node:internal/process/task_queues:95:5)"
        }
    }
}
{
    "level": "ERROR",
    "timestamp": "2024-09-26T11:50:21.964Z",
    "message": "Controller Response",
    "meta": {
        "success": false,
        "statusCode": 429,
        "request": {
            "ip": "::1",
            "method": "GET",
            "url": "/v1/self"
        },
        "message": "So many requests",
        "data": null,
        "trace": {
            "error": "Error: So many requests\n    at C:\\Users\\Administrator\\Desktop\\Projects\\workspace\\base_server\\base_server\\src\\middlewares\\rateLimiter.ts:21:33\n    at processTicksAndRejections (node:internal/process/task_queues:95:5)"
        }
    }
}
{
    "level": "ERROR",
    "timestamp": "2024-09-26T11:50:22.909Z",
    "message": "Controller Response",
    "meta": {
        "success": false,
        "statusCode": 429,
        "request": {
            "ip": "::1",
            "method": "GET",
            "url": "/v1/self"
        },
        "message": "So many requests",
        "data": null,
        "trace": {
            "error": "Error: So many requests\n    at C:\\Users\\Administrator\\Desktop\\Projects\\workspace\\base_server\\base_server\\src\\middlewares\\rateLimiter.ts:21:33\n    at processTicksAndRejections (node:internal/process/task_queues:95:5)"
        }
    }
}
{
    "level": "ERROR",
    "timestamp": "2024-09-26T11:50:23.738Z",
    "message": "Controller Response",
    "meta": {
        "success": false,
        "statusCode": 429,
        "request": {
            "ip": "::1",
            "method": "GET",
            "url": "/v1/self"
        },
        "message": "So many requests",
        "data": null,
        "trace": {
            "error": "Error: So many requests\n    at C:\\Users\\Administrator\\Desktop\\Projects\\workspace\\base_server\\base_server\\src\\middlewares\\rateLimiter.ts:21:33\n    at processTicksAndRejections (node:internal/process/task_queues:95:5)"
        }
    }
}
{
    "level": "INFO",
    "timestamp": "2024-09-26T11:51:28.771Z",
    "message": "Controller Response",
    "meta": {
        "success": true,
        "statusCode": 200,
        "request": {
            "ip": "::ffff:127.0.0.1",
            "method": "GET",
            "url": "/v1/self"
        },
        "message": "Operation is completed",
        "data": null
    }
}
{
    "level": "ERROR",
    "timestamp": "2024-09-26T11:51:28.915Z",
    "message": "Controller Response",
    "meta": {
        "success": false,
        "statusCode": 404,
        "request": {
            "ip": "::ffff:127.0.0.1",
            "method": "GET",
            "url": "/favicon.ico"
        },
        "message": "Route is not found",
        "data": null,
        "trace": {
            "error": "Error: Route is not found\n    at exports.default (C:\\Users\\Administrator\\Desktop\\Projects\\workspace\\base_server\\base_server\\src\\handlers\\notFound.ts:7:15)\n    at Layer.handle [as handle_request] (C:\\Users\\Administrator\\Desktop\\Projects\\workspace\\base_server\\base_server\\node_modules\\express\\lib\\router\\layer.js:95:5)\n    at trim_prefix (C:\\Users\\Administrator\\Desktop\\Projects\\workspace\\base_server\\base_server\\node_modules\\express\\lib\\router\\index.js:328:13)\n    at C:\\Users\\Administrator\\Desktop\\Projects\\workspace\\base_server\\base_server\\node_modules\\express\\lib\\router\\index.js:286:9\n    at Function.process_params (C:\\Users\\Administrator\\Desktop\\Projects\\workspace\\base_server\\base_server\\node_modules\\express\\lib\\router\\index.js:346:12)\n    at next (C:\\Users\\Administrator\\Desktop\\Projects\\workspace\\base_server\\base_server\\node_modules\\express\\lib\\router\\index.js:280:10)\n    at SendStream.error (C:\\Users\\Administrator\\Desktop\\Projects\\workspace\\base_server\\base_server\\node_modules\\serve-static\\index.js:121:7)\n    at SendStream.emit (node:events:518:28)\n    at SendStream.emit (node:domain:488:12)\n    at SendStream.error (C:\\Users\\Administrator\\Desktop\\Projects\\workspace\\base_server\\base_server\\node_modules\\send\\index.js:270:17)"
        }
    }
}
{
    "level": "INFO",
    "timestamp": "2024-09-26T11:51:35.999Z",
    "message": "Controller Response",
    "meta": {
        "success": true,
        "statusCode": 200,
        "request": {
            "ip": "::ffff:127.0.0.1",
            "method": "GET",
            "url": "/v1/self"
        },
        "message": "Operation is completed",
        "data": null
    }
}
{
    "level": "ERROR",
    "timestamp": "2024-09-26T11:51:36.058Z",
    "message": "Controller Response",
    "meta": {
        "success": false,
        "statusCode": 404,
        "request": {
            "ip": "::ffff:127.0.0.1",
            "method": "GET",
            "url": "/favicon.ico"
        },
        "message": "Route is not found",
        "data": null,
        "trace": {
            "error": "Error: Route is not found\n    at exports.default (C:\\Users\\Administrator\\Desktop\\Projects\\workspace\\base_server\\base_server\\src\\handlers\\notFound.ts:7:15)\n    at Layer.handle [as handle_request] (C:\\Users\\Administrator\\Desktop\\Projects\\workspace\\base_server\\base_server\\node_modules\\express\\lib\\router\\layer.js:95:5)\n    at trim_prefix (C:\\Users\\Administrator\\Desktop\\Projects\\workspace\\base_server\\base_server\\node_modules\\express\\lib\\router\\index.js:328:13)\n    at C:\\Users\\Administrator\\Desktop\\Projects\\workspace\\base_server\\base_server\\node_modules\\express\\lib\\router\\index.js:286:9\n    at Function.process_params (C:\\Users\\Administrator\\Desktop\\Projects\\workspace\\base_server\\base_server\\node_modules\\express\\lib\\router\\index.js:346:12)\n    at next (C:\\Users\\Administrator\\Desktop\\Projects\\workspace\\base_server\\base_server\\node_modules\\express\\lib\\router\\index.js:280:10)\n    at SendStream.error (C:\\Users\\Administrator\\Desktop\\Projects\\workspace\\base_server\\base_server\\node_modules\\serve-static\\index.js:121:7)\n    at SendStream.emit (node:events:518:28)\n    at SendStream.emit (node:domain:488:12)\n    at SendStream.error (C:\\Users\\Administrator\\Desktop\\Projects\\workspace\\base_server\\base_server\\node_modules\\send\\index.js:270:17)"
        }
    }
}
{
    "level": "INFO",
    "timestamp": "2024-09-26T11:51:36.682Z",
    "message": "Controller Response",
    "meta": {
        "success": true,
        "statusCode": 200,
        "request": {
            "ip": "::ffff:127.0.0.1",
            "method": "GET",
            "url": "/v1/self"
        },
        "message": "Operation is completed",
        "data": null
    }
}
{
    "level": "ERROR",
    "timestamp": "2024-09-26T11:51:36.729Z",
    "message": "Controller Response",
    "meta": {
        "success": false,
        "statusCode": 404,
        "request": {
            "ip": "::ffff:127.0.0.1",
            "method": "GET",
            "url": "/favicon.ico"
        },
        "message": "Route is not found",
        "data": null,
        "trace": {
            "error": "Error: Route is not found\n    at exports.default (C:\\Users\\Administrator\\Desktop\\Projects\\workspace\\base_server\\base_server\\src\\handlers\\notFound.ts:7:15)\n    at Layer.handle [as handle_request] (C:\\Users\\Administrator\\Desktop\\Projects\\workspace\\base_server\\base_server\\node_modules\\express\\lib\\router\\layer.js:95:5)\n    at trim_prefix (C:\\Users\\Administrator\\Desktop\\Projects\\workspace\\base_server\\base_server\\node_modules\\express\\lib\\router\\index.js:328:13)\n    at C:\\Users\\Administrator\\Desktop\\Projects\\workspace\\base_server\\base_server\\node_modules\\express\\lib\\router\\index.js:286:9\n    at Function.process_params (C:\\Users\\Administrator\\Desktop\\Projects\\workspace\\base_server\\base_server\\node_modules\\express\\lib\\router\\index.js:346:12)\n    at next (C:\\Users\\Administrator\\Desktop\\Projects\\workspace\\base_server\\base_server\\node_modules\\express\\lib\\router\\index.js:280:10)\n    at SendStream.error (C:\\Users\\Administrator\\Desktop\\Projects\\workspace\\base_server\\base_server\\node_modules\\serve-static\\index.js:121:7)\n    at SendStream.emit (node:events:518:28)\n    at SendStream.emit (node:domain:488:12)\n    at SendStream.error (C:\\Users\\Administrator\\Desktop\\Projects\\workspace\\base_server\\base_server\\node_modules\\send\\index.js:270:17)"
        }
    }
}
{
    "level": "INFO",
    "timestamp": "2024-09-26T11:51:37.290Z",
    "message": "Controller Response",
    "meta": {
        "success": true,
        "statusCode": 200,
        "request": {
            "ip": "::ffff:127.0.0.1",
            "method": "GET",
            "url": "/v1/self"
        },
        "message": "Operation is completed",
        "data": null
    }
}
{
    "level": "ERROR",
    "timestamp": "2024-09-26T11:51:37.329Z",
    "message": "Controller Response",
    "meta": {
        "success": false,
        "statusCode": 404,
        "request": {
            "ip": "::ffff:127.0.0.1",
            "method": "GET",
            "url": "/favicon.ico"
        },
        "message": "Route is not found",
        "data": null,
        "trace": {
            "error": "Error: Route is not found\n    at exports.default (C:\\Users\\Administrator\\Desktop\\Projects\\workspace\\base_server\\base_server\\src\\handlers\\notFound.ts:7:15)\n    at Layer.handle [as handle_request] (C:\\Users\\Administrator\\Desktop\\Projects\\workspace\\base_server\\base_server\\node_modules\\express\\lib\\router\\layer.js:95:5)\n    at trim_prefix (C:\\Users\\Administrator\\Desktop\\Projects\\workspace\\base_server\\base_server\\node_modules\\express\\lib\\router\\index.js:328:13)\n    at C:\\Users\\Administrator\\Desktop\\Projects\\workspace\\base_server\\base_server\\node_modules\\express\\lib\\router\\index.js:286:9\n    at Function.process_params (C:\\Users\\Administrator\\Desktop\\Projects\\workspace\\base_server\\base_server\\node_modules\\express\\lib\\router\\index.js:346:12)\n    at next (C:\\Users\\Administrator\\Desktop\\Projects\\workspace\\base_server\\base_server\\node_modules\\express\\lib\\router\\index.js:280:10)\n    at SendStream.error (C:\\Users\\Administrator\\Desktop\\Projects\\workspace\\base_server\\base_server\\node_modules\\serve-static\\index.js:121:7)\n    at SendStream.emit (node:events:518:28)\n    at SendStream.emit (node:domain:488:12)\n    at SendStream.error (C:\\Users\\Administrator\\Desktop\\Projects\\workspace\\base_server\\base_server\\node_modules\\send\\index.js:270:17)"
        }
    }
}
{
    "level": "INFO",
    "timestamp": "2024-09-26T11:51:37.859Z",
    "message": "Controller Response",
    "meta": {
        "success": true,
        "statusCode": 200,
        "request": {
            "ip": "::ffff:127.0.0.1",
            "method": "GET",
            "url": "/v1/self"
        },
        "message": "Operation is completed",
        "data": null
    }
}
{
    "level": "ERROR",
    "timestamp": "2024-09-26T11:51:37.904Z",
    "message": "Controller Response",
    "meta": {
        "success": false,
        "statusCode": 404,
        "request": {
            "ip": "::ffff:127.0.0.1",
            "method": "GET",
            "url": "/favicon.ico"
        },
        "message": "Route is not found",
        "data": null,
        "trace": {
            "error": "Error: Route is not found\n    at exports.default (C:\\Users\\Administrator\\Desktop\\Projects\\workspace\\base_server\\base_server\\src\\handlers\\notFound.ts:7:15)\n    at Layer.handle [as handle_request] (C:\\Users\\Administrator\\Desktop\\Projects\\workspace\\base_server\\base_server\\node_modules\\express\\lib\\router\\layer.js:95:5)\n    at trim_prefix (C:\\Users\\Administrator\\Desktop\\Projects\\workspace\\base_server\\base_server\\node_modules\\express\\lib\\router\\index.js:328:13)\n    at C:\\Users\\Administrator\\Desktop\\Projects\\workspace\\base_server\\base_server\\node_modules\\express\\lib\\router\\index.js:286:9\n    at Function.process_params (C:\\Users\\Administrator\\Desktop\\Projects\\workspace\\base_server\\base_server\\node_modules\\express\\lib\\router\\index.js:346:12)\n    at next (C:\\Users\\Administrator\\Desktop\\Projects\\workspace\\base_server\\base_server\\node_modules\\express\\lib\\router\\index.js:280:10)\n    at SendStream.error (C:\\Users\\Administrator\\Desktop\\Projects\\workspace\\base_server\\base_server\\node_modules\\serve-static\\index.js:121:7)\n    at SendStream.emit (node:events:518:28)\n    at SendStream.emit (node:domain:488:12)\n    at SendStream.error (C:\\Users\\Administrator\\Desktop\\Projects\\workspace\\base_server\\base_server\\node_modules\\send\\index.js:270:17)"
        }
    }
}
{
    "level": "INFO",
    "timestamp": "2024-09-26T11:51:38.390Z",
    "message": "Controller Response",
    "meta": {
        "success": true,
        "statusCode": 200,
        "request": {
            "ip": "::ffff:127.0.0.1",
            "method": "GET",
            "url": "/v1/self"
        },
        "message": "Operation is completed",
        "data": null
    }
}
{
    "level": "ERROR",
    "timestamp": "2024-09-26T11:51:38.438Z",
    "message": "Controller Response",
    "meta": {
        "success": false,
        "statusCode": 404,
        "request": {
            "ip": "::ffff:127.0.0.1",
            "method": "GET",
            "url": "/favicon.ico"
        },
        "message": "Route is not found",
        "data": null,
        "trace": {
            "error": "Error: Route is not found\n    at exports.default (C:\\Users\\Administrator\\Desktop\\Projects\\workspace\\base_server\\base_server\\src\\handlers\\notFound.ts:7:15)\n    at Layer.handle [as handle_request] (C:\\Users\\Administrator\\Desktop\\Projects\\workspace\\base_server\\base_server\\node_modules\\express\\lib\\router\\layer.js:95:5)\n    at trim_prefix (C:\\Users\\Administrator\\Desktop\\Projects\\workspace\\base_server\\base_server\\node_modules\\express\\lib\\router\\index.js:328:13)\n    at C:\\Users\\Administrator\\Desktop\\Projects\\workspace\\base_server\\base_server\\node_modules\\express\\lib\\router\\index.js:286:9\n    at Function.process_params (C:\\Users\\Administrator\\Desktop\\Projects\\workspace\\base_server\\base_server\\node_modules\\express\\lib\\router\\index.js:346:12)\n    at next (C:\\Users\\Administrator\\Desktop\\Projects\\workspace\\base_server\\base_server\\node_modules\\express\\lib\\router\\index.js:280:10)\n    at SendStream.error (C:\\Users\\Administrator\\Desktop\\Projects\\workspace\\base_server\\base_server\\node_modules\\serve-static\\index.js:121:7)\n    at SendStream.emit (node:events:518:28)\n    at SendStream.emit (node:domain:488:12)\n    at SendStream.error (C:\\Users\\Administrator\\Desktop\\Projects\\workspace\\base_server\\base_server\\node_modules\\send\\index.js:270:17)"
        }
    }
}
{
    "level": "INFO",
    "timestamp": "2024-09-26T11:51:39.031Z",
    "message": "Controller Response",
    "meta": {
        "success": true,
        "statusCode": 200,
        "request": {
            "ip": "::ffff:127.0.0.1",
            "method": "GET",
            "url": "/v1/self"
        },
        "message": "Operation is completed",
        "data": null
    }
}
{
    "level": "ERROR",
    "timestamp": "2024-09-26T11:51:39.073Z",
    "message": "Controller Response",
    "meta": {
        "success": false,
        "statusCode": 404,
        "request": {
            "ip": "::ffff:127.0.0.1",
            "method": "GET",
            "url": "/favicon.ico"
        },
        "message": "Route is not found",
        "data": null,
        "trace": {
            "error": "Error: Route is not found\n    at exports.default (C:\\Users\\Administrator\\Desktop\\Projects\\workspace\\base_server\\base_server\\src\\handlers\\notFound.ts:7:15)\n    at Layer.handle [as handle_request] (C:\\Users\\Administrator\\Desktop\\Projects\\workspace\\base_server\\base_server\\node_modules\\express\\lib\\router\\layer.js:95:5)\n    at trim_prefix (C:\\Users\\Administrator\\Desktop\\Projects\\workspace\\base_server\\base_server\\node_modules\\express\\lib\\router\\index.js:328:13)\n    at C:\\Users\\Administrator\\Desktop\\Projects\\workspace\\base_server\\base_server\\node_modules\\express\\lib\\router\\index.js:286:9\n    at Function.process_params (C:\\Users\\Administrator\\Desktop\\Projects\\workspace\\base_server\\base_server\\node_modules\\express\\lib\\router\\index.js:346:12)\n    at next (C:\\Users\\Administrator\\Desktop\\Projects\\workspace\\base_server\\base_server\\node_modules\\express\\lib\\router\\index.js:280:10)\n    at SendStream.error (C:\\Users\\Administrator\\Desktop\\Projects\\workspace\\base_server\\base_server\\node_modules\\serve-static\\index.js:121:7)\n    at SendStream.emit (node:events:518:28)\n    at SendStream.emit (node:domain:488:12)\n    at SendStream.error (C:\\Users\\Administrator\\Desktop\\Projects\\workspace\\base_server\\base_server\\node_modules\\send\\index.js:270:17)"
        }
    }
}
{
    "level": "INFO",
    "timestamp": "2024-09-26T11:51:39.573Z",
    "message": "Controller Response",
    "meta": {
        "success": true,
        "statusCode": 200,
        "request": {
            "ip": "::ffff:127.0.0.1",
            "method": "GET",
            "url": "/v1/self"
        },
        "message": "Operation is completed",
        "data": null
    }
}
{
    "level": "ERROR",
    "timestamp": "2024-09-26T11:51:39.611Z",
    "message": "Controller Response",
    "meta": {
        "success": false,
        "statusCode": 404,
        "request": {
            "ip": "::ffff:127.0.0.1",
            "method": "GET",
            "url": "/favicon.ico"
        },
        "message": "Route is not found",
        "data": null,
        "trace": {
            "error": "Error: Route is not found\n    at exports.default (C:\\Users\\Administrator\\Desktop\\Projects\\workspace\\base_server\\base_server\\src\\handlers\\notFound.ts:7:15)\n    at Layer.handle [as handle_request] (C:\\Users\\Administrator\\Desktop\\Projects\\workspace\\base_server\\base_server\\node_modules\\express\\lib\\router\\layer.js:95:5)\n    at trim_prefix (C:\\Users\\Administrator\\Desktop\\Projects\\workspace\\base_server\\base_server\\node_modules\\express\\lib\\router\\index.js:328:13)\n    at C:\\Users\\Administrator\\Desktop\\Projects\\workspace\\base_server\\base_server\\node_modules\\express\\lib\\router\\index.js:286:9\n    at Function.process_params (C:\\Users\\Administrator\\Desktop\\Projects\\workspace\\base_server\\base_server\\node_modules\\express\\lib\\router\\index.js:346:12)\n    at next (C:\\Users\\Administrator\\Desktop\\Projects\\workspace\\base_server\\base_server\\node_modules\\express\\lib\\router\\index.js:280:10)\n    at SendStream.error (C:\\Users\\Administrator\\Desktop\\Projects\\workspace\\base_server\\base_server\\node_modules\\serve-static\\index.js:121:7)\n    at SendStream.emit (node:events:518:28)\n    at SendStream.emit (node:domain:488:12)\n    at SendStream.error (C:\\Users\\Administrator\\Desktop\\Projects\\workspace\\base_server\\base_server\\node_modules\\send\\index.js:270:17)"
        }
    }
}
{
    "level": "INFO",
    "timestamp": "2024-09-26T11:51:40.187Z",
    "message": "Controller Response",
    "meta": {
        "success": true,
        "statusCode": 200,
        "request": {
            "ip": "::ffff:127.0.0.1",
            "method": "GET",
            "url": "/v1/self"
        },
        "message": "Operation is completed",
        "data": null
    }
}
{
    "level": "ERROR",
    "timestamp": "2024-09-26T11:51:40.224Z",
    "message": "Controller Response",
    "meta": {
        "success": false,
        "statusCode": 404,
        "request": {
            "ip": "::ffff:127.0.0.1",
            "method": "GET",
            "url": "/favicon.ico"
        },
        "message": "Route is not found",
        "data": null,
        "trace": {
            "error": "Error: Route is not found\n    at exports.default (C:\\Users\\Administrator\\Desktop\\Projects\\workspace\\base_server\\base_server\\src\\handlers\\notFound.ts:7:15)\n    at Layer.handle [as handle_request] (C:\\Users\\Administrator\\Desktop\\Projects\\workspace\\base_server\\base_server\\node_modules\\express\\lib\\router\\layer.js:95:5)\n    at trim_prefix (C:\\Users\\Administrator\\Desktop\\Projects\\workspace\\base_server\\base_server\\node_modules\\express\\lib\\router\\index.js:328:13)\n    at C:\\Users\\Administrator\\Desktop\\Projects\\workspace\\base_server\\base_server\\node_modules\\express\\lib\\router\\index.js:286:9\n    at Function.process_params (C:\\Users\\Administrator\\Desktop\\Projects\\workspace\\base_server\\base_server\\node_modules\\express\\lib\\router\\index.js:346:12)\n    at next (C:\\Users\\Administrator\\Desktop\\Projects\\workspace\\base_server\\base_server\\node_modules\\express\\lib\\router\\index.js:280:10)\n    at SendStream.error (C:\\Users\\Administrator\\Desktop\\Projects\\workspace\\base_server\\base_server\\node_modules\\serve-static\\index.js:121:7)\n    at SendStream.emit (node:events:518:28)\n    at SendStream.emit (node:domain:488:12)\n    at SendStream.error (C:\\Users\\Administrator\\Desktop\\Projects\\workspace\\base_server\\base_server\\node_modules\\send\\index.js:270:17)"
        }
    }
}
{
    "level": "INFO",
    "timestamp": "2024-09-26T11:51:40.772Z",
    "message": "Controller Response",
    "meta": {
        "success": true,
        "statusCode": 200,
        "request": {
            "ip": "::ffff:127.0.0.1",
            "method": "GET",
            "url": "/v1/self"
        },
        "message": "Operation is completed",
        "data": null
    }
}
{
    "level": "ERROR",
    "timestamp": "2024-09-26T11:51:40.820Z",
    "message": "Controller Response",
    "meta": {
        "success": false,
        "statusCode": 404,
        "request": {
            "ip": "::ffff:127.0.0.1",
            "method": "GET",
            "url": "/favicon.ico"
        },
        "message": "Route is not found",
        "data": null,
        "trace": {
            "error": "Error: Route is not found\n    at exports.default (C:\\Users\\Administrator\\Desktop\\Projects\\workspace\\base_server\\base_server\\src\\handlers\\notFound.ts:7:15)\n    at Layer.handle [as handle_request] (C:\\Users\\Administrator\\Desktop\\Projects\\workspace\\base_server\\base_server\\node_modules\\express\\lib\\router\\layer.js:95:5)\n    at trim_prefix (C:\\Users\\Administrator\\Desktop\\Projects\\workspace\\base_server\\base_server\\node_modules\\express\\lib\\router\\index.js:328:13)\n    at C:\\Users\\Administrator\\Desktop\\Projects\\workspace\\base_server\\base_server\\node_modules\\express\\lib\\router\\index.js:286:9\n    at Function.process_params (C:\\Users\\Administrator\\Desktop\\Projects\\workspace\\base_server\\base_server\\node_modules\\express\\lib\\router\\index.js:346:12)\n    at next (C:\\Users\\Administrator\\Desktop\\Projects\\workspace\\base_server\\base_server\\node_modules\\express\\lib\\router\\index.js:280:10)\n    at SendStream.error (C:\\Users\\Administrator\\Desktop\\Projects\\workspace\\base_server\\base_server\\node_modules\\serve-static\\index.js:121:7)\n    at SendStream.emit (node:events:518:28)\n    at SendStream.emit (node:domain:488:12)\n    at SendStream.error (C:\\Users\\Administrator\\Desktop\\Projects\\workspace\\base_server\\base_server\\node_modules\\send\\index.js:270:17)"
        }
    }
}
{
    "level": "ERROR",
    "timestamp": "2024-09-26T11:51:41.394Z",
    "message": "Controller Response",
    "meta": {
        "success": false,
        "statusCode": 429,
        "request": {
            "ip": "::ffff:127.0.0.1",
            "method": "GET",
            "url": "/v1/self"
        },
        "message": "So many requests",
        "data": null,
        "trace": {
            "error": "Error: So many requests\n    at C:\\Users\\Administrator\\Desktop\\Projects\\workspace\\base_server\\base_server\\src\\middlewares\\rateLimiter.ts:21:33\n    at processTicksAndRejections (node:internal/process/task_queues:95:5)"
        }
    }
}
{
    "level": "ERROR",
    "timestamp": "2024-09-26T11:51:41.438Z",
    "message": "Controller Response",
    "meta": {
        "success": false,
        "statusCode": 404,
        "request": {
            "ip": "::ffff:127.0.0.1",
            "method": "GET",
            "url": "/favicon.ico"
        },
        "message": "Route is not found",
        "data": null,
        "trace": {
            "error": "Error: Route is not found\n    at exports.default (C:\\Users\\Administrator\\Desktop\\Projects\\workspace\\base_server\\base_server\\src\\handlers\\notFound.ts:7:15)\n    at Layer.handle [as handle_request] (C:\\Users\\Administrator\\Desktop\\Projects\\workspace\\base_server\\base_server\\node_modules\\express\\lib\\router\\layer.js:95:5)\n    at trim_prefix (C:\\Users\\Administrator\\Desktop\\Projects\\workspace\\base_server\\base_server\\node_modules\\express\\lib\\router\\index.js:328:13)\n    at C:\\Users\\Administrator\\Desktop\\Projects\\workspace\\base_server\\base_server\\node_modules\\express\\lib\\router\\index.js:286:9\n    at Function.process_params (C:\\Users\\Administrator\\Desktop\\Projects\\workspace\\base_server\\base_server\\node_modules\\express\\lib\\router\\index.js:346:12)\n    at next (C:\\Users\\Administrator\\Desktop\\Projects\\workspace\\base_server\\base_server\\node_modules\\express\\lib\\router\\index.js:280:10)\n    at SendStream.error (C:\\Users\\Administrator\\Desktop\\Projects\\workspace\\base_server\\base_server\\node_modules\\serve-static\\index.js:121:7)\n    at SendStream.emit (node:events:518:28)\n    at SendStream.emit (node:domain:488:12)\n    at SendStream.error (C:\\Users\\Administrator\\Desktop\\Projects\\workspace\\base_server\\base_server\\node_modules\\send\\index.js:270:17)"
        }
    }
}
{
    "level": "ERROR",
    "timestamp": "2024-09-26T11:51:41.988Z",
    "message": "Controller Response",
    "meta": {
        "success": false,
        "statusCode": 429,
        "request": {
            "ip": "::ffff:127.0.0.1",
            "method": "GET",
            "url": "/v1/self"
        },
        "message": "So many requests",
        "data": null,
        "trace": {
            "error": "Error: So many requests\n    at C:\\Users\\Administrator\\Desktop\\Projects\\workspace\\base_server\\base_server\\src\\middlewares\\rateLimiter.ts:21:33\n    at processTicksAndRejections (node:internal/process/task_queues:95:5)"
        }
    }
}
{
    "level": "ERROR",
    "timestamp": "2024-09-26T11:51:42.037Z",
    "message": "Controller Response",
    "meta": {
        "success": false,
        "statusCode": 404,
        "request": {
            "ip": "::ffff:127.0.0.1",
            "method": "GET",
            "url": "/favicon.ico"
        },
        "message": "Route is not found",
        "data": null,
        "trace": {
            "error": "Error: Route is not found\n    at exports.default (C:\\Users\\Administrator\\Desktop\\Projects\\workspace\\base_server\\base_server\\src\\handlers\\notFound.ts:7:15)\n    at Layer.handle [as handle_request] (C:\\Users\\Administrator\\Desktop\\Projects\\workspace\\base_server\\base_server\\node_modules\\express\\lib\\router\\layer.js:95:5)\n    at trim_prefix (C:\\Users\\Administrator\\Desktop\\Projects\\workspace\\base_server\\base_server\\node_modules\\express\\lib\\router\\index.js:328:13)\n    at C:\\Users\\Administrator\\Desktop\\Projects\\workspace\\base_server\\base_server\\node_modules\\express\\lib\\router\\index.js:286:9\n    at Function.process_params (C:\\Users\\Administrator\\Desktop\\Projects\\workspace\\base_server\\base_server\\node_modules\\express\\lib\\router\\index.js:346:12)\n    at next (C:\\Users\\Administrator\\Desktop\\Projects\\workspace\\base_server\\base_server\\node_modules\\express\\lib\\router\\index.js:280:10)\n    at SendStream.error (C:\\Users\\Administrator\\Desktop\\Projects\\workspace\\base_server\\base_server\\node_modules\\serve-static\\index.js:121:7)\n    at SendStream.emit (node:events:518:28)\n    at SendStream.emit (node:domain:488:12)\n    at SendStream.error (C:\\Users\\Administrator\\Desktop\\Projects\\workspace\\base_server\\base_server\\node_modules\\send\\index.js:270:17)"
        }
    }
}
{
    "level": "ERROR",
    "timestamp": "2024-09-26T11:51:42.836Z",
    "message": "Controller Response",
    "meta": {
        "success": false,
        "statusCode": 429,
        "request": {
            "ip": "::ffff:127.0.0.1",
            "method": "GET",
            "url": "/v1/self"
        },
        "message": "So many requests",
        "data": null,
        "trace": {
            "error": "Error: So many requests\n    at C:\\Users\\Administrator\\Desktop\\Projects\\workspace\\base_server\\base_server\\src\\middlewares\\rateLimiter.ts:21:33\n    at processTicksAndRejections (node:internal/process/task_queues:95:5)"
        }
    }
}
{
    "level": "ERROR",
    "timestamp": "2024-09-26T11:51:42.881Z",
    "message": "Controller Response",
    "meta": {
        "success": false,
        "statusCode": 404,
        "request": {
            "ip": "::ffff:127.0.0.1",
            "method": "GET",
            "url": "/favicon.ico"
        },
        "message": "Route is not found",
        "data": null,
        "trace": {
            "error": "Error: Route is not found\n    at exports.default (C:\\Users\\Administrator\\Desktop\\Projects\\workspace\\base_server\\base_server\\src\\handlers\\notFound.ts:7:15)\n    at Layer.handle [as handle_request] (C:\\Users\\Administrator\\Desktop\\Projects\\workspace\\base_server\\base_server\\node_modules\\express\\lib\\router\\layer.js:95:5)\n    at trim_prefix (C:\\Users\\Administrator\\Desktop\\Projects\\workspace\\base_server\\base_server\\node_modules\\express\\lib\\router\\index.js:328:13)\n    at C:\\Users\\Administrator\\Desktop\\Projects\\workspace\\base_server\\base_server\\node_modules\\express\\lib\\router\\index.js:286:9\n    at Function.process_params (C:\\Users\\Administrator\\Desktop\\Projects\\workspace\\base_server\\base_server\\node_modules\\express\\lib\\router\\index.js:346:12)\n    at next (C:\\Users\\Administrator\\Desktop\\Projects\\workspace\\base_server\\base_server\\node_modules\\express\\lib\\router\\index.js:280:10)\n    at SendStream.error (C:\\Users\\Administrator\\Desktop\\Projects\\workspace\\base_server\\base_server\\node_modules\\serve-static\\index.js:121:7)\n    at SendStream.emit (node:events:518:28)\n    at SendStream.emit (node:domain:488:12)\n    at SendStream.error (C:\\Users\\Administrator\\Desktop\\Projects\\workspace\\base_server\\base_server\\node_modules\\send\\index.js:270:17)"
        }
    }
}
{
    "level": "INFO",
    "timestamp": "2024-09-26T11:52:22.112Z",
    "message": "Database connection",
    "meta": {
        "CONNECTION_NAME": "base"
    }
}
{
    "level": "INFO",
    "timestamp": "2024-09-26T11:52:22.121Z",
    "message": "Rate limiter initiated",
    "meta": {}
}
{
    "level": "INFO",
    "timestamp": "2024-09-26T11:52:22.122Z",
    "message": "Application started",
    "meta": {
        "PORT": "3000",
        "SERVER_URL": "http://localhost:3000"
    }
}
{
    "level": "INFO",
    "timestamp": "2024-09-26T11:52:23.581Z",
    "message": "Controller Response",
    "meta": {
        "success": true,
        "statusCode": 200,
        "request": {
            "ip": "::ffff:127.0.0.1",
            "method": "GET",
            "url": "/v1/self"
        },
        "message": "Operation is completed",
        "data": null
    }
}
{
    "level": "ERROR",
    "timestamp": "2024-09-26T11:52:23.646Z",
    "message": "Controller Response",
    "meta": {
        "success": false,
        "statusCode": 404,
        "request": {
            "ip": "::ffff:127.0.0.1",
            "method": "GET",
            "url": "/favicon.ico"
        },
        "message": "Route is not found",
        "data": null,
        "trace": {
            "error": "Error: Route is not found\n    at exports.default (C:\\Users\\Administrator\\Desktop\\Projects\\workspace\\base_server\\base_server\\src\\handlers\\notFound.ts:7:15)\n    at Layer.handle [as handle_request] (C:\\Users\\Administrator\\Desktop\\Projects\\workspace\\base_server\\base_server\\node_modules\\express\\lib\\router\\layer.js:95:5)\n    at trim_prefix (C:\\Users\\Administrator\\Desktop\\Projects\\workspace\\base_server\\base_server\\node_modules\\express\\lib\\router\\index.js:328:13)\n    at C:\\Users\\Administrator\\Desktop\\Projects\\workspace\\base_server\\base_server\\node_modules\\express\\lib\\router\\index.js:286:9\n    at Function.process_params (C:\\Users\\Administrator\\Desktop\\Projects\\workspace\\base_server\\base_server\\node_modules\\express\\lib\\router\\index.js:346:12)\n    at next (C:\\Users\\Administrator\\Desktop\\Projects\\workspace\\base_server\\base_server\\node_modules\\express\\lib\\router\\index.js:280:10)\n    at SendStream.error (C:\\Users\\Administrator\\Desktop\\Projects\\workspace\\base_server\\base_server\\node_modules\\serve-static\\index.js:121:7)\n    at SendStream.emit (node:events:518:28)\n    at SendStream.emit (node:domain:488:12)\n    at SendStream.error (C:\\Users\\Administrator\\Desktop\\Projects\\workspace\\base_server\\base_server\\node_modules\\send\\index.js:270:17)"
        }
    }
}
{
    "level": "INFO",
    "timestamp": "2024-09-26T11:52:24.913Z",
    "message": "Controller Response",
    "meta": {
        "success": true,
        "statusCode": 200,
        "request": {
            "ip": "::ffff:127.0.0.1",
            "method": "GET",
            "url": "/v1/self"
        },
        "message": "Operation is completed",
        "data": null
    }
}
{
    "level": "ERROR",
    "timestamp": "2024-09-26T11:52:24.954Z",
    "message": "Controller Response",
    "meta": {
        "success": false,
        "statusCode": 404,
        "request": {
            "ip": "::ffff:127.0.0.1",
            "method": "GET",
            "url": "/favicon.ico"
        },
        "message": "Route is not found",
        "data": null,
        "trace": {
            "error": "Error: Route is not found\n    at exports.default (C:\\Users\\Administrator\\Desktop\\Projects\\workspace\\base_server\\base_server\\src\\handlers\\notFound.ts:7:15)\n    at Layer.handle [as handle_request] (C:\\Users\\Administrator\\Desktop\\Projects\\workspace\\base_server\\base_server\\node_modules\\express\\lib\\router\\layer.js:95:5)\n    at trim_prefix (C:\\Users\\Administrator\\Desktop\\Projects\\workspace\\base_server\\base_server\\node_modules\\express\\lib\\router\\index.js:328:13)\n    at C:\\Users\\Administrator\\Desktop\\Projects\\workspace\\base_server\\base_server\\node_modules\\express\\lib\\router\\index.js:286:9\n    at Function.process_params (C:\\Users\\Administrator\\Desktop\\Projects\\workspace\\base_server\\base_server\\node_modules\\express\\lib\\router\\index.js:346:12)\n    at next (C:\\Users\\Administrator\\Desktop\\Projects\\workspace\\base_server\\base_server\\node_modules\\express\\lib\\router\\index.js:280:10)\n    at SendStream.error (C:\\Users\\Administrator\\Desktop\\Projects\\workspace\\base_server\\base_server\\node_modules\\serve-static\\index.js:121:7)\n    at SendStream.emit (node:events:518:28)\n    at SendStream.emit (node:domain:488:12)\n    at SendStream.error (C:\\Users\\Administrator\\Desktop\\Projects\\workspace\\base_server\\base_server\\node_modules\\send\\index.js:270:17)"
        }
    }
}
{
    "level": "INFO",
    "timestamp": "2024-09-26T13:06:26.210Z",
    "message": "Database connection",
    "meta": {
        "CONNECTION_NAME": "base"
    }
}
{
    "level": "INFO",
    "timestamp": "2024-09-26T13:06:26.220Z",
    "message": "Rate limiter initiated",
    "meta": {}
}
{
    "level": "INFO",
    "timestamp": "2024-09-26T13:06:26.221Z",
    "message": "Application started",
    "meta": {
        "PORT": "3000",
        "SERVER_URL": "http://localhost:3000"
    }
}
{
    "level": "ERROR",
    "timestamp": "2024-09-26T13:12:36.988Z",
    "message": "error",
    "meta": {
        "message": "connect ECONNREFUSED ::1:27017, connect ECONNREFUSED 127.0.0.1:27017",
        "reason": {
            "type": "Unknown",
            "servers": {
                "localhost:27017": {
                    "address": "localhost:27017",
                    "type": "Unknown",
                    "hosts": [],
                    "passives": [],
                    "arbiters": [],
                    "tags": {},
                    "minWireVersion": 0,
                    "maxWireVersion": 0,
                    "roundTripTime": -1,
                    "minRoundTripTime": 0,
                    "lastUpdateTime": 1292252,
                    "lastWriteDate": 0,
                    "error": {},
                    "topologyVersion": null,
                    "setName": null,
                    "setVersion": null,
                    "electionId": null,
                    "logicalSessionTimeoutMinutes": null,
                    "primary": null,
                    "me": null,
                    "$clusterTime": null
                }
            },
            "stale": false,
            "compatible": true,
            "heartbeatFrequencyMS": 10000,
            "localThresholdMS": 15,
            "setName": null,
            "maxElectionId": null,
            "maxSetVersion": null,
            "commonWireVersion": 0,
            "logicalSessionTimeoutMinutes": null
        }
    }
}
{
    "level": "INFO",
    "timestamp": "2024-09-26T18:07:41.694Z",
    "message": "Database connection established",
    "meta": {
        "CONNECTION_NAME": "test"
    }
}
{
    "level": "INFO",
    "timestamp": "2024-09-26T18:07:41.705Z",
    "message": "Rate limiter initiated",
    "meta": {}
}
{
    "level": "INFO",
    "timestamp": "2024-09-26T18:07:41.706Z",
    "message": "Application started on port 3000",
    "meta": {
        "SERVER_URL": "http://localhost:3000"
    }
}
{
    "level": "INFO",
    "timestamp": "2024-09-26T18:11:49.191Z",
    "message": "Database connection established",
    "meta": {
        "CONNECTION_NAME": "base"
    }
}
{
    "level": "INFO",
    "timestamp": "2024-09-26T18:11:49.199Z",
    "message": "Rate limiter initiated",
    "meta": {}
}
{
    "level": "INFO",
    "timestamp": "2024-09-26T18:11:49.208Z",
    "message": "Application started on port 3000",
    "meta": {
        "SERVER_URL": "http://localhost:3000"
    }
}
{
    "level": "INFO",
    "timestamp": "2024-09-26T18:13:17.595Z",
    "message": "Database connection established",
    "meta": {
        "CONNECTION_NAME": "base"
    }
}
{
    "level": "INFO",
    "timestamp": "2024-09-26T18:13:17.602Z",
    "message": "Rate limiter initiated",
    "meta": {}
}
{
    "level": "INFO",
    "timestamp": "2024-09-26T18:13:17.604Z",
    "message": "Application started on port 3000",
    "meta": {
        "SERVER_URL": "http://localhost:3000"
    }
}
{
    "level": "INFO",
    "timestamp": "2024-09-26T18:13:35.407Z",
    "message": "Database connection established",
    "meta": {
        "CONNECTION_NAME": "base"
    }
}
{
    "level": "INFO",
    "timestamp": "2024-09-26T18:13:35.420Z",
    "message": "Rate limiter initiated",
    "meta": {}
}
{
    "level": "INFO",
    "timestamp": "2024-09-26T18:13:35.421Z",
    "message": "Application started on port 3000",
    "meta": {
        "SERVER_URL": "http://localhost:3000"
    }
}
{
    "level": "INFO",
    "timestamp": "2024-09-26T18:52:26.816Z",
    "message": "Database connection established",
    "meta": {
        "CONNECTION_NAME": "base"
    }
}
{
    "level": "INFO",
    "timestamp": "2024-09-26T18:52:26.829Z",
    "message": "Rate limiter initiated",
    "meta": {}
}
{
    "level": "INFO",
    "timestamp": "2024-09-26T18:52:26.830Z",
    "message": "Application started on port 3000",
    "meta": {
        "SERVER_URL": "http://localhost:3000"
    }
}
{
    "level": "INFO",
    "timestamp": "2024-09-26T18:53:15.159Z",
    "message": "Controller Response",
    "meta": {
        "success": true,
        "statusCode": 200,
        "request": {
            "ip": "::1",
            "method": "GET",
            "url": "/v1/self"
        },
        "message": "Operation is completed",
        "data": null
    }
}
{
    "level": "INFO",
    "timestamp": "2024-09-26T18:54:12.377Z",
    "message": "Database connection established",
    "meta": {
        "CONNECTION_NAME": "base"
    }
}
{
    "level": "INFO",
    "timestamp": "2024-09-26T18:54:12.386Z",
    "message": "Rate limiter initiated",
    "meta": {}
}
{
    "level": "INFO",
    "timestamp": "2024-09-26T18:54:12.387Z",
    "message": "Application started on port 3000",
    "meta": {
        "SERVER_URL": "http://localhost:3000"
    }
}
{
    "level": "INFO",
    "timestamp": "2024-09-26T18:54:17.681Z",
    "message": "Database connection established",
    "meta": {
        "CONNECTION_NAME": "base"
    }
}
{
    "level": "INFO",
    "timestamp": "2024-09-26T18:54:17.689Z",
    "message": "Rate limiter initiated",
    "meta": {}
}
{
    "level": "INFO",
    "timestamp": "2024-09-26T18:54:17.690Z",
    "message": "Application started on port 3000",
    "meta": {
        "SERVER_URL": "http://localhost:3000"
    }
}
{
    "level": "INFO",
    "timestamp": "2024-09-26T18:58:40.153Z",
    "message": "Database connection established",
    "meta": {
        "CONNECTION_NAME": "base"
    }
}
{
    "level": "INFO",
    "timestamp": "2024-09-26T18:58:40.165Z",
    "message": "Rate limiter initiated",
    "meta": {}
}
{
    "level": "INFO",
    "timestamp": "2024-09-26T18:58:40.166Z",
    "message": "Application started on port 3000",
    "meta": {
        "SERVER_URL": "http://localhost:3000"
    }
}
{
    "level": "INFO",
    "timestamp": "2024-09-26T19:00:04.645Z",
    "message": "Database connection established",
    "meta": {
        "CONNECTION_NAME": "base"
    }
}
{
    "level": "INFO",
    "timestamp": "2024-09-26T19:00:04.653Z",
    "message": "Rate limiter initiated",
    "meta": {}
}
{
    "level": "INFO",
    "timestamp": "2024-09-26T19:00:04.654Z",
    "message": "Application started on port 3000",
    "meta": {
        "SERVER_URL": "http://localhost:3000"
    }
}
{
    "level": "INFO",
    "timestamp": "2024-09-26T19:00:27.509Z",
    "message": "Database connection established",
    "meta": {
        "CONNECTION_NAME": "base"
    }
}
{
    "level": "INFO",
    "timestamp": "2024-09-26T19:00:27.518Z",
    "message": "Rate limiter initiated",
    "meta": {}
}
{
    "level": "INFO",
    "timestamp": "2024-09-26T19:00:27.520Z",
    "message": "Application started on port 3000",
    "meta": {
        "SERVER_URL": "http://localhost:3000"
    }
}
{
    "level": "INFO",
    "timestamp": "2024-09-26T19:02:43.395Z",
    "message": "Database connection established",
    "meta": {
        "CONNECTION_NAME": "base"
    }
}
{
    "level": "INFO",
    "timestamp": "2024-09-26T19:02:43.402Z",
    "message": "Rate limiter initiated",
    "meta": {}
}
{
    "level": "INFO",
    "timestamp": "2024-09-26T19:02:43.403Z",
    "message": "Application started on port 3000",
    "meta": {
        "SERVER_URL": "http://localhost:3000"
    }
}
{
    "level": "INFO",
    "timestamp": "2024-09-26T19:03:31.898Z",
    "message": "Database connection established",
    "meta": {
        "CONNECTION_NAME": "base"
    }
}
{
    "level": "INFO",
    "timestamp": "2024-09-26T19:03:31.906Z",
    "message": "Rate limiter initiated",
    "meta": {}
}
{
    "level": "INFO",
    "timestamp": "2024-09-26T19:03:31.908Z",
    "message": "Application started on port 3000",
    "meta": {
        "SERVER_URL": "http://localhost:3000"
    }
}
{
    "level": "INFO",
    "timestamp": "2024-09-26T19:05:19.223Z",
    "message": "Database connection established",
    "meta": {
        "CONNECTION_NAME": "base"
    }
}
{
    "level": "INFO",
    "timestamp": "2024-09-26T19:05:19.230Z",
    "message": "Rate limiter initiated",
    "meta": {}
}
{
    "level": "INFO",
    "timestamp": "2024-09-26T19:05:19.235Z",
    "message": "Application started on port 3000",
    "meta": {
        "SERVER_URL": "http://localhost:3000"
    }
}
{
    "level": "INFO",
    "timestamp": "2024-09-27T09:20:52.713Z",
    "message": "Database connection established",
    "meta": {
        "CONNECTION_NAME": "base"
    }
}
{
    "level": "INFO",
    "timestamp": "2024-09-27T09:20:52.725Z",
    "message": "Rate limiter initiated",
    "meta": {}
}
{
    "level": "INFO",
    "timestamp": "2024-09-27T09:20:52.726Z",
    "message": "Application started on port 3000",
    "meta": {
        "SERVER_URL": "http://localhost:3000"
    }
}
{
    "level": "INFO",
    "timestamp": "2024-09-27T09:24:33.762Z",
    "message": "Controller Response",
    "meta": {
        "success": true,
        "statusCode": 200,
        "request": {
            "ip": "::1",
            "method": "GET",
            "url": "/v1/self"
        },
        "message": "Operation is completed",
        "data": null
    }
}
{
    "level": "ERROR",
    "timestamp": "2024-09-27T09:27:26.002Z",
    "message": "Controller Response",
    "meta": {
        "success": false,
        "statusCode": 404,
        "request": {
            "ip": "::1",
            "method": "POST",
            "url": "/v1/register"
        },
        "message": "Route is not found",
        "data": null,
        "trace": {
            "error": "Error: Route is not found\n    at exports.default (C:\\Users\\Administrator\\Desktop\\Projects\\workspace\\base_server\\base_server\\src\\handlers\\notFound.ts:7:15)\n    at Layer.handle [as handle_request] (C:\\Users\\Administrator\\Desktop\\Projects\\workspace\\base_server\\base_server\\node_modules\\express\\lib\\router\\layer.js:95:5)\n    at trim_prefix (C:\\Users\\Administrator\\Desktop\\Projects\\workspace\\base_server\\base_server\\node_modules\\express\\lib\\router\\index.js:328:13)\n    at C:\\Users\\Administrator\\Desktop\\Projects\\workspace\\base_server\\base_server\\node_modules\\express\\lib\\router\\index.js:286:9\n    at Function.process_params (C:\\Users\\Administrator\\Desktop\\Projects\\workspace\\base_server\\base_server\\node_modules\\express\\lib\\router\\index.js:346:12)\n    at next (C:\\Users\\Administrator\\Desktop\\Projects\\workspace\\base_server\\base_server\\node_modules\\express\\lib\\router\\index.js:280:10)\n    at C:\\Users\\Administrator\\Desktop\\Projects\\workspace\\base_server\\base_server\\node_modules\\express\\lib\\router\\index.js:646:15\n    at next (C:\\Users\\Administrator\\Desktop\\Projects\\workspace\\base_server\\base_server\\node_modules\\express\\lib\\router\\index.js:265:14)\n    at Function.handle (C:\\Users\\Administrator\\Desktop\\Projects\\workspace\\base_server\\base_server\\node_modules\\express\\lib\\router\\index.js:175:3)\n    at router (C:\\Users\\Administrator\\Desktop\\Projects\\workspace\\base_server\\base_server\\node_modules\\express\\lib\\router\\index.js:47:12)"
        }
    }
}
{
    "level": "INFO",
    "timestamp": "2024-09-27T09:35:20.367Z",
    "message": "Database connection established",
    "meta": {
        "CONNECTION_NAME": "base"
    }
}
{
    "level": "INFO",
    "timestamp": "2024-09-27T09:35:20.375Z",
    "message": "Rate limiter initiated",
    "meta": {}
}
{
    "level": "INFO",
    "timestamp": "2024-09-27T09:35:20.376Z",
    "message": "Application started on port 3000",
    "meta": {
        "SERVER_URL": "http://localhost:3000"
    }
}
{
    "level": "INFO",
    "timestamp": "2024-09-27T09:38:10.922Z",
    "message": "Database connection established",
    "meta": {
        "CONNECTION_NAME": "base"
    }
}
{
    "level": "INFO",
    "timestamp": "2024-09-27T09:38:10.929Z",
    "message": "Rate limiter initiated",
    "meta": {}
}
{
    "level": "INFO",
    "timestamp": "2024-09-27T09:38:10.930Z",
    "message": "Application started on port 3000",
    "meta": {
        "SERVER_URL": "http://localhost:3000"
    }
}
{
    "level": "INFO",
    "timestamp": "2024-09-27T09:39:57.123Z",
    "message": "Database connection established",
    "meta": {
        "CONNECTION_NAME": "base"
    }
}
{
    "level": "INFO",
    "timestamp": "2024-09-27T09:39:57.130Z",
    "message": "Rate limiter initiated",
    "meta": {}
}
{
    "level": "INFO",
    "timestamp": "2024-09-27T09:39:57.138Z",
    "message": "Application started on port 3000",
    "meta": {
        "SERVER_URL": "http://localhost:3000"
    }
}
{
    "level": "INFO",
    "timestamp": "2024-09-27T09:40:23.039Z",
    "message": "Database connection established",
    "meta": {
        "CONNECTION_NAME": "base"
    }
}
{
    "level": "INFO",
    "timestamp": "2024-09-27T09:40:23.048Z",
    "message": "Rate limiter initiated",
    "meta": {}
}
{
    "level": "INFO",
    "timestamp": "2024-09-27T09:40:23.059Z",
    "message": "Application started on port 3000",
    "meta": {
        "SERVER_URL": "http://localhost:3000"
    }
}
{
    "level": "ERROR",
    "timestamp": "2024-09-27T09:40:31.355Z",
    "message": "Controller Response",
    "meta": {
        "success": false,
        "statusCode": 404,
        "request": {
            "ip": "::1",
            "method": "GET",
            "url": "/v1/self"
        },
        "message": "Route is not found",
        "data": null,
        "trace": {
            "error": "Error: Route is not found\n    at exports.default (C:\\Users\\Administrator\\Desktop\\Projects\\workspace\\base_server\\base_server\\src\\handlers\\notFound.ts:7:15)\n    at Layer.handle [as handle_request] (C:\\Users\\Administrator\\Desktop\\Projects\\workspace\\base_server\\base_server\\node_modules\\express\\lib\\router\\layer.js:95:5)\n    at trim_prefix (C:\\Users\\Administrator\\Desktop\\Projects\\workspace\\base_server\\base_server\\node_modules\\express\\lib\\router\\index.js:328:13)\n    at C:\\Users\\Administrator\\Desktop\\Projects\\workspace\\base_server\\base_server\\node_modules\\express\\lib\\router\\index.js:286:9\n    at Function.process_params (C:\\Users\\Administrator\\Desktop\\Projects\\workspace\\base_server\\base_server\\node_modules\\express\\lib\\router\\index.js:346:12)\n    at next (C:\\Users\\Administrator\\Desktop\\Projects\\workspace\\base_server\\base_server\\node_modules\\express\\lib\\router\\index.js:280:10)\n    at C:\\Users\\Administrator\\Desktop\\Projects\\workspace\\base_server\\base_server\\node_modules\\express\\lib\\router\\index.js:646:15\n    at next (C:\\Users\\Administrator\\Desktop\\Projects\\workspace\\base_server\\base_server\\node_modules\\express\\lib\\router\\index.js:265:14)\n    at Function.handle (C:\\Users\\Administrator\\Desktop\\Projects\\workspace\\base_server\\base_server\\node_modules\\express\\lib\\router\\index.js:175:3)\n    at router (C:\\Users\\Administrator\\Desktop\\Projects\\workspace\\base_server\\base_server\\node_modules\\express\\lib\\router\\index.js:47:12)"
        }
    }
}
{
    "level": "INFO",
    "timestamp": "2024-09-27T09:45:22.000Z",
    "message": "Database connection established",
    "meta": {
        "CONNECTION_NAME": "base"
    }
}
{
    "level": "INFO",
    "timestamp": "2024-09-27T09:45:22.008Z",
    "message": "Rate limiter initiated",
    "meta": {}
}
{
    "level": "INFO",
    "timestamp": "2024-09-27T09:45:22.010Z",
    "message": "Application started on port 3000",
    "meta": {
        "SERVER_URL": "http://localhost:3000"
    }
}
{
    "level": "INFO",
    "timestamp": "2024-09-27T09:45:53.124Z",
    "message": "Database connection established",
    "meta": {
        "CONNECTION_NAME": "base"
    }
}
{
    "level": "INFO",
    "timestamp": "2024-09-27T09:45:53.132Z",
    "message": "Rate limiter initiated",
    "meta": {}
}
{
    "level": "INFO",
    "timestamp": "2024-09-27T09:45:53.134Z",
    "message": "Application started on port 3000",
    "meta": {
        "SERVER_URL": "http://localhost:3000"
    }
}
{
    "level": "INFO",
    "timestamp": "2024-09-27T09:46:01.620Z",
    "message": "Database connection established",
    "meta": {
        "CONNECTION_NAME": "base"
    }
}
{
    "level": "INFO",
    "timestamp": "2024-09-27T09:46:01.628Z",
    "message": "Rate limiter initiated",
    "meta": {}
}
{
    "level": "INFO",
    "timestamp": "2024-09-27T09:46:01.629Z",
    "message": "Application started on port 3000",
    "meta": {
        "SERVER_URL": "http://localhost:3000"
    }
}
{
    "level": "INFO",
    "timestamp": "2024-09-27T09:46:06.078Z",
    "message": "Controller Response",
    "meta": {
        "success": true,
        "statusCode": 200,
        "request": {
            "ip": "::1",
            "method": "GET",
            "url": "/v1/self"
        },
        "message": "Operation is completed",
        "data": null
    }
}
{
    "level": "INFO",
    "timestamp": "2024-09-27T09:48:08.373Z",
    "message": "Database connection established",
    "meta": {
        "CONNECTION_NAME": "base"
    }
}
{
    "level": "INFO",
    "timestamp": "2024-09-27T09:48:08.386Z",
    "message": "Rate limiter initiated",
    "meta": {}
}
{
    "level": "INFO",
    "timestamp": "2024-09-27T09:48:08.387Z",
    "message": "Application started on port 3000",
    "meta": {
        "SERVER_URL": "http://localhost:3000"
    }
}
{
    "level": "INFO",
    "timestamp": "2024-09-27T09:50:22.073Z",
    "message": "Database connection established",
    "meta": {
        "CONNECTION_NAME": "base"
    }
}
{
    "level": "INFO",
    "timestamp": "2024-09-27T09:50:22.082Z",
    "message": "Rate limiter initiated",
    "meta": {}
}
{
    "level": "INFO",
    "timestamp": "2024-09-27T09:50:22.083Z",
    "message": "Application started on port 3000",
    "meta": {
        "SERVER_URL": "http://localhost:3000"
    }
}
{
    "level": "INFO",
    "timestamp": "2024-09-27T09:51:15.390Z",
    "message": "Database connection established",
    "meta": {
        "CONNECTION_NAME": "base"
    }
}
{
    "level": "INFO",
    "timestamp": "2024-09-27T09:51:15.397Z",
    "message": "Rate limiter initiated",
    "meta": {}
}
{
    "level": "INFO",
    "timestamp": "2024-09-27T09:51:15.399Z",
    "message": "Application started on port 3000",
    "meta": {
        "SERVER_URL": "http://localhost:3000"
    }
}
{
    "level": "INFO",
    "timestamp": "2024-09-27T09:55:20.753Z",
    "message": "Database connection established",
    "meta": {
        "CONNECTION_NAME": "base"
    }
}
{
    "level": "INFO",
    "timestamp": "2024-09-27T09:55:20.761Z",
    "message": "Rate limiter initiated",
    "meta": {}
}
{
    "level": "INFO",
    "timestamp": "2024-09-27T09:55:20.763Z",
    "message": "Application started on port 3000",
    "meta": {
        "SERVER_URL": "http://localhost:3000"
    }
}
{
    "level": "INFO",
    "timestamp": "2024-09-27T09:55:24.994Z",
    "message": "Controller Response",
    "meta": {
        "success": true,
        "statusCode": 200,
        "request": {
            "ip": "::1",
            "method": "GET",
            "url": "/v1/self"
        },
        "message": "Operation is completed",
        "data": null
    }
}
{
    "level": "ERROR",
    "timestamp": "2024-09-27T09:55:29.452Z",
    "message": "Controller Response",
    "meta": {
        "success": false,
        "statusCode": 404,
        "request": {
            "ip": "::1",
            "method": "POST",
            "url": "/v1/register"
        },
        "message": "Route is not found",
        "data": null,
        "trace": {
            "error": "Error: Route is not found\n    at exports.default (C:\\Users\\Administrator\\Desktop\\Projects\\workspace\\base_server\\base_server\\src\\handlers\\notFound.ts:7:15)\n    at Layer.handle [as handle_request] (C:\\Users\\Administrator\\Desktop\\Projects\\workspace\\base_server\\base_server\\node_modules\\express\\lib\\router\\layer.js:95:5)\n    at trim_prefix (C:\\Users\\Administrator\\Desktop\\Projects\\workspace\\base_server\\base_server\\node_modules\\express\\lib\\router\\index.js:328:13)\n    at C:\\Users\\Administrator\\Desktop\\Projects\\workspace\\base_server\\base_server\\node_modules\\express\\lib\\router\\index.js:286:9\n    at Function.process_params (C:\\Users\\Administrator\\Desktop\\Projects\\workspace\\base_server\\base_server\\node_modules\\express\\lib\\router\\index.js:346:12)\n    at next (C:\\Users\\Administrator\\Desktop\\Projects\\workspace\\base_server\\base_server\\node_modules\\express\\lib\\router\\index.js:280:10)\n    at C:\\Users\\Administrator\\Desktop\\Projects\\workspace\\base_server\\base_server\\node_modules\\express\\lib\\router\\index.js:646:15\n    at next (C:\\Users\\Administrator\\Desktop\\Projects\\workspace\\base_server\\base_server\\node_modules\\express\\lib\\router\\index.js:265:14)\n    at Function.handle (C:\\Users\\Administrator\\Desktop\\Projects\\workspace\\base_server\\base_server\\node_modules\\express\\lib\\router\\index.js:175:3)\n    at router (C:\\Users\\Administrator\\Desktop\\Projects\\workspace\\base_server\\base_server\\node_modules\\express\\lib\\router\\index.js:47:12)"
        }
    }
}
{
    "level": "INFO",
    "timestamp": "2024-09-27T09:57:57.118Z",
    "message": "Database connection established",
    "meta": {
        "CONNECTION_NAME": "base"
    }
}
{
    "level": "INFO",
    "timestamp": "2024-09-27T09:57:57.125Z",
    "message": "Rate limiter initiated",
    "meta": {}
}
{
    "level": "INFO",
    "timestamp": "2024-09-27T09:57:57.126Z",
    "message": "Application started on port 3000",
    "meta": {
        "SERVER_URL": "http://localhost:3000"
    }
}
{
    "level": "ERROR",
    "timestamp": "2024-09-27T09:58:04.597Z",
    "message": "Controller Response",
    "meta": {
        "success": false,
        "statusCode": 404,
        "request": {
            "ip": "::1",
            "method": "POST",
            "url": "/v1/register"
        },
        "message": "Route is not found",
        "data": null,
        "trace": {
            "error": "Error: Route is not found\n    at exports.default (C:\\Users\\Administrator\\Desktop\\Projects\\workspace\\base_server\\base_server\\src\\handlers\\notFound.ts:7:15)\n    at Layer.handle [as handle_request] (C:\\Users\\Administrator\\Desktop\\Projects\\workspace\\base_server\\base_server\\node_modules\\express\\lib\\router\\layer.js:95:5)\n    at trim_prefix (C:\\Users\\Administrator\\Desktop\\Projects\\workspace\\base_server\\base_server\\node_modules\\express\\lib\\router\\index.js:328:13)\n    at C:\\Users\\Administrator\\Desktop\\Projects\\workspace\\base_server\\base_server\\node_modules\\express\\lib\\router\\index.js:286:9\n    at Function.process_params (C:\\Users\\Administrator\\Desktop\\Projects\\workspace\\base_server\\base_server\\node_modules\\express\\lib\\router\\index.js:346:12)\n    at Immediate.next (C:\\Users\\Administrator\\Desktop\\Projects\\workspace\\base_server\\base_server\\node_modules\\express\\lib\\router\\index.js:280:10)\n    at Immediate._onImmediate (C:\\Users\\Administrator\\Desktop\\Projects\\workspace\\base_server\\base_server\\node_modules\\express\\lib\\router\\index.js:646:15)\n    at processImmediate (node:internal/timers:480:21)"
        }
    }
}
{
    "level": "INFO",
    "timestamp": "2024-09-27T09:58:26.383Z",
    "message": "Database connection established",
    "meta": {
        "CONNECTION_NAME": "base"
    }
}
{
    "level": "INFO",
    "timestamp": "2024-09-27T09:58:26.390Z",
    "message": "Rate limiter initiated",
    "meta": {}
}
{
    "level": "INFO",
    "timestamp": "2024-09-27T09:58:26.391Z",
    "message": "Application started on port 3000",
    "meta": {
        "SERVER_URL": "http://localhost:3000"
    }
}
{
    "level": "ERROR",
    "timestamp": "2024-09-27T09:58:26.630Z",
    "message": "Controller Response",
    "meta": {
        "success": false,
        "statusCode": 404,
        "request": {
            "ip": "::1",
            "method": "POST",
            "url": "/v1/register"
        },
        "message": "Route is not found",
        "data": null,
        "trace": {
            "error": "Error: Route is not found\n    at exports.default (C:\\Users\\Administrator\\Desktop\\Projects\\workspace\\base_server\\base_server\\src\\handlers\\notFound.ts:7:15)\n    at Layer.handle [as handle_request] (C:\\Users\\Administrator\\Desktop\\Projects\\workspace\\base_server\\base_server\\node_modules\\express\\lib\\router\\layer.js:95:5)\n    at trim_prefix (C:\\Users\\Administrator\\Desktop\\Projects\\workspace\\base_server\\base_server\\node_modules\\express\\lib\\router\\index.js:328:13)\n    at C:\\Users\\Administrator\\Desktop\\Projects\\workspace\\base_server\\base_server\\node_modules\\express\\lib\\router\\index.js:286:9\n    at Function.process_params (C:\\Users\\Administrator\\Desktop\\Projects\\workspace\\base_server\\base_server\\node_modules\\express\\lib\\router\\index.js:346:12)\n    at Immediate.next (C:\\Users\\Administrator\\Desktop\\Projects\\workspace\\base_server\\base_server\\node_modules\\express\\lib\\router\\index.js:280:10)\n    at Immediate._onImmediate (C:\\Users\\Administrator\\Desktop\\Projects\\workspace\\base_server\\base_server\\node_modules\\express\\lib\\router\\index.js:646:15)\n    at processImmediate (node:internal/timers:480:21)"
        }
    }
}
{
    "level": "INFO",
    "timestamp": "2024-09-27T09:59:29.402Z",
    "message": "Database connection established",
    "meta": {
        "CONNECTION_NAME": "base"
    }
}
{
    "level": "INFO",
    "timestamp": "2024-09-27T09:59:29.409Z",
    "message": "Rate limiter initiated",
    "meta": {}
}
{
    "level": "INFO",
    "timestamp": "2024-09-27T09:59:29.410Z",
    "message": "Application started on port 3000",
    "meta": {
        "SERVER_URL": "http://localhost:3000"
    }
}
{
    "level": "INFO",
    "timestamp": "2024-09-27T10:00:59.186Z",
    "message": "Database connection established",
    "meta": {
        "CONNECTION_NAME": "base"
    }
}
{
    "level": "INFO",
    "timestamp": "2024-09-27T10:00:59.194Z",
    "message": "Rate limiter initiated",
    "meta": {}
}
{
    "level": "INFO",
    "timestamp": "2024-09-27T10:00:59.197Z",
    "message": "Application started on port 3000",
    "meta": {
        "SERVER_URL": "http://localhost:3000"
    }
}
{
    "level": "ERROR",
    "timestamp": "2024-09-27T10:01:04.463Z",
    "message": "Controller Response",
    "meta": {
        "success": false,
        "statusCode": 404,
        "request": {
            "ip": "::1",
            "method": "POST",
            "url": "/v1/user/register"
        },
        "message": "Route is not found",
        "data": null,
        "trace": {
            "error": "Error: Route is not found\n    at exports.default (C:\\Users\\Administrator\\Desktop\\Projects\\workspace\\base_server\\base_server\\src\\handlers\\notFound.ts:7:15)\n    at Layer.handle [as handle_request] (C:\\Users\\Administrator\\Desktop\\Projects\\workspace\\base_server\\base_server\\node_modules\\express\\lib\\router\\layer.js:95:5)\n    at trim_prefix (C:\\Users\\Administrator\\Desktop\\Projects\\workspace\\base_server\\base_server\\node_modules\\express\\lib\\router\\index.js:328:13)\n    at C:\\Users\\Administrator\\Desktop\\Projects\\workspace\\base_server\\base_server\\node_modules\\express\\lib\\router\\index.js:286:9\n    at Function.process_params (C:\\Users\\Administrator\\Desktop\\Projects\\workspace\\base_server\\base_server\\node_modules\\express\\lib\\router\\index.js:346:12)\n    at Immediate.next (C:\\Users\\Administrator\\Desktop\\Projects\\workspace\\base_server\\base_server\\node_modules\\express\\lib\\router\\index.js:280:10)\n    at Immediate._onImmediate (C:\\Users\\Administrator\\Desktop\\Projects\\workspace\\base_server\\base_server\\node_modules\\express\\lib\\router\\index.js:646:15)\n    at processImmediate (node:internal/timers:480:21)"
        }
    }
}
{
    "level": "INFO",
    "timestamp": "2024-09-27T10:01:21.046Z",
    "message": "Database connection established",
    "meta": {
        "CONNECTION_NAME": "base"
    }
}
{
    "level": "INFO",
    "timestamp": "2024-09-27T10:01:21.053Z",
    "message": "Rate limiter initiated",
    "meta": {}
}
{
    "level": "INFO",
    "timestamp": "2024-09-27T10:01:21.054Z",
    "message": "Application started on port 3000",
    "meta": {
        "SERVER_URL": "http://localhost:3000"
    }
}
{
    "level": "INFO",
    "timestamp": "2024-09-27T10:55:38.210Z",
    "message": "Database connection established",
    "meta": {
        "CONNECTION_NAME": "base"
    }
}
{
    "level": "INFO",
    "timestamp": "2024-09-27T10:55:38.217Z",
    "message": "Rate limiter initiated",
    "meta": {}
}
{
    "level": "INFO",
    "timestamp": "2024-09-27T10:55:38.219Z",
    "message": "Application started on port 3000",
    "meta": {
        "SERVER_URL": "http://localhost:3000"
    }
}
{
    "level": "ERROR",
    "timestamp": "2024-09-27T10:55:46.393Z",
    "message": "Controller Response",
    "meta": {
        "success": false,
        "statusCode": 404,
        "request": {
            "ip": "::1",
            "method": "POST",
            "url": "/v1/register"
        },
        "message": "Route is not found",
        "data": null,
        "trace": {
            "error": "Error: Route is not found\n    at exports.default (C:\\Users\\Administrator\\Desktop\\Projects\\workspace\\base_server\\base_server\\src\\handlers\\notFound.ts:7:15)\n    at Layer.handle [as handle_request] (C:\\Users\\Administrator\\Desktop\\Projects\\workspace\\base_server\\base_server\\node_modules\\express\\lib\\router\\layer.js:95:5)\n    at trim_prefix (C:\\Users\\Administrator\\Desktop\\Projects\\workspace\\base_server\\base_server\\node_modules\\express\\lib\\router\\index.js:328:13)\n    at C:\\Users\\Administrator\\Desktop\\Projects\\workspace\\base_server\\base_server\\node_modules\\express\\lib\\router\\index.js:286:9\n    at Function.process_params (C:\\Users\\Administrator\\Desktop\\Projects\\workspace\\base_server\\base_server\\node_modules\\express\\lib\\router\\index.js:346:12)\n    at Immediate.next (C:\\Users\\Administrator\\Desktop\\Projects\\workspace\\base_server\\base_server\\node_modules\\express\\lib\\router\\index.js:280:10)\n    at Immediate._onImmediate (C:\\Users\\Administrator\\Desktop\\Projects\\workspace\\base_server\\base_server\\node_modules\\express\\lib\\router\\index.js:646:15)\n    at processImmediate (node:internal/timers:480:21)"
        }
    }
}
{
    "level": "INFO",
    "timestamp": "2024-09-27T10:57:11.645Z",
    "message": "Database connection established",
    "meta": {
        "CONNECTION_NAME": "base"
    }
}
{
    "level": "INFO",
    "timestamp": "2024-09-27T10:57:11.652Z",
    "message": "Rate limiter initiated",
    "meta": {}
}
{
    "level": "INFO",
    "timestamp": "2024-09-27T10:57:11.653Z",
    "message": "Application started on port 3000",
    "meta": {
        "SERVER_URL": "http://localhost:3000"
    }
}
{
    "level": "INFO",
    "timestamp": "2024-09-27T10:57:22.443Z",
    "message": "Database connection established",
    "meta": {
        "CONNECTION_NAME": "base"
    }
}
{
    "level": "INFO",
    "timestamp": "2024-09-27T10:57:22.450Z",
    "message": "Rate limiter initiated",
    "meta": {}
}
{
    "level": "INFO",
    "timestamp": "2024-09-27T10:57:22.451Z",
    "message": "Application started on port 3000",
    "meta": {
        "SERVER_URL": "http://localhost:3000"
    }
}
{
    "level": "ERROR",
    "timestamp": "2024-09-27T10:57:31.586Z",
    "message": "Controller Response",
    "meta": {
        "success": false,
        "statusCode": 404,
        "request": {
            "ip": "::1",
            "method": "POST",
            "url": "/v1/register"
        },
        "message": "Route is not found",
        "data": null,
        "trace": {
            "error": "Error: Route is not found\n    at exports.default (C:\\Users\\Administrator\\Desktop\\Projects\\workspace\\base_server\\base_server\\src\\handlers\\notFound.ts:7:15)\n    at Layer.handle [as handle_request] (C:\\Users\\Administrator\\Desktop\\Projects\\workspace\\base_server\\base_server\\node_modules\\express\\lib\\router\\layer.js:95:5)\n    at trim_prefix (C:\\Users\\Administrator\\Desktop\\Projects\\workspace\\base_server\\base_server\\node_modules\\express\\lib\\router\\index.js:328:13)\n    at C:\\Users\\Administrator\\Desktop\\Projects\\workspace\\base_server\\base_server\\node_modules\\express\\lib\\router\\index.js:286:9\n    at Function.process_params (C:\\Users\\Administrator\\Desktop\\Projects\\workspace\\base_server\\base_server\\node_modules\\express\\lib\\router\\index.js:346:12)\n    at Immediate.next (C:\\Users\\Administrator\\Desktop\\Projects\\workspace\\base_server\\base_server\\node_modules\\express\\lib\\router\\index.js:280:10)\n    at Immediate._onImmediate (C:\\Users\\Administrator\\Desktop\\Projects\\workspace\\base_server\\base_server\\node_modules\\express\\lib\\router\\index.js:646:15)\n    at processImmediate (node:internal/timers:480:21)"
        }
    }
}
{
    "level": "INFO",
    "timestamp": "2024-09-27T10:58:42.849Z",
    "message": "Database connection established",
    "meta": {
        "CONNECTION_NAME": "base"
    }
}
{
    "level": "INFO",
    "timestamp": "2024-09-27T10:58:42.857Z",
    "message": "Rate limiter initiated",
    "meta": {}
}
{
    "level": "INFO",
    "timestamp": "2024-09-27T10:58:42.858Z",
    "message": "Application started on port 3000",
    "meta": {
        "SERVER_URL": "http://localhost:3000"
    }
}
{
    "level": "ERROR",
    "timestamp": "2024-09-27T10:58:43.033Z",
    "message": "Controller Response",
    "meta": {
        "success": false,
        "statusCode": 404,
        "request": {
            "ip": "::1",
            "method": "POST",
            "url": "/v1/register"
        },
        "message": "Route is not found",
        "data": null,
        "trace": {
            "error": "Error: Route is not found\n    at exports.default (C:\\Users\\Administrator\\Desktop\\Projects\\workspace\\base_server\\base_server\\src\\handlers\\notFound.ts:7:15)\n    at Layer.handle [as handle_request] (C:\\Users\\Administrator\\Desktop\\Projects\\workspace\\base_server\\base_server\\node_modules\\express\\lib\\router\\layer.js:95:5)\n    at trim_prefix (C:\\Users\\Administrator\\Desktop\\Projects\\workspace\\base_server\\base_server\\node_modules\\express\\lib\\router\\index.js:328:13)\n    at C:\\Users\\Administrator\\Desktop\\Projects\\workspace\\base_server\\base_server\\node_modules\\express\\lib\\router\\index.js:286:9\n    at Function.process_params (C:\\Users\\Administrator\\Desktop\\Projects\\workspace\\base_server\\base_server\\node_modules\\express\\lib\\router\\index.js:346:12)\n    at Immediate.next (C:\\Users\\Administrator\\Desktop\\Projects\\workspace\\base_server\\base_server\\node_modules\\express\\lib\\router\\index.js:280:10)\n    at Immediate._onImmediate (C:\\Users\\Administrator\\Desktop\\Projects\\workspace\\base_server\\base_server\\node_modules\\express\\lib\\router\\index.js:646:15)\n    at processImmediate (node:internal/timers:480:21)"
        }
    }
}
{
    "level": "INFO",
    "timestamp": "2024-09-27T10:59:05.891Z",
    "message": "Database connection established",
    "meta": {
        "CONNECTION_NAME": "base"
    }
}
{
    "level": "INFO",
    "timestamp": "2024-09-27T10:59:05.898Z",
    "message": "Rate limiter initiated",
    "meta": {}
}
{
    "level": "INFO",
    "timestamp": "2024-09-27T10:59:05.899Z",
    "message": "Application started on port 3000",
    "meta": {
        "SERVER_URL": "http://localhost:3000"
    }
}
{
    "level": "ERROR",
    "timestamp": "2024-09-27T10:59:11.188Z",
    "message": "Controller Response",
    "meta": {
        "success": false,
        "statusCode": 404,
        "request": {
            "ip": "::1",
            "method": "POST",
            "url": "/v1/register"
        },
        "message": "Route is not found",
        "data": null,
        "trace": {
            "error": "Error: Route is not found\n    at exports.default (C:\\Users\\Administrator\\Desktop\\Projects\\workspace\\base_server\\base_server\\src\\handlers\\notFound.ts:7:15)\n    at Layer.handle [as handle_request] (C:\\Users\\Administrator\\Desktop\\Projects\\workspace\\base_server\\base_server\\node_modules\\express\\lib\\router\\layer.js:95:5)\n    at trim_prefix (C:\\Users\\Administrator\\Desktop\\Projects\\workspace\\base_server\\base_server\\node_modules\\express\\lib\\router\\index.js:328:13)\n    at C:\\Users\\Administrator\\Desktop\\Projects\\workspace\\base_server\\base_server\\node_modules\\express\\lib\\router\\index.js:286:9\n    at Function.process_params (C:\\Users\\Administrator\\Desktop\\Projects\\workspace\\base_server\\base_server\\node_modules\\express\\lib\\router\\index.js:346:12)\n    at Immediate.next (C:\\Users\\Administrator\\Desktop\\Projects\\workspace\\base_server\\base_server\\node_modules\\express\\lib\\router\\index.js:280:10)\n    at Immediate._onImmediate (C:\\Users\\Administrator\\Desktop\\Projects\\workspace\\base_server\\base_server\\node_modules\\express\\lib\\router\\index.js:646:15)\n    at processImmediate (node:internal/timers:480:21)"
        }
    }
}
{
    "level": "INFO",
    "timestamp": "2024-09-27T11:00:05.212Z",
    "message": "Database connection established",
    "meta": {
        "CONNECTION_NAME": "base"
    }
}
{
    "level": "INFO",
    "timestamp": "2024-09-27T11:00:05.220Z",
    "message": "Rate limiter initiated",
    "meta": {}
}
{
    "level": "INFO",
    "timestamp": "2024-09-27T11:00:05.222Z",
    "message": "Application started on port 3000",
    "meta": {
        "SERVER_URL": "http://localhost:3000"
    }
}
{
    "level": "ERROR",
    "timestamp": "2024-09-27T11:00:10.387Z",
    "message": "Controller Response",
    "meta": {
        "success": false,
        "statusCode": 404,
        "request": {
            "ip": "::1",
            "method": "POST",
            "url": "/v1/register"
        },
        "message": "Route is not found",
        "data": null,
        "trace": {
            "error": "Error: Route is not found\n    at exports.default (C:\\Users\\Administrator\\Desktop\\Projects\\workspace\\base_server\\base_server\\src\\handlers\\notFound.ts:7:15)\n    at Layer.handle [as handle_request] (C:\\Users\\Administrator\\Desktop\\Projects\\workspace\\base_server\\base_server\\node_modules\\express\\lib\\router\\layer.js:95:5)\n    at trim_prefix (C:\\Users\\Administrator\\Desktop\\Projects\\workspace\\base_server\\base_server\\node_modules\\express\\lib\\router\\index.js:328:13)\n    at C:\\Users\\Administrator\\Desktop\\Projects\\workspace\\base_server\\base_server\\node_modules\\express\\lib\\router\\index.js:286:9\n    at Function.process_params (C:\\Users\\Administrator\\Desktop\\Projects\\workspace\\base_server\\base_server\\node_modules\\express\\lib\\router\\index.js:346:12)\n    at Immediate.next (C:\\Users\\Administrator\\Desktop\\Projects\\workspace\\base_server\\base_server\\node_modules\\express\\lib\\router\\index.js:280:10)\n    at Immediate._onImmediate (C:\\Users\\Administrator\\Desktop\\Projects\\workspace\\base_server\\base_server\\node_modules\\express\\lib\\router\\index.js:646:15)\n    at processImmediate (node:internal/timers:480:21)"
        }
    }
}
{
    "level": "INFO",
    "timestamp": "2024-09-27T11:00:24.496Z",
    "message": "Controller Response",
    "meta": {
        "success": true,
        "statusCode": 200,
        "request": {
            "ip": "::1",
            "method": "GET",
            "url": "/v1/self"
        },
        "message": "Operation is completed",
        "data": null
    }
}
{
    "level": "INFO",
    "timestamp": "2024-09-27T11:00:29.687Z",
    "message": "Controller Response",
    "meta": {
        "success": true,
        "statusCode": 200,
        "request": {
            "ip": "::1",
            "method": "GET",
            "url": "/v1/health"
        },
        "message": "Operation is completed",
        "data": {
            "application": {
                "environment": "development",
                "uptime": "28.04 Second",
                "memoryUsage": {
                    "heapTotal": "154.82 MB",
                    "heapUsed": "147.95 MB"
                }
            },
            "system": {
                "cpuUsage": [
                    0,
                    0,
                    0
                ],
                "totalMemory": "7502.02 MB",
                "freeMemory": "315.75 MB"
            },
            "timeStamp": 1727434829687
        }
    }
}
{
    "level": "ERROR",
    "timestamp": "2024-09-27T11:00:44.047Z",
    "message": "Controller Response",
    "meta": {
        "success": false,
        "statusCode": 404,
        "request": {
            "ip": "::1",
            "method": "POST",
            "url": "/v1/register"
        },
        "message": "Route is not found",
        "data": null,
        "trace": {
            "error": "Error: Route is not found\n    at exports.default (C:\\Users\\Administrator\\Desktop\\Projects\\workspace\\base_server\\base_server\\src\\handlers\\notFound.ts:7:15)\n    at Layer.handle [as handle_request] (C:\\Users\\Administrator\\Desktop\\Projects\\workspace\\base_server\\base_server\\node_modules\\express\\lib\\router\\layer.js:95:5)\n    at trim_prefix (C:\\Users\\Administrator\\Desktop\\Projects\\workspace\\base_server\\base_server\\node_modules\\express\\lib\\router\\index.js:328:13)\n    at C:\\Users\\Administrator\\Desktop\\Projects\\workspace\\base_server\\base_server\\node_modules\\express\\lib\\router\\index.js:286:9\n    at Function.process_params (C:\\Users\\Administrator\\Desktop\\Projects\\workspace\\base_server\\base_server\\node_modules\\express\\lib\\router\\index.js:346:12)\n    at Immediate.next (C:\\Users\\Administrator\\Desktop\\Projects\\workspace\\base_server\\base_server\\node_modules\\express\\lib\\router\\index.js:280:10)\n    at Immediate._onImmediate (C:\\Users\\Administrator\\Desktop\\Projects\\workspace\\base_server\\base_server\\node_modules\\express\\lib\\router\\index.js:646:15)\n    at processImmediate (node:internal/timers:480:21)"
        }
    }
}
{
    "level": "INFO",
    "timestamp": "2024-09-27T11:02:41.069Z",
    "message": "Database connection established",
    "meta": {
        "CONNECTION_NAME": "base"
    }
}
{
    "level": "INFO",
    "timestamp": "2024-09-27T11:02:41.076Z",
    "message": "Rate limiter initiated",
    "meta": {}
}
{
    "level": "INFO",
    "timestamp": "2024-09-27T11:02:41.077Z",
    "message": "Application started on port 3000",
    "meta": {
        "SERVER_URL": "http://localhost:3000"
    }
}
{
    "level": "INFO",
    "timestamp": "2024-09-27T11:03:34.748Z",
    "message": "Database connection established",
    "meta": {
        "CONNECTION_NAME": "base"
    }
}
{
    "level": "INFO",
    "timestamp": "2024-09-27T11:03:34.756Z",
    "message": "Rate limiter initiated",
    "meta": {}
}
{
    "level": "INFO",
    "timestamp": "2024-09-27T11:03:34.758Z",
    "message": "Application started on port 3000",
    "meta": {
        "SERVER_URL": "http://localhost:3000"
    }
}
{
    "level": "INFO",
    "timestamp": "2024-09-27T11:03:38.044Z",
    "message": "Controller Response",
    "meta": {
        "success": true,
        "statusCode": 200,
        "request": {
            "ip": "::1",
            "method": "POST",
            "url": "/v1/register"
        },
        "message": "Operation is completed",
        "data": null
    }
}
{
    "level": "INFO",
    "timestamp": "2024-09-27T11:04:11.117Z",
    "message": "Database connection established",
    "meta": {
        "CONNECTION_NAME": "base"
    }
}
{
    "level": "INFO",
    "timestamp": "2024-09-27T11:04:11.125Z",
    "message": "Rate limiter initiated",
    "meta": {}
}
{
    "level": "INFO",
    "timestamp": "2024-09-27T11:04:11.126Z",
    "message": "Application started on port 3000",
    "meta": {
        "SERVER_URL": "http://localhost:3000"
    }
}
{
    "level": "INFO",
    "timestamp": "2024-09-27T11:04:39.530Z",
    "message": "Database connection established",
    "meta": {
        "CONNECTION_NAME": "base"
    }
}
{
    "level": "INFO",
    "timestamp": "2024-09-27T11:04:39.538Z",
    "message": "Rate limiter initiated",
    "meta": {}
}
{
    "level": "INFO",
    "timestamp": "2024-09-27T11:04:39.539Z",
    "message": "Application started on port 3000",
    "meta": {
        "SERVER_URL": "http://localhost:3000"
    }
}
{
    "level": "INFO",
    "timestamp": "2024-09-27T11:04:50.728Z",
    "message": "Controller Response",
    "meta": {
        "success": true,
        "statusCode": 200,
        "request": {
            "ip": "::1",
            "method": "POST",
            "url": "/v1/register"
        },
        "message": "Operation is completed",
        "data": null
    }
}
{
    "level": "INFO",
    "timestamp": "2024-09-27T11:06:55.608Z",
    "message": "Database connection established",
    "meta": {
        "CONNECTION_NAME": "base"
    }
}
{
    "level": "INFO",
    "timestamp": "2024-09-27T11:06:55.616Z",
    "message": "Rate limiter initiated",
    "meta": {}
}
{
    "level": "INFO",
    "timestamp": "2024-09-27T11:06:55.617Z",
    "message": "Application started on port 3000",
    "meta": {
        "SERVER_URL": "http://localhost:3000"
    }
}
{
    "level": "INFO",
    "timestamp": "2024-09-27T11:07:19.497Z",
    "message": "Controller Response",
    "meta": {
        "success": true,
        "statusCode": 201,
        "request": {
            "ip": "::1",
            "method": "POST",
            "url": "/v1/register"
        },
        "message": "Operation is completed",
        "data": null
    }
}
{
    "level": "INFO",
    "timestamp": "2024-09-27T13:56:45.986Z",
    "message": "Database connection established",
    "meta": {
        "CONNECTION_NAME": "base"
    }
}
{
    "level": "INFO",
    "timestamp": "2024-09-27T13:56:45.996Z",
    "message": "Rate limiter initiated",
    "meta": {}
}
{
    "level": "INFO",
    "timestamp": "2024-09-27T13:56:45.998Z",
    "message": "Application started on port 3000",
    "meta": {
        "SERVER_URL": "http://localhost:3000"
    }
}
{
    "level": "INFO",
    "timestamp": "2024-09-27T13:57:49.020Z",
    "message": "Controller Response",
    "meta": {
        "success": true,
        "statusCode": 201,
        "request": {
            "ip": "::1",
            "method": "POST",
            "url": "/v1/register"
        },
        "message": "Operation is completed",
        "data": null
    }
}
{
    "level": "INFO",
    "timestamp": "2024-09-27T13:58:51.015Z",
    "message": "Controller Response",
    "meta": {
        "success": true,
        "statusCode": 201,
        "request": {
            "ip": "::1",
            "method": "POST",
            "url": "/v1/register"
        },
        "message": "Operation is completed",
        "data": null
    }
}
{
    "level": "INFO",
    "timestamp": "2024-09-27T13:59:08.177Z",
    "message": "Controller Response",
    "meta": {
        "success": true,
        "statusCode": 201,
        "request": {
            "ip": "::1",
            "method": "POST",
            "url": "/v1/register"
        },
        "message": "Operation is completed",
        "data": null
    }
}
{
    "level": "INFO",
    "timestamp": "2024-09-30T10:43:27.953Z",
    "message": "Database connection established",
    "meta": {
        "CONNECTION_NAME": "base"
    }
}
{
    "level": "INFO",
    "timestamp": "2024-09-30T10:43:27.966Z",
    "message": "Rate limiter initiated",
    "meta": {}
}
{
    "level": "INFO",
    "timestamp": "2024-09-30T10:43:27.967Z",
    "message": "Application started on port 3000",
    "meta": {
        "SERVER_URL": "http://localhost:3000"
    }
}
{
    "level": "ERROR",
    "timestamp": "2024-09-30T10:43:37.924Z",
    "message": "Controller Response",
    "meta": {
        "success": false,
        "statusCode": 422,
        "request": {
            "ip": "::1",
            "method": "POST",
            "url": "/v1/register"
        },
        "message": "\"name\" is not allowed to be empty",
        "data": null,
        "trace": {
            "error": "ValidationError: \"name\" is not allowed to be empty"
        }
    }
}
{
    "level": "INFO",
    "timestamp": "2024-09-30T10:51:02.403Z",
    "message": "Database connection established",
    "meta": {
        "CONNECTION_NAME": "base"
    }
}
{
    "level": "INFO",
    "timestamp": "2024-09-30T10:51:02.446Z",
    "message": "Rate limiter initiated",
    "meta": {}
}
{
    "level": "INFO",
    "timestamp": "2024-09-30T10:51:02.449Z",
    "message": "Application started on port 3000",
    "meta": {
        "SERVER_URL": "http://localhost:3000"
    }
}
{
    "level": "INFO",
    "timestamp": "2024-09-30T10:55:45.546Z",
    "message": "Database connection established",
    "meta": {
        "CONNECTION_NAME": "base"
    }
}
{
    "level": "INFO",
    "timestamp": "2024-09-30T10:55:45.574Z",
    "message": "Rate limiter initiated",
    "meta": {}
}
{
    "level": "INFO",
    "timestamp": "2024-09-30T10:55:45.576Z",
    "message": "Application started on port 3000",
    "meta": {
        "SERVER_URL": "http://localhost:3000"
    }
}
{
    "level": "INFO",
    "timestamp": "2024-09-30T10:56:30.537Z",
    "message": "Database connection established",
    "meta": {
        "CONNECTION_NAME": "base"
    }
}
{
    "level": "INFO",
    "timestamp": "2024-09-30T10:56:30.545Z",
    "message": "Rate limiter initiated",
    "meta": {}
}
{
    "level": "INFO",
    "timestamp": "2024-09-30T10:56:30.546Z",
    "message": "Application started on port 3000",
    "meta": {
        "SERVER_URL": "http://localhost:3000"
    }
}
{
    "level": "INFO",
    "timestamp": "2024-09-30T11:02:51.357Z",
    "message": "Database connection established",
    "meta": {
        "CONNECTION_NAME": "base"
    }
}
{
    "level": "INFO",
    "timestamp": "2024-09-30T11:02:51.386Z",
    "message": "Rate limiter initiated",
    "meta": {}
}
{
    "level": "INFO",
    "timestamp": "2024-09-30T11:02:51.387Z",
    "message": "Application started on port 3000",
    "meta": {
        "SERVER_URL": "http://localhost:3000"
    }
}
{
    "level": "INFO",
    "timestamp": "2024-09-30T11:03:33.543Z",
    "message": "Database connection established",
    "meta": {
        "CONNECTION_NAME": "base"
    }
}
{
    "level": "INFO",
    "timestamp": "2024-09-30T11:03:33.562Z",
    "message": "Rate limiter initiated",
    "meta": {}
}
{
    "level": "INFO",
    "timestamp": "2024-09-30T11:03:33.564Z",
    "message": "Application started on port 3000",
    "meta": {
        "SERVER_URL": "http://localhost:3000"
    }
}
{
    "level": "ERROR",
    "timestamp": "2024-09-30T11:04:35.831Z",
    "message": "Controller Response",
    "meta": {
        "success": false,
        "statusCode": 422,
        "request": {
            "ip": "::1",
            "method": "POST",
            "url": "/v1/register"
        },
        "message": "\"name\" is not allowed to be empty",
        "data": null,
        "trace": {
            "error": "ValidationError: \"name\" is not allowed to be empty"
        }
    }
}
{
    "level": "ERROR",
    "timestamp": "2024-09-30T11:05:26.432Z",
    "message": "Controller Response",
    "meta": {
        "success": false,
        "statusCode": 422,
        "request": {
            "ip": "::1",
            "method": "POST",
            "url": "/v1/register"
        },
        "message": "\"password\" length must be at least 8 characters long",
        "data": null,
        "trace": {
            "error": "ValidationError: \"password\" length must be at least 8 characters long"
        }
    }
}
{
    "level": "ERROR",
    "timestamp": "2024-09-30T11:05:39.705Z",
    "message": "Controller Response",
    "meta": {
        "success": false,
        "statusCode": 422,
        "request": {
            "ip": "::1",
            "method": "POST",
            "url": "/v1/register"
        },
        "message": "\"password\" with value \"qwertyuuiioooo\" fails to match the required pattern: /^(?=.*[0-9])(?=.*[a-z])(?=.*[A-Z])(?=.*\\W)(?!.* ).{8,16}$/",
        "data": null,
        "trace": {
            "error": "ValidationError: \"password\" with value \"qwertyuuiioooo\" fails to match the required pattern: /^(?=.*[0-9])(?=.*[a-z])(?=.*[A-Z])(?=.*\\W)(?!.* ).{8,16}$/"
        }
    }
}
{
    "level": "ERROR",
    "timestamp": "2024-09-30T11:06:18.178Z",
    "message": "Controller Response",
    "meta": {
        "success": false,
        "statusCode": 422,
        "request": {
            "ip": "::1",
            "method": "POST",
            "url": "/v1/register"
        },
        "message": "Invalid phone number",
        "data": null,
        "trace": {
            "error": "Error: Invalid phone number\n    at register (C:\\Users\\Administrator\\Desktop\\Projects\\workspace\\base_server\\base_server\\src\\APIs\\user\\authentication\\authentication.controller.ts:25:40)\n    at Layer.handle [as handle_request] (C:\\Users\\Administrator\\Desktop\\Projects\\workspace\\base_server\\base_server\\node_modules\\express\\lib\\router\\layer.js:95:5)\n    at next (C:\\Users\\Administrator\\Desktop\\Projects\\workspace\\base_server\\base_server\\node_modules\\express\\lib\\router\\route.js:149:13)\n    at Route.dispatch (C:\\Users\\Administrator\\Desktop\\Projects\\workspace\\base_server\\base_server\\node_modules\\express\\lib\\router\\route.js:119:3)\n    at Layer.handle [as handle_request] (C:\\Users\\Administrator\\Desktop\\Projects\\workspace\\base_server\\base_server\\node_modules\\express\\lib\\router\\layer.js:95:5)\n    at C:\\Users\\Administrator\\Desktop\\Projects\\workspace\\base_server\\base_server\\node_modules\\express\\lib\\router\\index.js:284:15\n    at Function.process_params (C:\\Users\\Administrator\\Desktop\\Projects\\workspace\\base_server\\base_server\\node_modules\\express\\lib\\router\\index.js:346:12)\n    at next (C:\\Users\\Administrator\\Desktop\\Projects\\workspace\\base_server\\base_server\\node_modules\\express\\lib\\router\\index.js:280:10)\n    at Function.handle (C:\\Users\\Administrator\\Desktop\\Projects\\workspace\\base_server\\base_server\\node_modules\\express\\lib\\router\\index.js:175:3)\n    at router (C:\\Users\\Administrator\\Desktop\\Projects\\workspace\\base_server\\base_server\\node_modules\\express\\lib\\router\\index.js:47:12)"
        }
    }
}
{
    "level": "ERROR",
    "timestamp": "2024-09-30T11:06:26.208Z",
    "message": "Controller Response",
    "meta": {
        "success": false,
        "statusCode": 422,
        "request": {
            "ip": "::1",
            "method": "POST",
            "url": "/v1/register"
        },
        "message": "\"phoneNumber\" length must be at least 4 characters long",
        "data": null,
        "trace": {
            "error": "ValidationError: \"phoneNumber\" length must be at least 4 characters long"
        }
    }
}
{
    "level": "INFO",
    "timestamp": "2024-09-30T11:06:35.307Z",
    "message": "Controller Response",
    "meta": {
        "success": true,
        "statusCode": 201,
        "request": {
            "ip": "::1",
            "method": "POST",
            "url": "/v1/register"
        },
        "message": "Operation is completed",
        "data": null
    }
}
{
    "level": "INFO",
    "timestamp": "2024-09-30T11:07:05.349Z",
    "message": "Controller Response",
    "meta": {
        "success": true,
        "statusCode": 201,
        "request": {
            "ip": "::1",
            "method": "POST",
            "url": "/v1/register"
        },
        "message": "Operation is completed",
        "data": null
    }
}
{
    "level": "ERROR",
    "timestamp": "2024-09-30T11:07:11.605Z",
    "message": "Controller Response",
    "meta": {
        "success": false,
        "statusCode": 422,
        "request": {
            "ip": "::1",
            "method": "POST",
            "url": "/v1/register"
        },
        "message": "Invalid phone number",
        "data": null,
        "trace": {
            "error": "Error: Invalid phone number\n    at register (C:\\Users\\Administrator\\Desktop\\Projects\\workspace\\base_server\\base_server\\src\\APIs\\user\\authentication\\authentication.controller.ts:25:40)\n    at Layer.handle [as handle_request] (C:\\Users\\Administrator\\Desktop\\Projects\\workspace\\base_server\\base_server\\node_modules\\express\\lib\\router\\layer.js:95:5)\n    at next (C:\\Users\\Administrator\\Desktop\\Projects\\workspace\\base_server\\base_server\\node_modules\\express\\lib\\router\\route.js:149:13)\n    at Route.dispatch (C:\\Users\\Administrator\\Desktop\\Projects\\workspace\\base_server\\base_server\\node_modules\\express\\lib\\router\\route.js:119:3)\n    at Layer.handle [as handle_request] (C:\\Users\\Administrator\\Desktop\\Projects\\workspace\\base_server\\base_server\\node_modules\\express\\lib\\router\\layer.js:95:5)\n    at C:\\Users\\Administrator\\Desktop\\Projects\\workspace\\base_server\\base_server\\node_modules\\express\\lib\\router\\index.js:284:15\n    at Function.process_params (C:\\Users\\Administrator\\Desktop\\Projects\\workspace\\base_server\\base_server\\node_modules\\express\\lib\\router\\index.js:346:12)\n    at next (C:\\Users\\Administrator\\Desktop\\Projects\\workspace\\base_server\\base_server\\node_modules\\express\\lib\\router\\index.js:280:10)\n    at Function.handle (C:\\Users\\Administrator\\Desktop\\Projects\\workspace\\base_server\\base_server\\node_modules\\express\\lib\\router\\index.js:175:3)\n    at router (C:\\Users\\Administrator\\Desktop\\Projects\\workspace\\base_server\\base_server\\node_modules\\express\\lib\\router\\index.js:47:12)"
        }
    }
}
{
    "level": "ERROR",
    "timestamp": "2024-09-30T11:07:34.942Z",
    "message": "Controller Response",
    "meta": {
        "success": false,
        "statusCode": 422,
        "request": {
            "ip": "::1",
            "method": "POST",
            "url": "/v1/register"
        },
        "message": "Invalid phone number",
        "data": null,
        "trace": {
            "error": "Error: Invalid phone number\n    at register (C:\\Users\\Administrator\\Desktop\\Projects\\workspace\\base_server\\base_server\\src\\APIs\\user\\authentication\\authentication.controller.ts:25:40)\n    at Layer.handle [as handle_request] (C:\\Users\\Administrator\\Desktop\\Projects\\workspace\\base_server\\base_server\\node_modules\\express\\lib\\router\\layer.js:95:5)\n    at next (C:\\Users\\Administrator\\Desktop\\Projects\\workspace\\base_server\\base_server\\node_modules\\express\\lib\\router\\route.js:149:13)\n    at Route.dispatch (C:\\Users\\Administrator\\Desktop\\Projects\\workspace\\base_server\\base_server\\node_modules\\express\\lib\\router\\route.js:119:3)\n    at Layer.handle [as handle_request] (C:\\Users\\Administrator\\Desktop\\Projects\\workspace\\base_server\\base_server\\node_modules\\express\\lib\\router\\layer.js:95:5)\n    at C:\\Users\\Administrator\\Desktop\\Projects\\workspace\\base_server\\base_server\\node_modules\\express\\lib\\router\\index.js:284:15\n    at Function.process_params (C:\\Users\\Administrator\\Desktop\\Projects\\workspace\\base_server\\base_server\\node_modules\\express\\lib\\router\\index.js:346:12)\n    at next (C:\\Users\\Administrator\\Desktop\\Projects\\workspace\\base_server\\base_server\\node_modules\\express\\lib\\router\\index.js:280:10)\n    at Function.handle (C:\\Users\\Administrator\\Desktop\\Projects\\workspace\\base_server\\base_server\\node_modules\\express\\lib\\router\\index.js:175:3)\n    at router (C:\\Users\\Administrator\\Desktop\\Projects\\workspace\\base_server\\base_server\\node_modules\\express\\lib\\router\\index.js:47:12)"
        }
    }
}
{
    "level": "ERROR",
    "timestamp": "2024-09-30T11:08:00.510Z",
    "message": "Controller Response",
    "meta": {
        "success": false,
        "statusCode": 422,
        "request": {
            "ip": "::1",
            "method": "POST",
            "url": "/v1/register"
        },
        "message": "Invalid phone number",
        "data": null,
        "trace": {
            "error": "Error: Invalid phone number\n    at register (C:\\Users\\Administrator\\Desktop\\Projects\\workspace\\base_server\\base_server\\src\\APIs\\user\\authentication\\authentication.controller.ts:25:40)\n    at Layer.handle [as handle_request] (C:\\Users\\Administrator\\Desktop\\Projects\\workspace\\base_server\\base_server\\node_modules\\express\\lib\\router\\layer.js:95:5)\n    at next (C:\\Users\\Administrator\\Desktop\\Projects\\workspace\\base_server\\base_server\\node_modules\\express\\lib\\router\\route.js:149:13)\n    at Route.dispatch (C:\\Users\\Administrator\\Desktop\\Projects\\workspace\\base_server\\base_server\\node_modules\\express\\lib\\router\\route.js:119:3)\n    at Layer.handle [as handle_request] (C:\\Users\\Administrator\\Desktop\\Projects\\workspace\\base_server\\base_server\\node_modules\\express\\lib\\router\\layer.js:95:5)\n    at C:\\Users\\Administrator\\Desktop\\Projects\\workspace\\base_server\\base_server\\node_modules\\express\\lib\\router\\index.js:284:15\n    at Function.process_params (C:\\Users\\Administrator\\Desktop\\Projects\\workspace\\base_server\\base_server\\node_modules\\express\\lib\\router\\index.js:346:12)\n    at next (C:\\Users\\Administrator\\Desktop\\Projects\\workspace\\base_server\\base_server\\node_modules\\express\\lib\\router\\index.js:280:10)\n    at Function.handle (C:\\Users\\Administrator\\Desktop\\Projects\\workspace\\base_server\\base_server\\node_modules\\express\\lib\\router\\index.js:175:3)\n    at router (C:\\Users\\Administrator\\Desktop\\Projects\\workspace\\base_server\\base_server\\node_modules\\express\\lib\\router\\index.js:47:12)"
        }
    }
}
{
    "level": "INFO",
    "timestamp": "2024-09-30T11:08:09.264Z",
    "message": "Controller Response",
    "meta": {
        "success": true,
        "statusCode": 201,
        "request": {
            "ip": "::1",
            "method": "POST",
            "url": "/v1/register"
        },
        "message": "Operation is completed",
        "data": null
    }
}
{
    "level": "INFO",
    "timestamp": "2024-09-30T11:08:44.040Z",
    "message": "Database connection established",
    "meta": {
        "CONNECTION_NAME": "base"
    }
}
{
    "level": "INFO",
    "timestamp": "2024-09-30T11:08:44.064Z",
    "message": "Rate limiter initiated",
    "meta": {}
}
{
    "level": "INFO",
    "timestamp": "2024-09-30T11:08:44.066Z",
    "message": "Application started on port 3000",
    "meta": {
        "SERVER_URL": "http://localhost:3000"
    }
}
{
    "level": "INFO",
    "timestamp": "2024-09-30T11:11:55.357Z",
    "message": "Database connection established",
    "meta": {
        "CONNECTION_NAME": "base"
    }
}
{
    "level": "INFO",
    "timestamp": "2024-09-30T11:11:55.382Z",
    "message": "Rate limiter initiated",
    "meta": {}
}
{
    "level": "INFO",
    "timestamp": "2024-09-30T11:11:55.383Z",
    "message": "Application started on port 3000",
    "meta": {
        "SERVER_URL": "http://localhost:3000"
    }
}
{
    "level": "INFO",
    "timestamp": "2024-09-30T14:44:58.057Z",
    "message": "Database connection established",
    "meta": {
        "CONNECTION_NAME": "base"
    }
}
{
    "level": "INFO",
    "timestamp": "2024-09-30T14:44:58.068Z",
    "message": "Rate limiter initiated",
    "meta": {}
}
{
    "level": "INFO",
    "timestamp": "2024-09-30T14:44:58.071Z",
    "message": "Application started on port 3000",
    "meta": {
        "SERVER_URL": "http://localhost:3000"
    }
}
{
    "level": "INFO",
    "timestamp": "2024-09-30T14:45:04.167Z",
    "message": "Controller Response",
    "meta": {
        "success": true,
        "statusCode": 201,
        "request": {
            "ip": "::1",
            "method": "POST",
            "url": "/v1/register"
        },
        "message": "Operation is completed",
        "data": null
    }
}
{
    "level": "ERROR",
    "timestamp": "2024-09-30T14:45:34.374Z",
    "message": "Controller Response",
    "meta": {
        "success": false,
        "statusCode": 422,
        "request": {
            "ip": "::1",
            "method": "POST",
            "url": "/v1/register"
        },
        "message": "Invalid phone number",
        "data": null,
        "trace": {
            "error": "Error: Invalid phone number\n    at Object.register (C:\\Users\\Administrator\\Desktop\\Projects\\workspace\\base_server\\base_server\\src\\APIs\\user\\authentication\\authentication.service.ts:16:36)\n    at register (C:\\Users\\Administrator\\Desktop\\Projects\\workspace\\base_server\\base_server\\src\\APIs\\user\\authentication\\authentication.controller.ts:22:22)\n    at Layer.handle [as handle_request] (C:\\Users\\Administrator\\Desktop\\Projects\\workspace\\base_server\\base_server\\node_modules\\express\\lib\\router\\layer.js:95:5)\n    at next (C:\\Users\\Administrator\\Desktop\\Projects\\workspace\\base_server\\base_server\\node_modules\\express\\lib\\router\\route.js:149:13)\n    at Route.dispatch (C:\\Users\\Administrator\\Desktop\\Projects\\workspace\\base_server\\base_server\\node_modules\\express\\lib\\router\\route.js:119:3)\n    at Layer.handle [as handle_request] (C:\\Users\\Administrator\\Desktop\\Projects\\workspace\\base_server\\base_server\\node_modules\\express\\lib\\router\\layer.js:95:5)\n    at C:\\Users\\Administrator\\Desktop\\Projects\\workspace\\base_server\\base_server\\node_modules\\express\\lib\\router\\index.js:284:15\n    at Function.process_params (C:\\Users\\Administrator\\Desktop\\Projects\\workspace\\base_server\\base_server\\node_modules\\express\\lib\\router\\index.js:346:12)\n    at next (C:\\Users\\Administrator\\Desktop\\Projects\\workspace\\base_server\\base_server\\node_modules\\express\\lib\\router\\index.js:280:10)\n    at Function.handle (C:\\Users\\Administrator\\Desktop\\Projects\\workspace\\base_server\\base_server\\node_modules\\express\\lib\\router\\index.js:175:3)"
        }
    }
}
{
    "level": "INFO",
    "timestamp": "2024-09-30T14:45:34.388Z",
    "message": "Controller Response",
    "meta": {
        "success": true,
        "statusCode": 201,
        "request": {
            "ip": "::1",
            "method": "POST",
            "url": "/v1/register"
        },
        "message": "Operation is completed",
        "data": null
    }
}
{
    "level": "ERROR",
    "timestamp": "2024-09-30T14:45:36.525Z",
    "message": "Controller Response",
    "meta": {
        "success": false,
        "statusCode": 422,
        "request": {
            "ip": "::1",
            "method": "POST",
            "url": "/v1/register"
        },
        "message": "Invalid phone number",
        "data": null,
        "trace": {
            "error": "Error: Invalid phone number\n    at Object.register (C:\\Users\\Administrator\\Desktop\\Projects\\workspace\\base_server\\base_server\\src\\APIs\\user\\authentication\\authentication.service.ts:16:36)\n    at register (C:\\Users\\Administrator\\Desktop\\Projects\\workspace\\base_server\\base_server\\src\\APIs\\user\\authentication\\authentication.controller.ts:22:22)\n    at Layer.handle [as handle_request] (C:\\Users\\Administrator\\Desktop\\Projects\\workspace\\base_server\\base_server\\node_modules\\express\\lib\\router\\layer.js:95:5)\n    at next (C:\\Users\\Administrator\\Desktop\\Projects\\workspace\\base_server\\base_server\\node_modules\\express\\lib\\router\\route.js:149:13)\n    at Route.dispatch (C:\\Users\\Administrator\\Desktop\\Projects\\workspace\\base_server\\base_server\\node_modules\\express\\lib\\router\\route.js:119:3)\n    at Layer.handle [as handle_request] (C:\\Users\\Administrator\\Desktop\\Projects\\workspace\\base_server\\base_server\\node_modules\\express\\lib\\router\\layer.js:95:5)\n    at C:\\Users\\Administrator\\Desktop\\Projects\\workspace\\base_server\\base_server\\node_modules\\express\\lib\\router\\index.js:284:15\n    at Function.process_params (C:\\Users\\Administrator\\Desktop\\Projects\\workspace\\base_server\\base_server\\node_modules\\express\\lib\\router\\index.js:346:12)\n    at next (C:\\Users\\Administrator\\Desktop\\Projects\\workspace\\base_server\\base_server\\node_modules\\express\\lib\\router\\index.js:280:10)\n    at Function.handle (C:\\Users\\Administrator\\Desktop\\Projects\\workspace\\base_server\\base_server\\node_modules\\express\\lib\\router\\index.js:175:3)"
        }
    }
}
{
    "level": "INFO",
    "timestamp": "2024-09-30T14:45:36.531Z",
    "message": "Controller Response",
    "meta": {
        "success": true,
        "statusCode": 201,
        "request": {
            "ip": "::1",
            "method": "POST",
            "url": "/v1/register"
        },
        "message": "Operation is completed",
        "data": null
    }
}
{
    "level": "ERROR",
    "timestamp": "2024-09-30T14:45:42.357Z",
    "message": "Controller Response",
    "meta": {
        "success": false,
        "statusCode": 422,
        "request": {
            "ip": "::1",
            "method": "POST",
            "url": "/v1/register"
        },
        "message": "Invalid phone number",
        "data": null,
        "trace": {
            "error": "Error: Invalid phone number\n    at Object.register (C:\\Users\\Administrator\\Desktop\\Projects\\workspace\\base_server\\base_server\\src\\APIs\\user\\authentication\\authentication.service.ts:16:36)\n    at register (C:\\Users\\Administrator\\Desktop\\Projects\\workspace\\base_server\\base_server\\src\\APIs\\user\\authentication\\authentication.controller.ts:22:22)\n    at Layer.handle [as handle_request] (C:\\Users\\Administrator\\Desktop\\Projects\\workspace\\base_server\\base_server\\node_modules\\express\\lib\\router\\layer.js:95:5)\n    at next (C:\\Users\\Administrator\\Desktop\\Projects\\workspace\\base_server\\base_server\\node_modules\\express\\lib\\router\\route.js:149:13)\n    at Route.dispatch (C:\\Users\\Administrator\\Desktop\\Projects\\workspace\\base_server\\base_server\\node_modules\\express\\lib\\router\\route.js:119:3)\n    at Layer.handle [as handle_request] (C:\\Users\\Administrator\\Desktop\\Projects\\workspace\\base_server\\base_server\\node_modules\\express\\lib\\router\\layer.js:95:5)\n    at C:\\Users\\Administrator\\Desktop\\Projects\\workspace\\base_server\\base_server\\node_modules\\express\\lib\\router\\index.js:284:15\n    at Function.process_params (C:\\Users\\Administrator\\Desktop\\Projects\\workspace\\base_server\\base_server\\node_modules\\express\\lib\\router\\index.js:346:12)\n    at next (C:\\Users\\Administrator\\Desktop\\Projects\\workspace\\base_server\\base_server\\node_modules\\express\\lib\\router\\index.js:280:10)\n    at Function.handle (C:\\Users\\Administrator\\Desktop\\Projects\\workspace\\base_server\\base_server\\node_modules\\express\\lib\\router\\index.js:175:3)"
        }
    }
}
{
    "level": "INFO",
    "timestamp": "2024-09-30T14:45:42.370Z",
    "message": "Controller Response",
    "meta": {
        "success": true,
        "statusCode": 201,
        "request": {
            "ip": "::1",
            "method": "POST",
            "url": "/v1/register"
        },
        "message": "Operation is completed",
        "data": null
    }
}
{
    "level": "INFO",
    "timestamp": "2024-09-30T14:50:45.023Z",
    "message": "Database connection established",
    "meta": {
        "CONNECTION_NAME": "base"
    }
}
{
    "level": "INFO",
    "timestamp": "2024-09-30T14:50:45.060Z",
    "message": "Rate limiter initiated",
    "meta": {}
}
{
    "level": "INFO",
    "timestamp": "2024-09-30T14:50:45.063Z",
    "message": "Application started on port 3000",
    "meta": {
        "SERVER_URL": "http://localhost:3000"
    }
}
{
    "level": "ERROR",
    "timestamp": "2024-09-30T14:50:49.966Z",
    "message": "Controller Response",
    "meta": {
        "success": false,
        "statusCode": 422,
        "request": {
            "ip": "::1",
            "method": "POST",
            "url": "/v1/register"
        },
        "message": "Invalid phone number",
        "data": null,
        "trace": {
            "error": "Error: Invalid phone number\n    at Object.register (C:\\Users\\Administrator\\Desktop\\Projects\\workspace\\base_server\\base_server\\src\\APIs\\user\\authentication\\authentication.service.ts:16:36)\n    at register (C:\\Users\\Administrator\\Desktop\\Projects\\workspace\\base_server\\base_server\\src\\APIs\\user\\authentication\\authentication.controller.ts:22:32)\n    at Layer.handle [as handle_request] (C:\\Users\\Administrator\\Desktop\\Projects\\workspace\\base_server\\base_server\\node_modules\\express\\lib\\router\\layer.js:95:5)\n    at next (C:\\Users\\Administrator\\Desktop\\Projects\\workspace\\base_server\\base_server\\node_modules\\express\\lib\\router\\route.js:149:13)\n    at Route.dispatch (C:\\Users\\Administrator\\Desktop\\Projects\\workspace\\base_server\\base_server\\node_modules\\express\\lib\\router\\route.js:119:3)\n    at Layer.handle [as handle_request] (C:\\Users\\Administrator\\Desktop\\Projects\\workspace\\base_server\\base_server\\node_modules\\express\\lib\\router\\layer.js:95:5)\n    at C:\\Users\\Administrator\\Desktop\\Projects\\workspace\\base_server\\base_server\\node_modules\\express\\lib\\router\\index.js:284:15\n    at Function.process_params (C:\\Users\\Administrator\\Desktop\\Projects\\workspace\\base_server\\base_server\\node_modules\\express\\lib\\router\\index.js:346:12)\n    at next (C:\\Users\\Administrator\\Desktop\\Projects\\workspace\\base_server\\base_server\\node_modules\\express\\lib\\router\\index.js:280:10)\n    at Function.handle (C:\\Users\\Administrator\\Desktop\\Projects\\workspace\\base_server\\base_server\\node_modules\\express\\lib\\router\\index.js:175:3)"
        }
    }
}
{
    "level": "INFO",
    "timestamp": "2024-09-30T14:50:49.972Z",
    "message": "Controller Response",
    "meta": {
        "success": true,
        "statusCode": 201,
        "request": {
            "ip": "::1",
            "method": "POST",
            "url": "/v1/register"
        },
        "message": "Operation is completed"
    }
}
{
    "level": "INFO",
    "timestamp": "2024-09-30T14:56:49.823Z",
    "message": "Database connection established",
    "meta": {
        "CONNECTION_NAME": "base"
    }
}
{
    "level": "INFO",
    "timestamp": "2024-09-30T14:56:49.848Z",
    "message": "Rate limiter initiated",
    "meta": {}
}
{
    "level": "INFO",
    "timestamp": "2024-09-30T14:56:49.849Z",
    "message": "Application started on port 3000",
    "meta": {
        "SERVER_URL": "http://localhost:3000"
    }
}
{
    "level": "ERROR",
    "timestamp": "2024-09-30T14:56:56.754Z",
    "message": "Controller Response",
    "meta": {
        "success": false,
        "statusCode": 422,
        "request": {
            "ip": "::1",
            "method": "POST",
            "url": "/v1/register"
        },
        "message": "Invalid phone number",
        "data": null,
        "trace": {
            "error": "Error: Invalid phone number\n    at Object.register (C:\\Users\\Administrator\\Desktop\\Projects\\workspace\\base_server\\base_server\\src\\APIs\\user\\authentication\\authentication.service.ts:18:40)\n    at register (C:\\Users\\Administrator\\Desktop\\Projects\\workspace\\base_server\\base_server\\src\\APIs\\user\\authentication\\authentication.controller.ts:22:32)\n    at Layer.handle [as handle_request] (C:\\Users\\Administrator\\Desktop\\Projects\\workspace\\base_server\\base_server\\node_modules\\express\\lib\\router\\layer.js:95:5)\n    at next (C:\\Users\\Administrator\\Desktop\\Projects\\workspace\\base_server\\base_server\\node_modules\\express\\lib\\router\\route.js:149:13)\n    at Route.dispatch (C:\\Users\\Administrator\\Desktop\\Projects\\workspace\\base_server\\base_server\\node_modules\\express\\lib\\router\\route.js:119:3)\n    at Layer.handle [as handle_request] (C:\\Users\\Administrator\\Desktop\\Projects\\workspace\\base_server\\base_server\\node_modules\\express\\lib\\router\\layer.js:95:5)\n    at C:\\Users\\Administrator\\Desktop\\Projects\\workspace\\base_server\\base_server\\node_modules\\express\\lib\\router\\index.js:284:15\n    at Function.process_params (C:\\Users\\Administrator\\Desktop\\Projects\\workspace\\base_server\\base_server\\node_modules\\express\\lib\\router\\index.js:346:12)\n    at next (C:\\Users\\Administrator\\Desktop\\Projects\\workspace\\base_server\\base_server\\node_modules\\express\\lib\\router\\index.js:280:10)\n    at Function.handle (C:\\Users\\Administrator\\Desktop\\Projects\\workspace\\base_server\\base_server\\node_modules\\express\\lib\\router\\index.js:175:3)"
        }
    }
}
{
    "level": "INFO",
    "timestamp": "2024-09-30T14:56:56.762Z",
    "message": "Controller Response",
    "meta": {
        "success": true,
        "statusCode": 201,
        "request": {
            "ip": "::1",
            "method": "POST",
            "url": "/v1/register"
        },
        "message": "Operation is completed"
    }
}
{
    "level": "INFO",
    "timestamp": "2024-09-30T15:26:40.881Z",
    "message": "Database connection established",
    "meta": {
        "CONNECTION_NAME": "base"
    }
}
{
    "level": "INFO",
    "timestamp": "2024-09-30T15:26:40.908Z",
    "message": "Rate limiter initiated",
    "meta": {}
}
{
    "level": "INFO",
    "timestamp": "2024-09-30T15:26:40.909Z",
    "message": "Application started on port 3000",
    "meta": {
        "SERVER_URL": "http://localhost:3000"
    }
}
{
    "level": "INFO",
    "timestamp": "2024-09-30T15:28:04.825Z",
    "message": "Database connection established",
    "meta": {
        "CONNECTION_NAME": "base"
    }
}
{
    "level": "INFO",
    "timestamp": "2024-09-30T15:28:04.855Z",
    "message": "Rate limiter initiated",
    "meta": {}
}
{
    "level": "INFO",
    "timestamp": "2024-09-30T15:28:04.857Z",
    "message": "Application started on port 3000",
    "meta": {
        "SERVER_URL": "http://localhost:3000"
    }
}
{
    "level": "INFO",
    "timestamp": "2024-09-30T15:30:31.281Z",
    "message": "Database connection established",
    "meta": {
        "CONNECTION_NAME": "base"
    }
}
{
    "level": "INFO",
    "timestamp": "2024-09-30T15:30:31.314Z",
    "message": "Rate limiter initiated",
    "meta": {}
}
{
    "level": "INFO",
    "timestamp": "2024-09-30T15:30:31.316Z",
    "message": "Application started on port 3000",
    "meta": {
        "SERVER_URL": "http://localhost:3000"
    }
}
{
    "level": "INFO",
    "timestamp": "2024-09-30T15:30:39.540Z",
    "message": "Database connection established",
    "meta": {
        "CONNECTION_NAME": "base"
    }
}
{
    "level": "INFO",
    "timestamp": "2024-09-30T15:30:39.562Z",
    "message": "Rate limiter initiated",
    "meta": {}
}
{
    "level": "INFO",
    "timestamp": "2024-09-30T15:30:39.564Z",
    "message": "Application started on port 3000",
    "meta": {
        "SERVER_URL": "http://localhost:3000"
    }
}
{
    "level": "ERROR",
    "timestamp": "2024-09-30T15:30:45.941Z",
    "message": "Controller Response",
    "meta": {
        "success": false,
        "statusCode": 422,
        "request": {
            "ip": "::1",
            "method": "POST",
            "url": "/v1/register"
        },
        "message": "Invalid phone number",
        "data": null,
        "trace": {
            "error": "Error: Invalid phone number\n    at Object.register (C:\\Users\\Administrator\\Desktop\\Projects\\workspace\\base_server\\base_server\\src\\APIs\\user\\authentication\\authentication.service.ts:17:36)\n    at register (C:\\Users\\Administrator\\Desktop\\Projects\\workspace\\base_server\\base_server\\src\\APIs\\user\\authentication\\authentication.controller.ts:22:32)\n    at Layer.handle [as handle_request] (C:\\Users\\Administrator\\Desktop\\Projects\\workspace\\base_server\\base_server\\node_modules\\express\\lib\\router\\layer.js:95:5)\n    at next (C:\\Users\\Administrator\\Desktop\\Projects\\workspace\\base_server\\base_server\\node_modules\\express\\lib\\router\\route.js:149:13)\n    at Route.dispatch (C:\\Users\\Administrator\\Desktop\\Projects\\workspace\\base_server\\base_server\\node_modules\\express\\lib\\router\\route.js:119:3)\n    at Layer.handle [as handle_request] (C:\\Users\\Administrator\\Desktop\\Projects\\workspace\\base_server\\base_server\\node_modules\\express\\lib\\router\\layer.js:95:5)\n    at C:\\Users\\Administrator\\Desktop\\Projects\\workspace\\base_server\\base_server\\node_modules\\express\\lib\\router\\index.js:284:15\n    at Function.process_params (C:\\Users\\Administrator\\Desktop\\Projects\\workspace\\base_server\\base_server\\node_modules\\express\\lib\\router\\index.js:346:12)\n    at next (C:\\Users\\Administrator\\Desktop\\Projects\\workspace\\base_server\\base_server\\node_modules\\express\\lib\\router\\index.js:280:10)\n    at Function.handle (C:\\Users\\Administrator\\Desktop\\Projects\\workspace\\base_server\\base_server\\node_modules\\express\\lib\\router\\index.js:175:3)"
        }
    }
}
{
    "level": "INFO",
    "timestamp": "2024-09-30T15:30:45.946Z",
    "message": "Controller Response",
    "meta": {
        "success": true,
        "statusCode": 201,
        "request": {
            "ip": "::1",
            "method": "POST",
            "url": "/v1/register"
        },
        "message": "Operation is completed"
    }
}
{
    "level": "ERROR",
    "timestamp": "2024-09-30T15:39:37.471Z",
    "message": "Controller Response",
    "meta": {
        "success": false,
        "statusCode": 422,
        "request": {
            "ip": "::1",
            "method": "POST",
            "url": "/v1/register"
        },
        "message": "Invalid phone number",
        "data": null,
        "trace": {
            "error": "Error: Invalid phone number\n    at register (C:\\Users\\Administrator\\Desktop\\Projects\\workspace\\base_server\\base_server\\src\\APIs\\user\\authentication\\authentication.controller.ts:28:40)\n    at Layer.handle [as handle_request] (C:\\Users\\Administrator\\Desktop\\Projects\\workspace\\base_server\\base_server\\node_modules\\express\\lib\\router\\layer.js:95:5)\n    at next (C:\\Users\\Administrator\\Desktop\\Projects\\workspace\\base_server\\base_server\\node_modules\\express\\lib\\router\\route.js:149:13)\n    at Route.dispatch (C:\\Users\\Administrator\\Desktop\\Projects\\workspace\\base_server\\base_server\\node_modules\\express\\lib\\router\\route.js:119:3)\n    at Layer.handle [as handle_request] (C:\\Users\\Administrator\\Desktop\\Projects\\workspace\\base_server\\base_server\\node_modules\\express\\lib\\router\\layer.js:95:5)\n    at C:\\Users\\Administrator\\Desktop\\Projects\\workspace\\base_server\\base_server\\node_modules\\express\\lib\\router\\index.js:284:15\n    at Function.process_params (C:\\Users\\Administrator\\Desktop\\Projects\\workspace\\base_server\\base_server\\node_modules\\express\\lib\\router\\index.js:346:12)\n    at next (C:\\Users\\Administrator\\Desktop\\Projects\\workspace\\base_server\\base_server\\node_modules\\express\\lib\\router\\index.js:280:10)\n    at Function.handle (C:\\Users\\Administrator\\Desktop\\Projects\\workspace\\base_server\\base_server\\node_modules\\express\\lib\\router\\index.js:175:3)\n    at router (C:\\Users\\Administrator\\Desktop\\Projects\\workspace\\base_server\\base_server\\node_modules\\express\\lib\\router\\index.js:47:12)"
        }
    }
}
{
    "level": "INFO",
    "timestamp": "2024-09-30T15:39:37.635Z",
    "message": "Database connection established",
    "meta": {
        "CONNECTION_NAME": "base"
    }
}
{
    "level": "INFO",
    "timestamp": "2024-09-30T15:39:37.640Z",
    "message": "Rate limiter initiated",
    "meta": {}
}
{
    "level": "INFO",
    "timestamp": "2024-09-30T15:39:37.646Z",
    "message": "Application started on port 3000",
    "meta": {
        "SERVER_URL": "http://localhost:3000"
    }
}
{
    "level": "INFO",
    "timestamp": "2024-09-30T15:42:57.443Z",
    "message": "Database connection established",
    "meta": {
        "CONNECTION_NAME": "base"
    }
}
{
    "level": "INFO",
    "timestamp": "2024-09-30T15:42:57.458Z",
    "message": "Rate limiter initiated",
    "meta": {}
}
{
    "level": "INFO",
    "timestamp": "2024-09-30T15:42:57.460Z",
    "message": "Application started on port 3000",
    "meta": {
        "SERVER_URL": "http://localhost:3000"
    }
}
{
    "level": "INFO",
    "timestamp": "2024-09-30T15:44:04.462Z",
    "message": "Database connection established",
    "meta": {
        "CONNECTION_NAME": "base"
    }
}
{
    "level": "INFO",
    "timestamp": "2024-09-30T15:44:04.497Z",
    "message": "Rate limiter initiated",
    "meta": {}
}
{
    "level": "INFO",
    "timestamp": "2024-09-30T15:44:04.499Z",
    "message": "Application started on port 3000",
    "meta": {
        "SERVER_URL": "http://localhost:3000"
    }
}
{
    "level": "ERROR",
    "timestamp": "2024-09-30T15:44:20.149Z",
    "message": "Controller Response",
    "meta": {
        "success": false,
        "statusCode": 500,
        "request": {
            "ip": "::1",
            "method": "POST",
            "url": "/v1/register"
        },
        "message": "Invalid phone number",
        "data": null,
        "trace": {
            "error": "Error: Invalid phone number\n    at registerService (C:\\Users\\Administrator\\Desktop\\Projects\\workspace\\base_server\\base_server\\src\\APIs\\user\\authentication\\authentication.service.ts:12:15)\n    at register (C:\\Users\\Administrator\\Desktop\\Projects\\workspace\\base_server\\base_server\\src\\APIs\\user\\authentication\\authentication.controller.ts:38:55)\n    at Layer.handle [as handle_request] (C:\\Users\\Administrator\\Desktop\\Projects\\workspace\\base_server\\base_server\\node_modules\\express\\lib\\router\\layer.js:95:5)\n    at next (C:\\Users\\Administrator\\Desktop\\Projects\\workspace\\base_server\\base_server\\node_modules\\express\\lib\\router\\route.js:149:13)\n    at Route.dispatch (C:\\Users\\Administrator\\Desktop\\Projects\\workspace\\base_server\\base_server\\node_modules\\express\\lib\\router\\route.js:119:3)\n    at Layer.handle [as handle_request] (C:\\Users\\Administrator\\Desktop\\Projects\\workspace\\base_server\\base_server\\node_modules\\express\\lib\\router\\layer.js:95:5)\n    at C:\\Users\\Administrator\\Desktop\\Projects\\workspace\\base_server\\base_server\\node_modules\\express\\lib\\router\\index.js:284:15\n    at Function.process_params (C:\\Users\\Administrator\\Desktop\\Projects\\workspace\\base_server\\base_server\\node_modules\\express\\lib\\router\\index.js:346:12)\n    at next (C:\\Users\\Administrator\\Desktop\\Projects\\workspace\\base_server\\base_server\\node_modules\\express\\lib\\router\\index.js:280:10)\n    at Function.handle (C:\\Users\\Administrator\\Desktop\\Projects\\workspace\\base_server\\base_server\\node_modules\\express\\lib\\router\\index.js:175:3)"
        }
    }
}
{
    "level": "ERROR",
    "timestamp": "2024-09-30T15:45:20.344Z",
    "message": "Controller Response",
    "meta": {
        "success": false,
        "statusCode": 500,
        "request": {
            "ip": "::1",
            "method": "POST",
            "url": "/v1/register"
        },
        "message": "Invalid phone number",
        "data": null,
        "trace": {
            "error": "Error: Invalid phone number\n    at registerService (C:\\Users\\Administrator\\Desktop\\Projects\\workspace\\base_server\\base_server\\src\\APIs\\user\\authentication\\authentication.service.ts:12:15)\n    at register (C:\\Users\\Administrator\\Desktop\\Projects\\workspace\\base_server\\base_server\\src\\APIs\\user\\authentication\\authentication.controller.ts:38:55)\n    at Layer.handle [as handle_request] (C:\\Users\\Administrator\\Desktop\\Projects\\workspace\\base_server\\base_server\\node_modules\\express\\lib\\router\\layer.js:95:5)\n    at next (C:\\Users\\Administrator\\Desktop\\Projects\\workspace\\base_server\\base_server\\node_modules\\express\\lib\\router\\route.js:149:13)\n    at Route.dispatch (C:\\Users\\Administrator\\Desktop\\Projects\\workspace\\base_server\\base_server\\node_modules\\express\\lib\\router\\route.js:119:3)\n    at Layer.handle [as handle_request] (C:\\Users\\Administrator\\Desktop\\Projects\\workspace\\base_server\\base_server\\node_modules\\express\\lib\\router\\layer.js:95:5)\n    at C:\\Users\\Administrator\\Desktop\\Projects\\workspace\\base_server\\base_server\\node_modules\\express\\lib\\router\\index.js:284:15\n    at Function.process_params (C:\\Users\\Administrator\\Desktop\\Projects\\workspace\\base_server\\base_server\\node_modules\\express\\lib\\router\\index.js:346:12)\n    at next (C:\\Users\\Administrator\\Desktop\\Projects\\workspace\\base_server\\base_server\\node_modules\\express\\lib\\router\\index.js:280:10)\n    at Function.handle (C:\\Users\\Administrator\\Desktop\\Projects\\workspace\\base_server\\base_server\\node_modules\\express\\lib\\router\\index.js:175:3)"
        }
    }
}
{
    "level": "INFO",
    "timestamp": "2024-09-30T15:45:31.670Z",
    "message": "Controller Response",
    "meta": {
        "success": true,
        "statusCode": 201,
        "request": {
            "ip": "::1",
            "method": "POST",
            "url": "/v1/register"
        },
        "message": "Operation is completed",
        "data": {
            "countryCode": "92",
            "internationalNumber": "+92 333 1234567",
            "isoCode": "PK",
            "timezone": [
                {
                    "name": "Asia/Karachi",
                    "countries": [
                        "PK"
                    ],
                    "utcOffset": 300,
                    "utcOffsetStr": "+05:00",
                    "dstOffset": 300,
                    "dstOffsetStr": "+05:00",
                    "aliasOf": null
                }
            ]
        }
    }
}
{
    "level": "INFO",
    "timestamp": "2024-09-30T15:58:59.619Z",
    "message": "Database connection established",
    "meta": {
        "CONNECTION_NAME": "base"
    }
}
{
    "level": "INFO",
    "timestamp": "2024-09-30T15:58:59.647Z",
    "message": "Rate limiter initiated",
    "meta": {}
}
{
    "level": "INFO",
    "timestamp": "2024-09-30T15:58:59.648Z",
    "message": "Application started on port 3000",
    "meta": {
        "SERVER_URL": "http://localhost:3000"
    }
}
{
    "level": "INFO",
    "timestamp": "2024-09-30T16:12:07.988Z",
    "message": "Database connection established",
    "meta": {
        "CONNECTION_NAME": "base"
    }
}
{
    "level": "INFO",
    "timestamp": "2024-09-30T16:12:08.012Z",
    "message": "Rate limiter initiated",
    "meta": {}
}
{
    "level": "INFO",
    "timestamp": "2024-09-30T16:12:08.013Z",
    "message": "Application started on port 3000",
    "meta": {
        "SERVER_URL": "http://localhost:3000"
    }
}
{
    "level": "INFO",
    "timestamp": "2024-09-30T16:24:43.110Z",
    "message": "Database connection established",
    "meta": {
        "CONNECTION_NAME": "base"
    }
}
{
    "level": "INFO",
    "timestamp": "2024-09-30T16:24:43.142Z",
    "message": "Rate limiter initiated",
    "meta": {}
}
{
    "level": "INFO",
    "timestamp": "2024-09-30T16:24:43.143Z",
    "message": "Application started on port 3000",
    "meta": {
        "SERVER_URL": "http://localhost:3000"
    }
}
{
    "level": "INFO",
    "timestamp": "2024-09-30T16:29:03.052Z",
    "message": "Database connection established",
    "meta": {
        "CONNECTION_NAME": "base"
    }
}
{
    "level": "INFO",
    "timestamp": "2024-09-30T16:29:03.081Z",
    "message": "Rate limiter initiated",
    "meta": {}
}
{
    "level": "INFO",
    "timestamp": "2024-09-30T16:29:03.084Z",
    "message": "Application started on port 3000",
    "meta": {
        "SERVER_URL": "http://localhost:3000"
    }
}
{
    "level": "INFO",
    "timestamp": "2024-09-30T16:29:54.481Z",
    "message": "Database connection established",
    "meta": {
        "CONNECTION_NAME": "base"
    }
}
{
    "level": "INFO",
    "timestamp": "2024-09-30T16:29:54.505Z",
    "message": "Rate limiter initiated",
    "meta": {}
}
{
    "level": "INFO",
    "timestamp": "2024-09-30T16:29:54.507Z",
    "message": "Application started on port 3000",
    "meta": {
        "SERVER_URL": "http://localhost:3000"
    }
}
{
    "level": "INFO",
    "timestamp": "2024-09-30T16:33:27.261Z",
    "message": "Database connection established",
    "meta": {
        "CONNECTION_NAME": "base"
    }
}
{
    "level": "INFO",
    "timestamp": "2024-09-30T16:33:27.288Z",
    "message": "Rate limiter initiated",
    "meta": {}
}
{
    "level": "INFO",
    "timestamp": "2024-09-30T16:33:27.289Z",
    "message": "Application started on port 3000",
    "meta": {
        "SERVER_URL": "http://localhost:3000"
    }
}
{
    "level": "INFO",
    "timestamp": "2024-09-30T16:36:44.410Z",
    "message": "Database connection established",
    "meta": {
        "CONNECTION_NAME": "base"
    }
}
{
    "level": "INFO",
    "timestamp": "2024-09-30T16:36:44.435Z",
    "message": "Rate limiter initiated",
    "meta": {}
}
{
    "level": "INFO",
    "timestamp": "2024-09-30T16:36:44.436Z",
    "message": "Application started on port 3000",
    "meta": {
        "SERVER_URL": "http://localhost:3000"
    }
}
{
    "level": "INFO",
    "timestamp": "2024-09-30T16:38:50.454Z",
    "message": "Database connection established",
    "meta": {
        "CONNECTION_NAME": "base"
    }
}
{
    "level": "INFO",
    "timestamp": "2024-09-30T16:38:50.481Z",
    "message": "Rate limiter initiated",
    "meta": {}
}
{
    "level": "INFO",
    "timestamp": "2024-09-30T16:38:50.482Z",
    "message": "Application started on port 3000",
    "meta": {
        "SERVER_URL": "http://localhost:3000"
    }
}
{
    "level": "INFO",
    "timestamp": "2024-09-30T16:39:01.187Z",
    "message": "Controller Response",
    "meta": {
        "success": true,
        "statusCode": 201,
        "request": {
            "ip": "::1",
            "method": "POST",
            "url": "/v1/register"
        },
        "message": "Operation is completed",
        "data": {
            "countryCode": "92",
            "internationalNumber": "+92 333 1234567",
            "isoCode": "PK",
            "timezone": [
                {
                    "name": "Asia/Karachi",
                    "countries": [
                        "PK"
                    ],
                    "utcOffset": 300,
                    "utcOffsetStr": "+05:00",
                    "dstOffset": 300,
                    "dstOffsetStr": "+05:00",
                    "aliasOf": null
                }
            ]
        }
    }
}
{
    "level": "ERROR",
    "timestamp": "2024-09-30T16:39:10.842Z",
    "message": "Controller Response",
    "meta": {
        "success": false,
        "statusCode": 500,
        "request": {
            "ip": "::1",
            "method": "POST",
            "url": "/v1/register"
        },
        "message": "Invalid phone number",
        "data": null,
        "trace": {
            "error": "Error: Invalid phone number\n    at registerService (C:\\Users\\Administrator\\Desktop\\Projects\\workspace\\base_server\\base_server\\src\\APIs\\user\\authentication\\authentication.service.ts:13:15)\n    at register (C:\\Users\\Administrator\\Desktop\\Projects\\workspace\\base_server\\base_server\\src\\APIs\\user\\authentication\\authentication.controller.ts:38:55)\n    at Layer.handle [as handle_request] (C:\\Users\\Administrator\\Desktop\\Projects\\workspace\\base_server\\base_server\\node_modules\\express\\lib\\router\\layer.js:95:5)\n    at next (C:\\Users\\Administrator\\Desktop\\Projects\\workspace\\base_server\\base_server\\node_modules\\express\\lib\\router\\route.js:149:13)\n    at Route.dispatch (C:\\Users\\Administrator\\Desktop\\Projects\\workspace\\base_server\\base_server\\node_modules\\express\\lib\\router\\route.js:119:3)\n    at Layer.handle [as handle_request] (C:\\Users\\Administrator\\Desktop\\Projects\\workspace\\base_server\\base_server\\node_modules\\express\\lib\\router\\layer.js:95:5)\n    at C:\\Users\\Administrator\\Desktop\\Projects\\workspace\\base_server\\base_server\\node_modules\\express\\lib\\router\\index.js:284:15\n    at Function.process_params (C:\\Users\\Administrator\\Desktop\\Projects\\workspace\\base_server\\base_server\\node_modules\\express\\lib\\router\\index.js:346:12)\n    at next (C:\\Users\\Administrator\\Desktop\\Projects\\workspace\\base_server\\base_server\\node_modules\\express\\lib\\router\\index.js:280:10)\n    at Function.handle (C:\\Users\\Administrator\\Desktop\\Projects\\workspace\\base_server\\base_server\\node_modules\\express\\lib\\router\\index.js:175:3)"
        }
    }
}
{
    "level": "INFO",
    "timestamp": "2024-09-30T16:41:08.945Z",
    "message": "Database connection established",
    "meta": {
        "CONNECTION_NAME": "base"
    }
}
{
    "level": "INFO",
    "timestamp": "2024-09-30T16:41:08.968Z",
    "message": "Rate limiter initiated",
    "meta": {}
}
{
    "level": "INFO",
    "timestamp": "2024-09-30T16:41:08.971Z",
    "message": "Application started on port 3000",
    "meta": {
        "SERVER_URL": "http://localhost:3000"
    }
}
{
    "level": "INFO",
    "timestamp": "2024-09-30T16:45:14.839Z",
    "message": "Database connection established",
    "meta": {
        "CONNECTION_NAME": "base"
    }
}
{
    "level": "INFO",
    "timestamp": "2024-09-30T16:45:14.863Z",
    "message": "Rate limiter initiated",
    "meta": {}
}
{
    "level": "INFO",
    "timestamp": "2024-09-30T16:45:14.864Z",
    "message": "Application started on port 3000",
    "meta": {
        "SERVER_URL": "http://localhost:3000"
    }
}
{
    "level": "INFO",
    "timestamp": "2024-09-30T16:46:37.838Z",
    "message": "Database connection established",
    "meta": {
        "CONNECTION_NAME": "base"
    }
}
{
    "level": "INFO",
    "timestamp": "2024-09-30T16:46:38.264Z",
    "message": "Rate limiter initiated",
    "meta": {}
}
{
    "level": "INFO",
    "timestamp": "2024-09-30T16:46:38.266Z",
    "message": "Application started on port 3000",
    "meta": {
        "SERVER_URL": "http://localhost:3000"
    }
}
{
    "level": "ERROR",
    "timestamp": "2024-09-30T16:46:44.741Z",
    "message": "Controller Response",
    "meta": {
        "success": false,
        "statusCode": 422,
        "request": {
            "ip": "::1",
            "method": "POST",
            "url": "/v1/register"
        },
        "message": "Something went wrong!",
        "data": null,
        "trace": null
    }
}
{
    "level": "INFO",
    "timestamp": "2024-09-30T16:51:41.854Z",
    "message": "Database connection established",
    "meta": {
        "CONNECTION_NAME": "base"
    }
}
{
    "level": "INFO",
    "timestamp": "2024-09-30T16:51:41.888Z",
    "message": "Rate limiter initiated",
    "meta": {}
}
{
    "level": "INFO",
    "timestamp": "2024-09-30T16:51:41.889Z",
    "message": "Application started on port 3000",
    "meta": {
        "SERVER_URL": "http://localhost:3000"
    }
}
{
    "level": "ERROR",
    "timestamp": "2024-09-30T16:55:03.833Z",
    "message": "Controller Response",
    "meta": {
        "success": false,
        "statusCode": 500,
        "request": {
            "ip": "::1",
            "method": "POST",
            "url": "/v1/register"
        },
        "message": "Invalid phone number",
        "data": null,
        "trace": {
            "error": "Error: Invalid phone number\n    at registerService (C:\\Users\\Administrator\\Desktop\\Projects\\workspace\\base_server\\base_server\\src\\APIs\\user\\authentication\\authentication.service.ts:13:15)\n    at register (C:\\Users\\Administrator\\Desktop\\Projects\\workspace\\base_server\\base_server\\src\\APIs\\user\\authentication\\authentication.controller.ts:38:55)\n    at Layer.handle [as handle_request] (C:\\Users\\Administrator\\Desktop\\Projects\\workspace\\base_server\\base_server\\node_modules\\express\\lib\\router\\layer.js:95:5)\n    at next (C:\\Users\\Administrator\\Desktop\\Projects\\workspace\\base_server\\base_server\\node_modules\\express\\lib\\router\\route.js:149:13)\n    at Route.dispatch (C:\\Users\\Administrator\\Desktop\\Projects\\workspace\\base_server\\base_server\\node_modules\\express\\lib\\router\\route.js:119:3)\n    at Layer.handle [as handle_request] (C:\\Users\\Administrator\\Desktop\\Projects\\workspace\\base_server\\base_server\\node_modules\\express\\lib\\router\\layer.js:95:5)\n    at C:\\Users\\Administrator\\Desktop\\Projects\\workspace\\base_server\\base_server\\node_modules\\express\\lib\\router\\index.js:284:15\n    at Function.process_params (C:\\Users\\Administrator\\Desktop\\Projects\\workspace\\base_server\\base_server\\node_modules\\express\\lib\\router\\index.js:346:12)\n    at next (C:\\Users\\Administrator\\Desktop\\Projects\\workspace\\base_server\\base_server\\node_modules\\express\\lib\\router\\index.js:280:10)\n    at Function.handle (C:\\Users\\Administrator\\Desktop\\Projects\\workspace\\base_server\\base_server\\node_modules\\express\\lib\\router\\index.js:175:3)"
        }
    }
}
{
    "level": "INFO",
    "timestamp": "2024-09-30T16:56:07.852Z",
    "message": "Database connection established",
    "meta": {
        "CONNECTION_NAME": "base"
    }
}
{
    "level": "INFO",
    "timestamp": "2024-09-30T16:56:07.882Z",
    "message": "Rate limiter initiated",
    "meta": {}
}
{
    "level": "INFO",
    "timestamp": "2024-09-30T16:56:07.883Z",
    "message": "Application started on port 3000",
    "meta": {
        "SERVER_URL": "http://localhost:3000"
    }
}
{
    "level": "INFO",
    "timestamp": "2024-09-30T17:00:03.530Z",
    "message": "Database connection established",
    "meta": {
        "CONNECTION_NAME": "base"
    }
}
{
    "level": "INFO",
    "timestamp": "2024-09-30T17:00:03.557Z",
    "message": "Rate limiter initiated",
    "meta": {}
}
{
    "level": "INFO",
    "timestamp": "2024-09-30T17:00:03.558Z",
    "message": "Application started on port 3000",
    "meta": {
        "SERVER_URL": "http://localhost:3000"
    }
}
{
    "level": "INFO",
    "timestamp": "2024-09-30T17:06:17.954Z",
    "message": "Database connection established",
    "meta": {
        "CONNECTION_NAME": "base"
    }
}
{
    "level": "INFO",
    "timestamp": "2024-09-30T17:06:17.965Z",
    "message": "Rate limiter initiated",
    "meta": {}
}
{
    "level": "INFO",
    "timestamp": "2024-09-30T17:06:17.967Z",
    "message": "Application started on port 3000",
    "meta": {
        "SERVER_URL": "http://localhost:3000"
    }
}
{
    "level": "ERROR",
    "timestamp": "2024-09-30T17:06:32.933Z",
    "message": "Controller Response",
    "meta": {
        "success": false,
        "statusCode": 422,
        "request": {
            "ip": "::1",
            "method": "POST",
            "url": "/v1/register"
        },
        "message": "Invalid phone number",
        "data": null,
        "trace": {
            "error": "Error: Invalid phone number\n    at registerService (C:\\Users\\Administrator\\Desktop\\Projects\\workspace\\base_server\\base_server\\src\\APIs\\user\\authentication\\authentication.service.ts:13:15)\n    at register (C:\\Users\\Administrator\\Desktop\\Projects\\workspace\\base_server\\base_server\\src\\APIs\\user\\authentication\\authentication.controller.ts:39:55)\n    at Layer.handle [as handle_request] (C:\\Users\\Administrator\\Desktop\\Projects\\workspace\\base_server\\base_server\\node_modules\\express\\lib\\router\\layer.js:95:5)\n    at next (C:\\Users\\Administrator\\Desktop\\Projects\\workspace\\base_server\\base_server\\node_modules\\express\\lib\\router\\route.js:149:13)\n    at Route.dispatch (C:\\Users\\Administrator\\Desktop\\Projects\\workspace\\base_server\\base_server\\node_modules\\express\\lib\\router\\route.js:119:3)\n    at Layer.handle [as handle_request] (C:\\Users\\Administrator\\Desktop\\Projects\\workspace\\base_server\\base_server\\node_modules\\express\\lib\\router\\layer.js:95:5)\n    at C:\\Users\\Administrator\\Desktop\\Projects\\workspace\\base_server\\base_server\\node_modules\\express\\lib\\router\\index.js:284:15\n    at Function.process_params (C:\\Users\\Administrator\\Desktop\\Projects\\workspace\\base_server\\base_server\\node_modules\\express\\lib\\router\\index.js:346:12)\n    at next (C:\\Users\\Administrator\\Desktop\\Projects\\workspace\\base_server\\base_server\\node_modules\\express\\lib\\router\\index.js:280:10)\n    at Function.handle (C:\\Users\\Administrator\\Desktop\\Projects\\workspace\\base_server\\base_server\\node_modules\\express\\lib\\router\\index.js:175:3)"
        }
    }
}
{
    "level": "INFO",
    "timestamp": "2024-09-30T17:07:06.778Z",
    "message": "Database connection established",
    "meta": {
        "CONNECTION_NAME": "base"
    }
}
{
    "level": "INFO",
    "timestamp": "2024-09-30T17:07:06.786Z",
    "message": "Rate limiter initiated",
    "meta": {}
}
{
    "level": "INFO",
    "timestamp": "2024-09-30T17:07:06.787Z",
    "message": "Application started on port 3000",
    "meta": {
        "SERVER_URL": "http://localhost:3000"
    }
}
{
    "level": "ERROR",
    "timestamp": "2024-09-30T17:07:20.627Z",
    "message": "Controller Response",
    "meta": {
        "success": false,
        "statusCode": 422,
        "request": {
            "ip": "::1",
            "method": "POST",
            "url": "/v1/register"
        },
        "message": "\"name\" length must be at least 2 characters long",
        "data": null,
        "trace": {
            "error": "ValidationError: \"name\" length must be at least 2 characters long"
        }
    }
}
{
    "level": "INFO",
    "timestamp": "2024-09-30T17:07:40.991Z",
    "message": "Controller Response",
    "meta": {
        "success": true,
        "statusCode": 201,
        "request": {
            "ip": "::1",
            "method": "POST",
            "url": "/v1/register"
        },
        "message": "Operation is completed",
        "data": {
            "countryCode": "92",
            "internationalNumber": "+92 333 1234567",
            "isoCode": "PK",
            "timezone": [
                {
                    "name": "Asia/Karachi",
                    "countries": [
                        "PK"
                    ],
                    "utcOffset": 300,
                    "utcOffsetStr": "+05:00",
                    "dstOffset": 300,
                    "dstOffsetStr": "+05:00",
                    "aliasOf": null
                }
            ]
        }
    }
}
{
    "level": "INFO",
    "timestamp": "2024-09-30T17:08:14.842Z",
    "message": "Database connection established",
    "meta": {
        "CONNECTION_NAME": "base"
    }
}
{
    "level": "INFO",
    "timestamp": "2024-09-30T17:08:14.850Z",
    "message": "Rate limiter initiated",
    "meta": {}
}
{
    "level": "INFO",
    "timestamp": "2024-09-30T17:08:14.852Z",
    "message": "Application started on port 3000",
    "meta": {
        "SERVER_URL": "http://localhost:3000"
    }
}
{
    "level": "INFO",
    "timestamp": "2024-09-30T17:11:46.554Z",
    "message": "Database connection established",
    "meta": {
        "CONNECTION_NAME": "base"
    }
}
{
    "level": "INFO",
    "timestamp": "2024-09-30T17:11:46.561Z",
    "message": "Rate limiter initiated",
    "meta": {}
}
{
    "level": "INFO",
    "timestamp": "2024-09-30T17:11:46.562Z",
    "message": "Application started on port 3000",
    "meta": {
        "SERVER_URL": "http://localhost:3000"
    }
}
{
    "level": "INFO",
    "timestamp": "2024-09-30T17:20:26.732Z",
    "message": "Database connection established",
    "meta": {
        "CONNECTION_NAME": "base"
    }
}
{
    "level": "INFO",
    "timestamp": "2024-09-30T17:20:26.741Z",
    "message": "Rate limiter initiated",
    "meta": {}
}
{
    "level": "INFO",
    "timestamp": "2024-09-30T17:20:26.742Z",
    "message": "Application started on port 3000",
    "meta": {
        "SERVER_URL": "http://localhost:3000"
    }
}
{
    "level": "INFO",
    "timestamp": "2024-09-30T17:53:15.341Z",
    "message": "Database connection established",
    "meta": {
        "CONNECTION_NAME": "base"
    }
}
{
    "level": "INFO",
    "timestamp": "2024-09-30T17:53:15.349Z",
    "message": "Rate limiter initiated",
    "meta": {}
}
{
    "level": "INFO",
    "timestamp": "2024-09-30T17:53:15.350Z",
    "message": "Application started on port 3000",
    "meta": {
        "SERVER_URL": "http://localhost:3000"
    }
}
{
    "level": "INFO",
    "timestamp": "2024-09-30T18:24:52.535Z",
    "message": "Database connection established",
    "meta": {
        "CONNECTION_NAME": "base"
    }
}
{
    "level": "INFO",
    "timestamp": "2024-09-30T18:24:52.543Z",
    "message": "Rate limiter initiated",
    "meta": {}
}
{
    "level": "INFO",
    "timestamp": "2024-09-30T18:24:52.546Z",
    "message": "Application started on port 3000",
    "meta": {
        "SERVER_URL": "http://localhost:3000"
    }
}
{
    "level": "INFO",
    "timestamp": "2024-09-30T18:31:17.401Z",
    "message": "Database connection established",
    "meta": {
        "CONNECTION_NAME": "base"
    }
}
{
    "level": "INFO",
    "timestamp": "2024-09-30T18:31:17.408Z",
    "message": "Rate limiter initiated",
    "meta": {}
}
{
    "level": "INFO",
    "timestamp": "2024-09-30T18:31:17.409Z",
    "message": "Application started on port 3000",
    "meta": {
        "SERVER_URL": "http://localhost:3000"
    }
}
{
    "level": "INFO",
    "timestamp": "2024-09-30T18:34:24.674Z",
    "message": "Database connection established",
    "meta": {
        "CONNECTION_NAME": "base"
    }
}
{
    "level": "INFO",
    "timestamp": "2024-09-30T18:34:24.683Z",
    "message": "Rate limiter initiated",
    "meta": {}
}
{
    "level": "INFO",
    "timestamp": "2024-09-30T18:34:24.684Z",
    "message": "Application started on port 3000",
    "meta": {
        "SERVER_URL": "http://localhost:3000"
    }
}
{
    "level": "INFO",
    "timestamp": "2024-09-30T18:34:30.237Z",
    "message": "Database connection established",
    "meta": {
        "CONNECTION_NAME": "base"
    }
}
{
    "level": "INFO",
    "timestamp": "2024-09-30T18:34:30.244Z",
    "message": "Rate limiter initiated",
    "meta": {}
}
{
    "level": "INFO",
    "timestamp": "2024-09-30T18:34:30.245Z",
    "message": "Application started on port 3000",
    "meta": {
        "SERVER_URL": "http://localhost:3000"
    }
}
{
    "level": "INFO",
    "timestamp": "2024-10-01T08:23:12.889Z",
    "message": "Database connection established",
    "meta": {
        "CONNECTION_NAME": "base"
    }
}
{
    "level": "INFO",
    "timestamp": "2024-10-01T08:23:12.899Z",
    "message": "Rate limiter initiated",
    "meta": {}
}
{
    "level": "INFO",
    "timestamp": "2024-10-01T08:23:12.900Z",
    "message": "Application started on port 3000",
    "meta": {
        "SERVER_URL": "http://localhost:3000"
    }
}
{
    "level": "INFO",
    "timestamp": "2024-10-01T08:23:33.196Z",
    "message": "Controller Response",
    "meta": {
        "success": true,
        "statusCode": 201,
        "request": {
            "ip": "::1",
            "method": "POST",
            "url": "/v1/register"
        },
        "message": "Operation is completed",
        "data": {}
    }
}
{
    "level": "INFO",
    "timestamp": "2024-10-01T08:24:22.557Z",
    "message": "Database connection established",
    "meta": {
        "CONNECTION_NAME": "base"
    }
}
{
    "level": "INFO",
    "timestamp": "2024-10-01T08:24:22.565Z",
    "message": "Rate limiter initiated",
    "meta": {}
}
{
    "level": "INFO",
    "timestamp": "2024-10-01T08:24:22.566Z",
    "message": "Application started on port 3000",
    "meta": {
        "SERVER_URL": "http://localhost:3000"
    }
}
{
    "level": "INFO",
    "timestamp": "2024-10-01T08:24:25.588Z",
    "message": "Controller Response",
    "meta": {
        "success": true,
        "statusCode": 201,
        "request": {
            "ip": "::1",
            "method": "POST",
            "url": "/v1/register"
        },
        "message": "Operation is completed",
        "data": {}
    }
}
{
    "level": "INFO",
    "timestamp": "2024-10-01T08:24:59.241Z",
    "message": "Controller Response",
    "meta": {
        "success": true,
        "statusCode": 201,
        "request": {
            "ip": "::1",
            "method": "POST",
            "url": "/v1/register"
        },
        "message": "Operation is completed",
        "data": {}
    }
}
{
    "level": "INFO",
    "timestamp": "2024-10-01T08:25:38.619Z",
    "message": "Database connection established",
    "meta": {
        "CONNECTION_NAME": "base"
    }
}
{
    "level": "INFO",
    "timestamp": "2024-10-01T08:25:38.626Z",
    "message": "Rate limiter initiated",
    "meta": {}
}
{
    "level": "INFO",
    "timestamp": "2024-10-01T08:25:38.627Z",
    "message": "Application started on port 3000",
    "meta": {
        "SERVER_URL": "http://localhost:3000"
    }
}
{
    "level": "INFO",
    "timestamp": "2024-10-01T08:25:40.727Z",
    "message": "Controller Response",
    "meta": {
        "success": true,
        "statusCode": 201,
        "request": {
            "ip": "::1",
            "method": "POST",
            "url": "/v1/register"
        },
        "message": "Operation is completed",
        "data": {}
    }
}
{
    "level": "INFO",
    "timestamp": "2024-10-01T08:26:59.023Z",
    "message": "Database connection established",
    "meta": {
        "CONNECTION_NAME": "base"
    }
}
{
    "level": "INFO",
    "timestamp": "2024-10-01T08:26:59.029Z",
    "message": "Rate limiter initiated",
    "meta": {}
}
{
    "level": "INFO",
    "timestamp": "2024-10-01T08:26:59.030Z",
    "message": "Application started on port 3000",
    "meta": {
        "SERVER_URL": "http://localhost:3000"
    }
}
{
    "level": "INFO",
    "timestamp": "2024-10-01T08:27:06.000Z",
    "message": "Controller Response",
    "meta": {
        "success": true,
        "statusCode": 201,
        "request": {
            "ip": "::1",
            "method": "POST",
            "url": "/v1/register"
        },
        "message": "Operation is completed",
        "data": {}
    }
}
{
    "level": "INFO",
    "timestamp": "2024-10-01T08:44:06.938Z",
    "message": "Database connection established",
    "meta": {
        "CONNECTION_NAME": "base"
    }
}
{
    "level": "INFO",
    "timestamp": "2024-10-01T08:44:06.946Z",
    "message": "Rate limiter initiated",
    "meta": {}
}
{
    "level": "INFO",
    "timestamp": "2024-10-01T08:44:06.947Z",
    "message": "Application started on port 3000",
    "meta": {
        "SERVER_URL": "http://localhost:3000"
    }
}
{
    "level": "INFO",
    "timestamp": "2024-10-01T08:46:04.013Z",
    "message": "Database connection established",
    "meta": {
        "CONNECTION_NAME": "base"
    }
}
{
    "level": "INFO",
    "timestamp": "2024-10-01T08:46:04.021Z",
    "message": "Rate limiter initiated",
    "meta": {}
}
{
    "level": "INFO",
    "timestamp": "2024-10-01T08:46:04.023Z",
    "message": "Application started on port 3000",
    "meta": {
        "SERVER_URL": "http://localhost:3000"
    }
}
{
    "level": "ERROR",
    "timestamp": "2024-10-01T08:46:08.726Z",
    "message": "Controller Response",
    "meta": {
        "success": false,
        "statusCode": 422,
        "request": {
            "ip": "::1",
            "method": "POST",
            "url": "/v1/register"
        },
        "message": "test@g.com already exists for the user",
        "data": null,
        "trace": {
            "error": "Error: test@g.com already exists for the user\n    at C:\\Users\\Administrator\\Desktop\\Projects\\workspace\\base_server\\base_server\\src\\APIs\\user\\authentication\\authentication.service.ts:30:15\n    at Generator.next (<anonymous>)\n    at fulfilled (C:\\Users\\Administrator\\Desktop\\Projects\\workspace\\base_server\\base_server\\src\\APIs\\user\\authentication\\authentication.service.ts:5:58)\n    at processTicksAndRejections (node:internal/process/task_queues:95:5)"
        }
    }
}
{
    "level": "INFO",
    "timestamp": "2024-10-01T08:46:47.326Z",
    "message": "Controller Response",
    "meta": {
        "success": true,
        "statusCode": 201,
        "request": {
            "ip": "::1",
            "method": "POST",
            "url": "/v1/register"
        },
        "message": "Operation is completed",
        "data": {
            "success": true,
            "_id": "66fbb6f7d671d053fce2ba6b"
        }
    }
}
{
    "level": "INFO",
    "timestamp": "2024-10-01T08:50:48.566Z",
    "message": "Database connection established",
    "meta": {
        "CONNECTION_NAME": "base"
    }
}
{
    "level": "INFO",
    "timestamp": "2024-10-01T08:50:48.573Z",
    "message": "Rate limiter initiated",
    "meta": {}
}
{
    "level": "INFO",
    "timestamp": "2024-10-01T08:50:48.574Z",
    "message": "Application started on port 3000",
    "meta": {
        "SERVER_URL": "http://localhost:3000"
    }
}
{
    "level": "INFO",
    "timestamp": "2024-10-01T08:50:55.056Z",
    "message": "Controller Response",
    "meta": {
        "success": true,
        "statusCode": 201,
        "request": {
            "ip": "::1",
            "method": "POST",
            "url": "/v1/register"
        },
        "message": "Operation is completed",
        "data": {
            "success": true,
            "_id": "66fbb7eead30ec1b120b7c0e"
        }
    }
}
{
    "level": "INFO",
    "timestamp": "2024-10-01T08:51:40.076Z",
    "message": "Database connection established",
    "meta": {
        "CONNECTION_NAME": "base"
    }
}
{
    "level": "INFO",
    "timestamp": "2024-10-01T08:51:40.084Z",
    "message": "Rate limiter initiated",
    "meta": {}
}
{
    "level": "INFO",
    "timestamp": "2024-10-01T08:51:40.085Z",
    "message": "Application started on port 3000",
    "meta": {
        "SERVER_URL": "http://localhost:3000"
    }
}
{
    "level": "INFO",
    "timestamp": "2024-10-01T08:51:44.486Z",
    "message": "Controller Response",
    "meta": {
        "success": true,
        "statusCode": 201,
        "request": {
            "ip": "::1",
            "method": "POST",
            "url": "/v1/register"
        },
        "message": "Account has been created successfully.",
        "data": {
            "success": true,
            "_id": "66fbb820930736511d2e53db"
        }
    }
}
{
    "level": "INFO",
    "timestamp": "2024-10-01T09:09:18.299Z",
    "message": "Database connection established",
    "meta": {
        "CONNECTION_NAME": "base"
    }
}
{
    "level": "INFO",
    "timestamp": "2024-10-01T09:09:18.307Z",
    "message": "Rate limiter initiated",
    "meta": {}
}
{
    "level": "INFO",
    "timestamp": "2024-10-01T09:09:18.309Z",
    "message": "Application started on port 3000",
    "meta": {
        "SERVER_URL": "http://localhost:3000"
    }
}
{
    "level": "INFO",
    "timestamp": "2024-10-01T09:26:16.641Z",
    "message": "Database connection established",
    "meta": {
        "CONNECTION_NAME": "base"
    }
}
{
    "level": "INFO",
    "timestamp": "2024-10-01T09:26:16.650Z",
    "message": "Rate limiter initiated",
    "meta": {}
}
{
    "level": "INFO",
    "timestamp": "2024-10-01T09:26:16.652Z",
    "message": "Application started on port 3000",
    "meta": {
        "SERVER_URL": "http://localhost:3000"
    }
}
{
    "level": "INFO",
    "timestamp": "2024-10-01T09:26:43.622Z",
    "message": "Controller Response",
    "meta": {
        "success": true,
        "statusCode": 201,
        "request": {
            "ip": "::1",
            "method": "POST",
            "url": "/v1/register"
        },
        "message": "Account has been created successfully.",
        "data": {
            "success": true,
            "_id": "66fbc05319ab06acf7c6ab03"
        }
    }
}
{
    "level": "INFO",
    "timestamp": "2024-10-01T09:30:06.396Z",
    "message": "Database connection established",
    "meta": {
        "CONNECTION_NAME": "base"
    }
}
{
    "level": "INFO",
    "timestamp": "2024-10-01T09:30:06.403Z",
    "message": "Rate limiter initiated",
    "meta": {}
}
{
    "level": "INFO",
    "timestamp": "2024-10-01T09:30:06.405Z",
    "message": "Application started on port 3000",
    "meta": {
        "SERVER_URL": "http://localhost:3000"
    }
}
{
    "level": "INFO",
    "timestamp": "2024-10-01T11:06:34.275Z",
    "message": "Database connection established",
    "meta": {
        "CONNECTION_NAME": "base"
    }
}
{
    "level": "INFO",
    "timestamp": "2024-10-01T11:06:34.287Z",
    "message": "Rate limiter initiated",
    "meta": {}
}
{
    "level": "INFO",
    "timestamp": "2024-10-01T11:06:34.290Z",
    "message": "Application started on port 3000",
    "meta": {
        "SERVER_URL": "http://localhost:3000"
    }
}
{
    "level": "ERROR",
    "timestamp": "2024-10-01T11:06:37.085Z",
    "message": "Controller Response",
    "meta": {
        "success": false,
        "statusCode": 422,
        "request": {
            "ip": "::1",
            "method": "POST",
            "url": "/v1/register"
        },
        "message": "onnexdevelopment@gmail.com already exists for the user",
        "data": null,
        "trace": {
            "error": "Error: onnexdevelopment@gmail.com already exists for the user\n    at C:\\Users\\Administrator\\Desktop\\Projects\\workspace\\base_server\\base_server\\src\\APIs\\user\\authentication\\validation\\validations.ts:9:19\n    at Generator.next (<anonymous>)\n    at fulfilled (C:\\Users\\Administrator\\Desktop\\Projects\\workspace\\base_server\\base_server\\src\\APIs\\user\\authentication\\validation\\validations.ts:5:58)\n    at processTicksAndRejections (node:internal/process/task_queues:95:5)"
        }
    }
}
{
    "level": "INFO",
    "timestamp": "2024-10-01T11:07:03.614Z",
    "message": "Controller Response",
    "meta": {
        "success": true,
        "statusCode": 201,
        "request": {
            "ip": "::1",
            "method": "POST",
            "url": "/v1/register"
        },
        "message": "Account has been created successfully.",
        "data": {
            "success": true,
            "_id": "66fbd7d71085921d7151a2dc"
        }
    }
}
{
    "level": "INFO",
    "timestamp": "2024-10-01T11:07:19.924Z",
    "message": "Database connection established",
    "meta": {
        "CONNECTION_NAME": "base"
    }
}
{
    "level": "INFO",
    "timestamp": "2024-10-01T11:07:19.937Z",
    "message": "Rate limiter initiated",
    "meta": {}
}
{
    "level": "INFO",
    "timestamp": "2024-10-01T11:07:19.938Z",
    "message": "Application started on port 3000",
    "meta": {
        "SERVER_URL": "http://localhost:3000"
    }
}
{
    "level": "INFO",
    "timestamp": "2024-10-01T11:11:14.392Z",
    "message": "Database connection established",
    "meta": {
        "CONNECTION_NAME": "base"
    }
}
{
    "level": "INFO",
    "timestamp": "2024-10-01T11:11:14.399Z",
    "message": "Rate limiter initiated",
    "meta": {}
}
{
    "level": "INFO",
    "timestamp": "2024-10-01T11:11:14.401Z",
    "message": "Application started on port 3000",
    "meta": {
        "SERVER_URL": "http://localhost:3000"
    }
}
{
    "level": "INFO",
    "timestamp": "2024-10-01T11:15:01.988Z",
    "message": "Database connection established",
    "meta": {
        "CONNECTION_NAME": "base"
    }
}
{
    "level": "INFO",
    "timestamp": "2024-10-01T11:15:01.995Z",
    "message": "Rate limiter initiated",
    "meta": {}
}
{
    "level": "INFO",
    "timestamp": "2024-10-01T11:15:02.003Z",
    "message": "Application started on port 3000",
    "meta": {
        "SERVER_URL": "http://localhost:3000"
    }
}
{
    "level": "INFO",
    "timestamp": "2024-10-01T11:15:27.819Z",
    "message": "Database connection established",
    "meta": {
        "CONNECTION_NAME": "base"
    }
}
{
    "level": "INFO",
    "timestamp": "2024-10-01T11:15:27.827Z",
    "message": "Rate limiter initiated",
    "meta": {}
}
{
    "level": "INFO",
    "timestamp": "2024-10-01T11:15:27.829Z",
    "message": "Application started on port 3000",
    "meta": {
        "SERVER_URL": "http://localhost:3000"
    }
}
{
    "level": "INFO",
    "timestamp": "2024-10-01T11:17:19.866Z",
    "message": "Database connection established",
    "meta": {
        "CONNECTION_NAME": "base"
    }
}
{
    "level": "INFO",
    "timestamp": "2024-10-01T11:17:19.873Z",
    "message": "Rate limiter initiated",
    "meta": {}
}
{
    "level": "INFO",
    "timestamp": "2024-10-01T11:17:19.874Z",
    "message": "Application started on port 3000",
    "meta": {
        "SERVER_URL": "http://localhost:3000"
    }
}
{
    "level": "INFO",
    "timestamp": "2024-10-01T11:17:25.253Z",
    "message": "Database connection established",
    "meta": {
        "CONNECTION_NAME": "base"
    }
}
{
    "level": "INFO",
    "timestamp": "2024-10-01T11:17:25.260Z",
    "message": "Rate limiter initiated",
    "meta": {}
}
{
    "level": "INFO",
    "timestamp": "2024-10-01T11:17:25.261Z",
    "message": "Application started on port 3000",
    "meta": {
        "SERVER_URL": "http://localhost:3000"
    }
}
{
    "level": "INFO",
    "timestamp": "2024-10-01T11:17:52.042Z",
    "message": "Database connection established",
    "meta": {
        "CONNECTION_NAME": "base"
    }
}
{
    "level": "INFO",
    "timestamp": "2024-10-01T11:17:52.056Z",
    "message": "Rate limiter initiated",
    "meta": {}
}
{
    "level": "INFO",
    "timestamp": "2024-10-01T11:17:52.057Z",
    "message": "Application started on port 3000",
    "meta": {
        "SERVER_URL": "http://localhost:3000"
    }
}
{
    "level": "INFO",
    "timestamp": "2024-10-01T11:17:59.748Z",
    "message": "Database connection established",
    "meta": {
        "CONNECTION_NAME": "base"
    }
}
{
    "level": "INFO",
    "timestamp": "2024-10-01T11:17:59.755Z",
    "message": "Rate limiter initiated",
    "meta": {}
}
{
    "level": "INFO",
    "timestamp": "2024-10-01T11:17:59.756Z",
    "message": "Application started on port 3000",
    "meta": {
        "SERVER_URL": "http://localhost:3000"
    }
}
{
    "level": "INFO",
    "timestamp": "2024-10-01T11:20:20.064Z",
    "message": "Database connection established",
    "meta": {
        "CONNECTION_NAME": "base"
    }
}
{
    "level": "INFO",
    "timestamp": "2024-10-01T11:20:20.071Z",
    "message": "Rate limiter initiated",
    "meta": {}
}
{
    "level": "INFO",
    "timestamp": "2024-10-01T11:20:20.072Z",
    "message": "Application started on port 3000",
    "meta": {
        "SERVER_URL": "http://localhost:3000"
    }
}
{
    "level": "INFO",
    "timestamp": "2024-10-01T11:21:52.499Z",
    "message": "Database connection established",
    "meta": {
        "CONNECTION_NAME": "base"
    }
}
{
    "level": "INFO",
    "timestamp": "2024-10-01T11:21:52.507Z",
    "message": "Rate limiter initiated",
    "meta": {}
}
{
    "level": "INFO",
    "timestamp": "2024-10-01T11:21:52.509Z",
    "message": "Application started on port 3000",
    "meta": {
        "SERVER_URL": "http://localhost:3000"
    }
}
{
    "level": "INFO",
    "timestamp": "2024-10-01T11:22:35.809Z",
    "message": "Database connection established",
    "meta": {
        "CONNECTION_NAME": "base"
    }
}
{
    "level": "INFO",
    "timestamp": "2024-10-01T11:22:35.827Z",
    "message": "Rate limiter initiated",
    "meta": {}
}
{
    "level": "INFO",
    "timestamp": "2024-10-01T11:22:35.829Z",
    "message": "Application started on port 3000",
    "meta": {
        "SERVER_URL": "http://localhost:3000"
    }
}
{
    "level": "ERROR",
    "timestamp": "2024-10-01T11:22:48.079Z",
    "message": "Controller Response",
    "meta": {
        "success": false,
        "statusCode": 422,
        "request": {
            "ip": "::1",
            "method": "POST",
            "url": "/v1/register"
        },
        "message": "onne1xdevelopment@gmail.com already exists for the user",
        "data": null,
        "trace": {
            "error": "Error: onne1xdevelopment@gmail.com already exists for the user\n    at C:\\Users\\Administrator\\Desktop\\Projects\\workspace\\base_server\\base_server\\src\\APIs\\user\\authentication\\validation\\validations.ts:9:19\n    at Generator.next (<anonymous>)\n    at fulfilled (C:\\Users\\Administrator\\Desktop\\Projects\\workspace\\base_server\\base_server\\src\\APIs\\user\\authentication\\validation\\validations.ts:5:58)\n    at processTicksAndRejections (node:internal/process/task_queues:95:5)"
        }
    }
}
{
    "level": "INFO",
    "timestamp": "2024-10-01T11:33:00.286Z",
    "message": "Database connection established",
    "meta": {
        "CONNECTION_NAME": "base"
    }
}
{
    "level": "INFO",
    "timestamp": "2024-10-01T11:33:00.294Z",
    "message": "Rate limiter initiated",
    "meta": {}
}
{
    "level": "INFO",
    "timestamp": "2024-10-01T11:33:00.295Z",
    "message": "Application started on port 3000",
    "meta": {
        "SERVER_URL": "http://localhost:3000"
    }
}
{
    "level": "INFO",
    "timestamp": "2024-10-01T11:33:17.409Z",
    "message": "Database connection established",
    "meta": {
        "CONNECTION_NAME": "base"
    }
}
{
    "level": "INFO",
    "timestamp": "2024-10-01T11:33:17.417Z",
    "message": "Rate limiter initiated",
    "meta": {}
}
{
    "level": "INFO",
    "timestamp": "2024-10-01T11:33:17.418Z",
    "message": "Application started on port 3000",
    "meta": {
        "SERVER_URL": "http://localhost:3000"
    }
}
{
    "level": "INFO",
    "timestamp": "2024-10-01T11:41:50.348Z",
    "message": "Database connection established",
    "meta": {
        "CONNECTION_NAME": "base"
    }
}
{
    "level": "INFO",
    "timestamp": "2024-10-01T11:41:50.356Z",
    "message": "Rate limiter initiated",
    "meta": {}
}
{
    "level": "INFO",
    "timestamp": "2024-10-01T11:41:50.357Z",
    "message": "Application started on port 3000",
    "meta": {
        "SERVER_URL": "http://localhost:3000"
    }
}
{
    "level": "INFO",
    "timestamp": "2024-10-01T11:42:30.751Z",
    "message": "Database connection established",
    "meta": {
        "CONNECTION_NAME": "base"
    }
}
{
    "level": "INFO",
    "timestamp": "2024-10-01T11:42:30.758Z",
    "message": "Rate limiter initiated",
    "meta": {}
}
{
    "level": "INFO",
    "timestamp": "2024-10-01T11:42:30.760Z",
    "message": "Application started on port 3000",
    "meta": {
        "SERVER_URL": "http://localhost:3000"
    }
}
{
    "level": "INFO",
    "timestamp": "2024-10-01T11:42:41.297Z",
    "message": "Database connection established",
    "meta": {
        "CONNECTION_NAME": "base"
    }
}
{
    "level": "INFO",
    "timestamp": "2024-10-01T11:42:41.312Z",
    "message": "Rate limiter initiated",
    "meta": {}
}
{
    "level": "INFO",
    "timestamp": "2024-10-01T11:42:41.314Z",
    "message": "Application started on port 3000",
    "meta": {
        "SERVER_URL": "http://localhost:3000"
    }
}
{
    "level": "INFO",
    "timestamp": "2024-10-01T11:44:30.441Z",
    "message": "Database connection established",
    "meta": {
        "CONNECTION_NAME": "base"
    }
}
{
    "level": "INFO",
    "timestamp": "2024-10-01T11:44:30.449Z",
    "message": "Rate limiter initiated",
    "meta": {}
}
{
    "level": "INFO",
    "timestamp": "2024-10-01T11:44:30.450Z",
    "message": "Application started on port 3000",
    "meta": {
        "SERVER_URL": "http://localhost:3000"
    }
}
{
    "level": "ERROR",
    "timestamp": "2024-10-01T11:44:38.341Z",
    "message": "Controller Response",
    "meta": {
        "success": false,
        "statusCode": 404,
        "request": {
            "ip": "::1",
            "method": "PATCH",
            "url": "/v1/registeration/confirm/asd?code=123"
        },
        "message": "Account does not exist",
        "data": null,
        "trace": {
            "error": "Error: Account does not exist\n    at C:\\Users\\Administrator\\Desktop\\Projects\\workspace\\base_server\\base_server\\src\\APIs\\user\\authentication\\authentication.service.ts:91:15\n    at Generator.next (<anonymous>)\n    at fulfilled (C:\\Users\\Administrator\\Desktop\\Projects\\workspace\\base_server\\base_server\\src\\APIs\\user\\authentication\\authentication.service.ts:5:58)\n    at processTicksAndRejections (node:internal/process/task_queues:95:5)"
        }
    }
}
{
    "level": "INFO",
    "timestamp": "2024-10-01T11:45:41.402Z",
    "message": "Database connection established",
    "meta": {
        "CONNECTION_NAME": "base"
    }
}
{
    "level": "INFO",
    "timestamp": "2024-10-01T11:45:41.409Z",
    "message": "Rate limiter initiated",
    "meta": {}
}
{
    "level": "INFO",
    "timestamp": "2024-10-01T11:45:41.410Z",
    "message": "Application started on port 3000",
    "meta": {
        "SERVER_URL": "http://localhost:3000"
    }
}
{
    "level": "INFO",
    "timestamp": "2024-10-01T11:46:37.382Z",
    "message": "Database connection established",
    "meta": {
        "CONNECTION_NAME": "base"
    }
}
{
    "level": "INFO",
    "timestamp": "2024-10-01T11:46:37.389Z",
    "message": "Rate limiter initiated",
    "meta": {}
}
{
    "level": "INFO",
    "timestamp": "2024-10-01T11:46:37.400Z",
    "message": "Application started on port 3000",
    "meta": {
        "SERVER_URL": "http://localhost:3000"
    }
}
{
    "level": "INFO",
    "timestamp": "2024-10-01T11:49:57.440Z",
    "message": "Database connection established",
    "meta": {
        "CONNECTION_NAME": "base"
    }
}
{
    "level": "INFO",
    "timestamp": "2024-10-01T11:49:57.448Z",
    "message": "Rate limiter initiated",
    "meta": {}
}
{
    "level": "INFO",
    "timestamp": "2024-10-01T11:49:57.449Z",
    "message": "Application started on port 3000",
    "meta": {
        "SERVER_URL": "http://localhost:3000"
    }
}
{
    "level": "INFO",
    "timestamp": "2024-10-01T11:50:41.104Z",
    "message": "Database connection established",
    "meta": {
        "CONNECTION_NAME": "base"
    }
}
{
    "level": "INFO",
    "timestamp": "2024-10-01T11:50:41.112Z",
    "message": "Rate limiter initiated",
    "meta": {}
}
{
    "level": "INFO",
    "timestamp": "2024-10-01T11:50:41.113Z",
    "message": "Application started on port 3000",
    "meta": {
        "SERVER_URL": "http://localhost:3000"
    }
}
{
    "level": "INFO",
    "timestamp": "2024-10-01T11:58:30.559Z",
    "message": "Database connection established",
    "meta": {
        "CONNECTION_NAME": "base"
    }
}
{
    "level": "INFO",
    "timestamp": "2024-10-01T11:58:30.567Z",
    "message": "Rate limiter initiated",
    "meta": {}
}
{
    "level": "INFO",
    "timestamp": "2024-10-01T11:58:30.569Z",
    "message": "Application started on port 3000",
    "meta": {
        "SERVER_URL": "http://localhost:3000"
    }
}
{
    "level": "INFO",
    "timestamp": "2024-10-01T11:58:35.196Z",
    "message": "Controller Response",
    "meta": {
        "success": true,
        "statusCode": 201,
        "request": {
            "ip": "::1",
            "method": "PATCH",
            "url": "/v1/registeration/confirm/ba7e2fc4-b6c5-4572-9cdc-eb1522100938?code=130733"
        },
        "message": "Account has been created successfully."
    }
}
{
    "level": "ERROR",
    "timestamp": "2024-10-01T11:59:02.544Z",
    "message": "Controller Response",
    "meta": {
        "success": false,
        "statusCode": 400,
        "request": {
            "ip": "::1",
            "method": "PATCH",
            "url": "/v1/registeration/confirm/ba7e2fc4-b6c5-4572-9cdc-eb1522100938?code=130733"
        },
        "message": "Account already CONFIRMED",
        "data": null,
        "trace": {
            "error": "Error: Account already CONFIRMED\n    at C:\\Users\\Administrator\\Desktop\\Projects\\workspace\\base_server\\base_server\\src\\APIs\\user\\authentication\\authentication.service.ts:100:15\n    at Generator.next (<anonymous>)\n    at fulfilled (C:\\Users\\Administrator\\Desktop\\Projects\\workspace\\base_server\\base_server\\src\\APIs\\user\\authentication\\authentication.service.ts:5:58)\n    at processTicksAndRejections (node:internal/process/task_queues:95:5)"
        }
    }
}
{
    "level": "INFO",
    "timestamp": "2024-10-01T12:04:09.190Z",
    "message": "Database connection established",
    "meta": {
        "CONNECTION_NAME": "base"
    }
}
{
    "level": "INFO",
    "timestamp": "2024-10-01T12:04:09.198Z",
    "message": "Rate limiter initiated",
    "meta": {}
}
{
    "level": "INFO",
    "timestamp": "2024-10-01T12:04:09.199Z",
    "message": "Application started on port 3000",
    "meta": {
        "SERVER_URL": "http://localhost:3000"
    }
}
{
    "level": "INFO",
    "timestamp": "2024-10-01T12:04:36.821Z",
    "message": "Database connection established",
    "meta": {
        "CONNECTION_NAME": "base"
    }
}
{
    "level": "INFO",
    "timestamp": "2024-10-01T12:04:36.828Z",
    "message": "Rate limiter initiated",
    "meta": {}
}
{
    "level": "INFO",
    "timestamp": "2024-10-01T12:04:36.829Z",
    "message": "Application started on port 3000",
    "meta": {
        "SERVER_URL": "http://localhost:3000"
    }
}
{
    "level": "ERROR",
    "timestamp": "2024-10-01T12:05:10.564Z",
    "message": "Controller Response",
    "meta": {
        "success": false,
        "statusCode": 404,
        "request": {
            "ip": "::1",
            "method": "PATCH",
            "url": "/v1/registeration/confirm/a6a8bbe1-15a5-4436-9856-807a913a1198?code=786541"
        },
        "message": "Account does not exist",
        "data": null,
        "trace": {
            "error": "Error: Account does not exist\n    at C:\\Users\\Administrator\\Desktop\\Projects\\workspace\\base_server\\base_server\\src\\APIs\\user\\authentication\\authentication.service.ts:95:15\n    at Generator.next (<anonymous>)\n    at fulfilled (C:\\Users\\Administrator\\Desktop\\Projects\\workspace\\base_server\\base_server\\src\\APIs\\user\\authentication\\authentication.service.ts:5:58)\n    at processTicksAndRejections (node:internal/process/task_queues:95:5)"
        }
    }
}
{
    "level": "INFO",
    "timestamp": "2024-10-01T12:05:55.745Z",
    "message": "Controller Response",
    "meta": {
        "success": true,
        "statusCode": 201,
        "request": {
            "ip": "::1",
            "method": "POST",
            "url": "/v1/register"
        },
        "message": "Account has been created successfully.",
        "data": {
            "success": true,
            "_id": "66fbe5a3a4dd77bb74b90767"
        }
    }
}
{
    "level": "INFO",
    "timestamp": "2024-10-01T12:06:54.842Z",
    "message": "Controller Response",
    "meta": {
        "success": true,
        "statusCode": 201,
        "request": {
            "ip": "::1",
            "method": "PATCH",
            "url": "/v1/registeration/confirm/67fac7be-eec0-42ba-b990-2f51abdef488?code=987775"
        },
        "message": "Account has been created successfully.",
        "data": {
            "success": true,
            "_id": "66fbe5a3a4dd77bb74b90767"
        }
    }
}
{
    "level": "INFO",
    "timestamp": "2024-10-01T12:09:06.401Z",
    "message": "Database connection established",
    "meta": {
        "CONNECTION_NAME": "base"
    }
}
{
    "level": "INFO",
    "timestamp": "2024-10-01T12:09:06.409Z",
    "message": "Rate limiter initiated",
    "meta": {}
}
{
    "level": "INFO",
    "timestamp": "2024-10-01T12:09:06.410Z",
    "message": "Application started on port 3000",
    "meta": {
        "SERVER_URL": "http://localhost:3000"
    }
}
{
    "level": "INFO",
    "timestamp": "2024-10-01T13:29:09.284Z",
    "message": "Database connection established",
    "meta": {
        "CONNECTION_NAME": "base"
    }
}
{
    "level": "INFO",
    "timestamp": "2024-10-01T13:29:09.295Z",
    "message": "Rate limiter initiated",
    "meta": {}
}
{
    "level": "INFO",
    "timestamp": "2024-10-01T13:29:09.297Z",
    "message": "Application started on port 3000",
    "meta": {
        "SERVER_URL": "http://localhost:3000"
    }
}
{
    "level": "ERROR",
    "timestamp": "2024-10-01T13:29:09.747Z",
    "message": "Controller Response",
    "meta": {
        "success": false,
        "statusCode": 422,
        "request": {
            "ip": "::1",
            "method": "POST",
            "url": "/v1/register"
        },
        "message": "onnexdevelopment@gmail.com already exists for the user",
        "data": null,
        "trace": {
            "error": "Error: onnexdevelopment@gmail.com already exists for the user\n    at C:\\Users\\Administrator\\Desktop\\Projects\\workspace\\base_server\\base_server\\src\\APIs\\user\\authentication\\validation\\validations.ts:9:19\n    at Generator.next (<anonymous>)\n    at fulfilled (C:\\Users\\Administrator\\Desktop\\Projects\\workspace\\base_server\\base_server\\src\\APIs\\user\\authentication\\validation\\validations.ts:5:58)\n    at processTicksAndRejections (node:internal/process/task_queues:95:5)"
        }
    }
}
{
    "level": "INFO",
    "timestamp": "2024-10-01T13:45:28.835Z",
    "message": "Database connection established",
    "meta": {
        "CONNECTION_NAME": "base"
    }
}
{
    "level": "INFO",
    "timestamp": "2024-10-01T13:45:28.843Z",
    "message": "Rate limiter initiated",
    "meta": {}
}
{
    "level": "INFO",
    "timestamp": "2024-10-01T13:45:28.844Z",
    "message": "Application started on port 3000",
    "meta": {
        "SERVER_URL": "http://localhost:3000"
    }
}
{
    "level": "INFO",
    "timestamp": "2024-10-01T13:47:13.613Z",
    "message": "Database connection established",
    "meta": {
        "CONNECTION_NAME": "base"
    }
}
{
    "level": "INFO",
    "timestamp": "2024-10-01T13:47:13.620Z",
    "message": "Rate limiter initiated",
    "meta": {}
}
{
    "level": "INFO",
    "timestamp": "2024-10-01T13:47:13.621Z",
    "message": "Application started on port 3000",
    "meta": {
        "SERVER_URL": "http://localhost:3000"
    }
}
{
    "level": "INFO",
    "timestamp": "2024-10-01T13:47:34.794Z",
    "message": "Database connection established",
    "meta": {
        "CONNECTION_NAME": "base"
    }
}
{
    "level": "INFO",
    "timestamp": "2024-10-01T13:47:34.802Z",
    "message": "Rate limiter initiated",
    "meta": {}
}
{
    "level": "INFO",
    "timestamp": "2024-10-01T13:47:34.803Z",
    "message": "Application started on port 3000",
    "meta": {
        "SERVER_URL": "http://localhost:3000"
    }
}
{
    "level": "INFO",
    "timestamp": "2024-10-01T16:22:02.662Z",
    "message": "Database connection established",
    "meta": {
        "CONNECTION_NAME": "base"
    }
}
{
    "level": "INFO",
    "timestamp": "2024-10-01T16:22:02.675Z",
    "message": "Rate limiter initiated",
    "meta": {}
}
{
    "level": "INFO",
    "timestamp": "2024-10-01T16:22:02.676Z",
    "message": "Application started on port 3000",
    "meta": {
        "SERVER_URL": "http://localhost:3000"
    }
}
{
    "level": "INFO",
    "timestamp": "2024-10-01T16:22:26.056Z",
    "message": "Database connection established",
    "meta": {
        "CONNECTION_NAME": "base"
    }
}
{
    "level": "INFO",
    "timestamp": "2024-10-01T16:22:26.063Z",
    "message": "Rate limiter initiated",
    "meta": {}
}
{
    "level": "INFO",
    "timestamp": "2024-10-01T16:22:26.064Z",
    "message": "Application started on port 3000",
    "meta": {
        "SERVER_URL": "http://localhost:3000"
    }
}
{
    "level": "INFO",
    "timestamp": "2024-10-01T16:23:26.605Z",
    "message": "Database connection established",
    "meta": {
        "CONNECTION_NAME": "base"
    }
}
{
    "level": "INFO",
    "timestamp": "2024-10-01T16:23:26.614Z",
    "message": "Rate limiter initiated",
    "meta": {}
}
{
    "level": "INFO",
    "timestamp": "2024-10-01T16:23:26.616Z",
    "message": "Application started on port 3000",
    "meta": {
        "SERVER_URL": "http://localhost:3000"
    }
}
{
    "level": "INFO",
    "timestamp": "2024-10-01T16:54:50.194Z",
    "message": "Database connection established",
    "meta": {
        "CONNECTION_NAME": "base"
    }
}
{
    "level": "INFO",
    "timestamp": "2024-10-01T16:54:50.205Z",
    "message": "Rate limiter initiated",
    "meta": {}
}
{
    "level": "INFO",
    "timestamp": "2024-10-01T16:54:50.206Z",
    "message": "Application started on port 3000",
    "meta": {
        "SERVER_URL": "http://localhost:3000"
    }
}
{
    "level": "INFO",
    "timestamp": "2024-10-01T16:55:12.423Z",
    "message": "Database connection established",
    "meta": {
        "CONNECTION_NAME": "base"
    }
}
{
    "level": "INFO",
    "timestamp": "2024-10-01T16:55:12.431Z",
    "message": "Rate limiter initiated",
    "meta": {}
}
{
    "level": "INFO",
    "timestamp": "2024-10-01T16:55:12.433Z",
    "message": "Application started on port 3000",
    "meta": {
        "SERVER_URL": "http://localhost:3000"
    }
}
{
    "level": "INFO",
    "timestamp": "2024-10-01T16:56:50.051Z",
    "message": "Database connection established",
    "meta": {
        "CONNECTION_NAME": "base"
    }
}
{
    "level": "INFO",
    "timestamp": "2024-10-01T16:56:50.058Z",
    "message": "Rate limiter initiated",
    "meta": {}
}
{
    "level": "INFO",
    "timestamp": "2024-10-01T16:56:50.059Z",
    "message": "Application started on port 3000",
    "meta": {
        "SERVER_URL": "http://localhost:3000"
    }
}
{
    "level": "INFO",
    "timestamp": "2024-10-01T16:57:33.737Z",
    "message": "Database connection established",
    "meta": {
        "CONNECTION_NAME": "base"
    }
}
{
    "level": "INFO",
    "timestamp": "2024-10-01T16:57:33.751Z",
    "message": "Rate limiter initiated",
    "meta": {}
}
{
    "level": "INFO",
    "timestamp": "2024-10-01T16:57:33.752Z",
    "message": "Application started on port 3000",
    "meta": {
        "SERVER_URL": "http://localhost:3000"
    }
}
{
    "level": "INFO",
    "timestamp": "2024-10-01T17:03:24.685Z",
    "message": "Database connection established",
    "meta": {
        "CONNECTION_NAME": "base"
    }
}
{
    "level": "INFO",
    "timestamp": "2024-10-01T17:03:24.692Z",
    "message": "Rate limiter initiated",
    "meta": {}
}
{
    "level": "INFO",
    "timestamp": "2024-10-01T17:03:24.693Z",
    "message": "Application started on port 3000",
    "meta": {
        "SERVER_URL": "http://localhost:3000"
    }
}
{
    "level": "INFO",
    "timestamp": "2024-10-01T17:23:12.335Z",
    "message": "Database connection established",
    "meta": {
        "CONNECTION_NAME": "base"
    }
}
{
    "level": "INFO",
    "timestamp": "2024-10-01T17:23:12.341Z",
    "message": "Rate limiter initiated",
    "meta": {}
}
{
    "level": "INFO",
    "timestamp": "2024-10-01T17:23:12.342Z",
    "message": "Application started on port 3000",
    "meta": {
        "SERVER_URL": "http://localhost:3000"
    }
}
{
    "level": "INFO",
    "timestamp": "2024-10-01T17:25:11.127Z",
    "message": "Database connection established",
    "meta": {
        "CONNECTION_NAME": "base"
    }
}
{
    "level": "INFO",
    "timestamp": "2024-10-01T17:25:11.134Z",
    "message": "Rate limiter initiated",
    "meta": {}
}
{
    "level": "INFO",
    "timestamp": "2024-10-01T17:25:11.135Z",
    "message": "Application started on port 3000",
    "meta": {
        "SERVER_URL": "http://localhost:3000"
    }
}
{
    "level": "INFO",
    "timestamp": "2024-10-01T17:26:01.140Z",
    "message": "Database connection established",
    "meta": {
        "CONNECTION_NAME": "base"
    }
}
{
    "level": "INFO",
    "timestamp": "2024-10-01T17:26:01.148Z",
    "message": "Rate limiter initiated",
    "meta": {}
}
{
    "level": "INFO",
    "timestamp": "2024-10-01T17:26:01.149Z",
    "message": "Application started on port 3000",
    "meta": {
        "SERVER_URL": "http://localhost:3000"
    }
}
{
    "level": "INFO",
    "timestamp": "2024-10-01T17:26:11.848Z",
    "message": "Database connection established",
    "meta": {
        "CONNECTION_NAME": "base"
    }
}
{
    "level": "INFO",
    "timestamp": "2024-10-01T17:26:11.856Z",
    "message": "Rate limiter initiated",
    "meta": {}
}
{
    "level": "INFO",
    "timestamp": "2024-10-01T17:26:11.857Z",
    "message": "Application started on port 3000",
    "meta": {
        "SERVER_URL": "http://localhost:3000"
    }
}
{
    "level": "INFO",
    "timestamp": "2024-10-01T17:27:13.251Z",
    "message": "Database connection established",
    "meta": {
        "CONNECTION_NAME": "base"
    }
}
{
    "level": "INFO",
    "timestamp": "2024-10-01T17:27:13.261Z",
    "message": "Rate limiter initiated",
    "meta": {}
}
{
    "level": "INFO",
    "timestamp": "2024-10-01T17:27:13.263Z",
    "message": "Application started on port 3000",
    "meta": {
        "SERVER_URL": "http://localhost:3000"
    }
}
{
    "level": "INFO",
    "timestamp": "2024-10-01T17:29:48.287Z",
    "message": "Database connection established",
    "meta": {
        "CONNECTION_NAME": "base"
    }
}
{
    "level": "INFO",
    "timestamp": "2024-10-01T17:29:48.295Z",
    "message": "Rate limiter initiated",
    "meta": {}
}
{
    "level": "INFO",
    "timestamp": "2024-10-01T17:29:48.296Z",
    "message": "Application started on port 3000",
    "meta": {
        "SERVER_URL": "http://localhost:3000"
    }
}
{
    "level": "INFO",
    "timestamp": "2024-10-01T17:30:26.593Z",
    "message": "Database connection established",
    "meta": {
        "CONNECTION_NAME": "base"
    }
}
{
    "level": "INFO",
    "timestamp": "2024-10-01T17:30:26.600Z",
    "message": "Rate limiter initiated",
    "meta": {}
}
{
    "level": "INFO",
    "timestamp": "2024-10-01T17:30:26.602Z",
    "message": "Application started on port 3000",
    "meta": {
        "SERVER_URL": "http://localhost:3000"
    }
}
{
    "level": "INFO",
    "timestamp": "2024-10-01T18:01:11.818Z",
    "message": "Database connection established",
    "meta": {
        "CONNECTION_NAME": "base"
    }
}
{
    "level": "INFO",
    "timestamp": "2024-10-01T18:01:11.830Z",
    "message": "Rate limiter initiated",
    "meta": {}
}
{
    "level": "INFO",
    "timestamp": "2024-10-01T18:01:11.831Z",
    "message": "Application started on port 3000",
    "meta": {
        "SERVER_URL": "http://localhost:3000"
    }
}
{
    "level": "INFO",
    "timestamp": "2024-10-01T18:01:36.750Z",
    "message": "Database connection established",
    "meta": {
        "CONNECTION_NAME": "base"
    }
}
{
    "level": "INFO",
    "timestamp": "2024-10-01T18:01:36.759Z",
    "message": "Rate limiter initiated",
    "meta": {}
}
{
    "level": "INFO",
    "timestamp": "2024-10-01T18:01:36.760Z",
    "message": "Application started on port 3000",
    "meta": {
        "SERVER_URL": "http://localhost:3000"
    }
}
{
    "level": "ERROR",
    "timestamp": "2024-10-01T18:02:23.410Z",
    "message": "Controller Response",
    "meta": {
        "success": false,
        "statusCode": 422,
        "request": {
            "ip": "::1",
            "method": "POST",
            "url": "/v1/login"
        },
        "message": "\"name\" is required",
        "data": null,
        "trace": {
            "error": "ValidationError: \"name\" is required"
        }
    }
}
{
    "level": "INFO",
    "timestamp": "2024-10-01T18:03:01.956Z",
    "message": "Database connection established",
    "meta": {
        "CONNECTION_NAME": "base"
    }
}
{
    "level": "INFO",
    "timestamp": "2024-10-01T18:03:01.964Z",
    "message": "Rate limiter initiated",
    "meta": {}
}
{
    "level": "INFO",
    "timestamp": "2024-10-01T18:03:01.965Z",
    "message": "Application started on port 3000",
    "meta": {
        "SERVER_URL": "http://localhost:3000"
    }
}
{
    "level": "ERROR",
    "timestamp": "2024-10-01T18:03:21.392Z",
    "message": "Controller Response",
    "meta": {
        "success": false,
        "statusCode": 500,
        "request": {
            "ip": "::1",
            "method": "POST",
            "url": "/v1/login"
        },
        "message": "Cannot read properties of undefined (reading 'secret')",
        "data": null,
        "trace": {
            "error": "TypeError: Cannot read properties of undefined (reading 'secret')\n    at ServerResponse.res.cookie (C:\\Users\\Administrator\\Desktop\\Projects\\workspace\\base_server\\base_server\\node_modules\\express\\lib\\response.js:864:25)\n    at C:\\Users\\Administrator\\Desktop\\Projects\\workspace\\base_server\\base_server\\src\\APIs\\user\\authentication\\authentication.service.ts:156:10\n    at Generator.next (<anonymous>)\n    at fulfilled (C:\\Users\\Administrator\\Desktop\\Projects\\workspace\\base_server\\base_server\\src\\APIs\\user\\authentication\\authentication.service.ts:5:58)"
        }
    }
}
{
    "level": "INFO",
    "timestamp": "2024-10-01T18:08:04.853Z",
    "message": "Database connection established",
    "meta": {
        "CONNECTION_NAME": "base"
    }
}
{
    "level": "INFO",
    "timestamp": "2024-10-01T18:08:04.863Z",
    "message": "Rate limiter initiated",
    "meta": {}
}
{
    "level": "INFO",
    "timestamp": "2024-10-01T18:08:04.864Z",
    "message": "Application started on port 3000",
    "meta": {
        "SERVER_URL": "http://localhost:3000"
    }
}
{
    "level": "ERROR",
    "timestamp": "2024-10-01T18:08:50.231Z",
    "message": "Controller Response",
    "meta": {
        "success": false,
        "statusCode": 500,
        "request": {
            "ip": "::1",
            "method": "POST",
            "url": "/v1/login"
        },
        "message": "Cannot read properties of undefined (reading 'secret')",
        "data": null,
        "trace": {
            "error": "TypeError: Cannot read properties of undefined (reading 'secret')\n    at ServerResponse.res.cookie (C:\\Users\\Administrator\\Desktop\\Projects\\workspace\\base_server\\base_server\\node_modules\\express\\lib\\response.js:864:25)\n    at C:\\Users\\Administrator\\Desktop\\Projects\\workspace\\base_server\\base_server\\src\\APIs\\user\\authentication\\authentication.service.ts:156:10\n    at Generator.next (<anonymous>)\n    at fulfilled (C:\\Users\\Administrator\\Desktop\\Projects\\workspace\\base_server\\base_server\\src\\APIs\\user\\authentication\\authentication.service.ts:5:58)"
        }
    }
}
{
    "level": "INFO",
    "timestamp": "2024-10-01T18:11:18.592Z",
    "message": "Database connection established",
    "meta": {
        "CONNECTION_NAME": "base"
    }
}
{
    "level": "INFO",
    "timestamp": "2024-10-01T18:11:18.603Z",
    "message": "Rate limiter initiated",
    "meta": {}
}
{
    "level": "INFO",
    "timestamp": "2024-10-01T18:11:18.604Z",
    "message": "Application started on port 3000",
    "meta": {
        "SERVER_URL": "http://localhost:3000"
    }
}
{
    "level": "INFO",
    "timestamp": "2024-10-01T18:11:32.735Z",
    "message": "Database connection established",
    "meta": {
        "CONNECTION_NAME": "base"
    }
}
{
    "level": "INFO",
    "timestamp": "2024-10-01T18:11:32.742Z",
    "message": "Rate limiter initiated",
    "meta": {}
}
{
    "level": "INFO",
    "timestamp": "2024-10-01T18:11:32.743Z",
    "message": "Application started on port 3000",
    "meta": {
        "SERVER_URL": "http://localhost:3000"
    }
}
{
    "level": "ERROR",
    "timestamp": "2024-10-01T18:11:33.178Z",
    "message": "Controller Response",
    "meta": {
        "success": false,
        "statusCode": 500,
        "request": {
            "ip": "::1",
            "method": "POST",
            "url": "/v1/login"
        },
        "message": "Cannot read properties of undefined (reading 'secret')",
        "data": null,
        "trace": {
            "error": "TypeError: Cannot read properties of undefined (reading 'secret')\n    at ServerResponse.res.cookie (C:\\Users\\Administrator\\Desktop\\Projects\\workspace\\base_server\\base_server\\node_modules\\express\\lib\\response.js:864:25)\n    at C:\\Users\\Administrator\\Desktop\\Projects\\workspace\\base_server\\base_server\\src\\APIs\\user\\authentication\\authentication.service.ts:156:10\n    at Generator.next (<anonymous>)\n    at fulfilled (C:\\Users\\Administrator\\Desktop\\Projects\\workspace\\base_server\\base_server\\src\\APIs\\user\\authentication\\authentication.service.ts:5:58)"
        }
    }
}
{
    "level": "INFO",
    "timestamp": "2024-10-01T18:15:04.328Z",
    "message": "Database connection established",
    "meta": {
        "CONNECTION_NAME": "base"
    }
}
{
    "level": "INFO",
    "timestamp": "2024-10-01T18:15:04.337Z",
    "message": "Rate limiter initiated",
    "meta": {}
}
{
    "level": "INFO",
    "timestamp": "2024-10-01T18:15:04.340Z",
    "message": "Application started on port 3000",
    "meta": {
        "SERVER_URL": "http://localhost:3000"
    }
}
{
    "level": "ERROR",
    "timestamp": "2024-10-01T18:15:08.373Z",
    "message": "Controller Response",
    "meta": {
        "success": false,
        "statusCode": 500,
        "request": {
            "ip": "::1",
            "method": "POST",
            "url": "/v1/login"
        },
        "message": "Cannot read properties of undefined (reading 'secret')",
        "data": null,
        "trace": {
            "error": "TypeError: Cannot read properties of undefined (reading 'secret')\n    at ServerResponse.res.cookie (C:\\Users\\Administrator\\Desktop\\Projects\\workspace\\base_server\\base_server\\node_modules\\express\\lib\\response.js:864:25)\n    at C:\\Users\\Administrator\\Desktop\\Projects\\workspace\\base_server\\base_server\\src\\APIs\\user\\authentication\\authentication.service.ts:156:10\n    at Generator.next (<anonymous>)\n    at fulfilled (C:\\Users\\Administrator\\Desktop\\Projects\\workspace\\base_server\\base_server\\src\\APIs\\user\\authentication\\authentication.service.ts:5:58)"
        }
    }
}
{
    "level": "INFO",
    "timestamp": "2024-10-01T18:16:29.975Z",
    "message": "Database connection established",
    "meta": {
        "CONNECTION_NAME": "base"
    }
}
{
    "level": "INFO",
    "timestamp": "2024-10-01T18:16:29.983Z",
    "message": "Rate limiter initiated",
    "meta": {}
}
{
    "level": "INFO",
    "timestamp": "2024-10-01T18:16:29.984Z",
    "message": "Application started on port 3000",
    "meta": {
        "SERVER_URL": "http://localhost:3000"
    }
}
{
    "level": "INFO",
    "timestamp": "2024-10-01T18:44:39.089Z",
    "message": "Database connection established",
    "meta": {
        "CONNECTION_NAME": "base"
    }
}
{
    "level": "INFO",
    "timestamp": "2024-10-01T18:44:39.098Z",
    "message": "Rate limiter initiated",
    "meta": {}
}
{
    "level": "INFO",
    "timestamp": "2024-10-01T18:44:39.100Z",
    "message": "Application started on port 3000",
    "meta": {
        "SERVER_URL": "http://localhost:3000"
    }
}
{
    "level": "ERROR",
    "timestamp": "2024-10-01T18:44:43.806Z",
    "message": "Controller Response",
    "meta": {
        "success": false,
        "statusCode": 500,
        "request": {
            "ip": "::1",
            "method": "POST",
            "url": "/v1/login"
        },
        "message": "Cannot read properties of undefined (reading 'secret')",
        "data": null,
        "trace": {
            "error": "TypeError: Cannot read properties of undefined (reading 'secret')\n    at ServerResponse.res.cookie (C:\\Users\\Administrator\\Desktop\\Projects\\workspace\\base_server\\base_server\\node_modules\\express\\lib\\response.js:864:25)\n    at C:\\Users\\Administrator\\Desktop\\Projects\\workspace\\base_server\\base_server\\src\\APIs\\user\\authentication\\authentication.service.ts:156:10\n    at Generator.next (<anonymous>)\n    at fulfilled (C:\\Users\\Administrator\\Desktop\\Projects\\workspace\\base_server\\base_server\\src\\APIs\\user\\authentication\\authentication.service.ts:5:58)"
        }
    }
}
{
    "level": "INFO",
    "timestamp": "2024-10-01T18:45:22.169Z",
    "message": "Database connection established",
    "meta": {
        "CONNECTION_NAME": "base"
    }
}
{
    "level": "INFO",
    "timestamp": "2024-10-01T18:45:22.175Z",
    "message": "Rate limiter initiated",
    "meta": {}
}
{
    "level": "INFO",
    "timestamp": "2024-10-01T18:45:22.177Z",
    "message": "Application started on port 3000",
    "meta": {
        "SERVER_URL": "http://localhost:3000"
    }
}
{
    "level": "ERROR",
    "timestamp": "2024-10-01T18:45:22.553Z",
    "message": "Controller Response",
    "meta": {
        "success": false,
        "statusCode": 500,
        "request": {
            "ip": "::1",
            "method": "POST",
            "url": "/v1/login"
        },
        "message": "Cannot read properties of undefined (reading 'secret')",
        "data": null,
        "trace": {
            "error": "TypeError: Cannot read properties of undefined (reading 'secret')\n    at ServerResponse.res.cookie (C:\\Users\\Administrator\\Desktop\\Projects\\workspace\\base_server\\base_server\\node_modules\\express\\lib\\response.js:864:25)\n    at C:\\Users\\Administrator\\Desktop\\Projects\\workspace\\base_server\\base_server\\src\\APIs\\user\\authentication\\authentication.service.ts:156:10\n    at Generator.next (<anonymous>)\n    at fulfilled (C:\\Users\\Administrator\\Desktop\\Projects\\workspace\\base_server\\base_server\\src\\APIs\\user\\authentication\\authentication.service.ts:5:58)"
        }
    }
}
{
    "level": "INFO",
    "timestamp": "2024-10-01T18:46:02.131Z",
    "message": "Database connection established",
    "meta": {
        "CONNECTION_NAME": "base"
    }
}
{
    "level": "INFO",
    "timestamp": "2024-10-01T18:46:02.137Z",
    "message": "Rate limiter initiated",
    "meta": {}
}
{
    "level": "INFO",
    "timestamp": "2024-10-01T18:46:02.138Z",
    "message": "Application started on port 3000",
    "meta": {
        "SERVER_URL": "http://localhost:3000"
    }
}
{
    "level": "INFO",
    "timestamp": "2024-10-01T18:52:43.983Z",
    "message": "Database connection established",
    "meta": {
        "CONNECTION_NAME": "base"
    }
}
{
    "level": "INFO",
    "timestamp": "2024-10-01T18:52:43.990Z",
    "message": "Rate limiter initiated",
    "meta": {}
}
{
    "level": "INFO",
    "timestamp": "2024-10-01T18:52:43.991Z",
    "message": "Application started on port 3000",
    "meta": {
        "SERVER_URL": "http://localhost:3000"
    }
}
{
    "level": "INFO",
    "timestamp": "2024-10-01T18:52:49.470Z",
    "message": "Controller Response",
    "meta": {
        "success": true,
        "statusCode": 201,
        "request": {
            "ip": "::1",
            "method": "POST",
            "url": "/v1/login"
        },
        "message": "Account has been created successfully.",
        "data": {
            "success": true,
            "user": {
                "_id": "66fbe5a3a4dd77bb74b90767",
                "password": "$2b$10$fvBIxYM2jozV4XDPPV4q6.MQBhn3hRFvpqbk/kRtogOtPUufFht9.",
                "lastLoginAt": "2024-10-01T18:52:49.409Z",
                "updatedAt": "2024-10-01T18:52:49.415Z"
            }
        }
    }
}
{
    "level": "ERROR",
    "timestamp": "2024-10-01T18:52:49.483Z",
    "message": "Controller Response",
    "meta": {
        "success": false,
        "statusCode": 500,
        "request": {
            "ip": "::1",
            "method": "POST",
            "url": "/v1/login"
        },
        "message": "cookieParser(\"secret\") required for signed cookies",
        "data": null,
        "trace": {
            "error": "Error: cookieParser(\"secret\") required for signed cookies\n    at ServerResponse.res.cookie (C:\\Users\\Administrator\\Desktop\\Projects\\workspace\\base_server\\base_server\\node_modules\\express\\lib\\response.js:868:11)\n    at C:\\Users\\Administrator\\Desktop\\Projects\\workspace\\base_server\\base_server\\src\\APIs\\user\\authentication\\authentication.controller.ts:74:18\n    at Generator.next (<anonymous>)\n    at fulfilled (C:\\Users\\Administrator\\Desktop\\Projects\\workspace\\base_server\\base_server\\src\\APIs\\user\\authentication\\authentication.controller.ts:5:58)\n    at processTicksAndRejections (node:internal/process/task_queues:95:5)"
        }
    }
}
{
    "level": "INFO",
    "timestamp": "2024-10-01T18:54:14.919Z",
    "message": "Database connection established",
    "meta": {
        "CONNECTION_NAME": "base"
    }
}
{
    "level": "INFO",
    "timestamp": "2024-10-01T18:54:14.933Z",
    "message": "Rate limiter initiated",
    "meta": {}
}
{
    "level": "INFO",
    "timestamp": "2024-10-01T18:54:14.934Z",
    "message": "Application started on port 3000",
    "meta": {
        "SERVER_URL": "http://localhost:3000"
    }
}
{
    "level": "INFO",
    "timestamp": "2024-10-01T18:54:17.882Z",
    "message": "Controller Response",
    "meta": {
        "success": true,
        "statusCode": 201,
        "request": {
            "ip": "::1",
            "method": "POST",
            "url": "/v1/login"
        },
        "message": "Account has been created successfully.",
        "data": {
            "success": true,
            "user": {
                "_id": "66fbe5a3a4dd77bb74b90767",
                "password": "$2b$10$fvBIxYM2jozV4XDPPV4q6.MQBhn3hRFvpqbk/kRtogOtPUufFht9.",
                "lastLoginAt": "2024-10-01T18:54:17.572Z",
                "updatedAt": "2024-10-01T18:54:17.577Z"
            }
        }
    }
}
{
    "level": "ERROR",
    "timestamp": "2024-10-01T18:54:17.894Z",
    "message": "Controller Response",
    "meta": {
        "success": false,
        "statusCode": 500,
        "request": {
            "ip": "::1",
            "method": "POST",
            "url": "/v1/login"
        },
        "message": "Cannot set headers after they are sent to the client",
        "data": null,
        "trace": {
            "error": "Error: Cannot set headers after they are sent to the client\n    at ServerResponse.setHeader (node:_http_outgoing:659:11)\n    at ServerResponse.header (C:\\Users\\Administrator\\Desktop\\Projects\\workspace\\base_server\\base_server\\node_modules\\express\\lib\\response.js:794:10)\n    at ServerResponse.append (C:\\Users\\Administrator\\Desktop\\Projects\\workspace\\base_server\\base_server\\node_modules\\express\\lib\\response.js:755:15)\n    at ServerResponse.res.cookie (C:\\Users\\Administrator\\Desktop\\Projects\\workspace\\base_server\\base_server\\node_modules\\express\\lib\\response.js:892:8)\n    at C:\\Users\\Administrator\\Desktop\\Projects\\workspace\\base_server\\base_server\\src\\APIs\\user\\authentication\\authentication.controller.ts:74:18\n    at Generator.next (<anonymous>)\n    at fulfilled (C:\\Users\\Administrator\\Desktop\\Projects\\workspace\\base_server\\base_server\\src\\APIs\\user\\authentication\\authentication.controller.ts:5:58)\n    at processTicksAndRejections (node:internal/process/task_queues:95:5)"
        }
    }
}
{
    "level": "INFO",
    "timestamp": "2024-10-01T18:55:50.441Z",
    "message": "Database connection established",
    "meta": {
        "CONNECTION_NAME": "base"
    }
}
{
    "level": "INFO",
    "timestamp": "2024-10-01T18:55:50.448Z",
    "message": "Rate limiter initiated",
    "meta": {}
}
{
    "level": "INFO",
    "timestamp": "2024-10-01T18:55:50.449Z",
    "message": "Application started on port 3000",
    "meta": {
        "SERVER_URL": "http://localhost:3000"
    }
}
{
    "level": "INFO",
    "timestamp": "2024-10-01T18:55:57.778Z",
    "message": "Controller Response",
    "meta": {
        "success": true,
        "statusCode": 201,
        "request": {
            "ip": "::1",
            "method": "POST",
            "url": "/v1/login"
        },
        "message": "Account has been created successfully.",
        "data": {
            "success": true,
            "user": {
                "_id": "66fbe5a3a4dd77bb74b90767",
                "password": "$2b$10$fvBIxYM2jozV4XDPPV4q6.MQBhn3hRFvpqbk/kRtogOtPUufFht9.",
                "lastLoginAt": "2024-10-01T18:55:57.718Z",
                "updatedAt": "2024-10-01T18:55:57.724Z"
            }
        }
    }
}
{
    "level": "INFO",
    "timestamp": "2024-10-01T19:00:36.878Z",
    "message": "Database connection established",
    "meta": {
        "CONNECTION_NAME": "base"
    }
}
{
    "level": "INFO",
    "timestamp": "2024-10-01T19:00:36.884Z",
    "message": "Rate limiter initiated",
    "meta": {}
}
{
    "level": "INFO",
    "timestamp": "2024-10-01T19:00:36.891Z",
    "message": "Application started on port 3000",
    "meta": {
        "SERVER_URL": "http://localhost:3000"
    }
}
{
    "level": "INFO",
    "timestamp": "2024-10-01T19:00:50.443Z",
    "message": "Controller Response",
    "meta": {
        "success": true,
        "statusCode": 201,
        "request": {
            "ip": "::1",
            "method": "POST",
            "url": "/v1/login"
        },
        "message": "Account has been created successfully.",
        "data": {
            "success": true,
            "user": {
                "_id": "66fbe5a3a4dd77bb74b90767",
                "password": "$2b$10$fvBIxYM2jozV4XDPPV4q6.MQBhn3hRFvpqbk/kRtogOtPUufFht9.",
                "lastLoginAt": "2024-10-01T19:00:50.383Z",
                "updatedAt": "2024-10-01T19:00:50.390Z"
            }
        }
    }
}
{
    "level": "INFO",
    "timestamp": "2024-10-01T19:04:54.124Z",
    "message": "Database connection established",
    "meta": {
        "CONNECTION_NAME": "base"
    }
}
{
    "level": "INFO",
    "timestamp": "2024-10-01T19:04:54.132Z",
    "message": "Rate limiter initiated",
    "meta": {}
}
{
    "level": "INFO",
    "timestamp": "2024-10-01T19:04:54.133Z",
    "message": "Application started on port 3000",
    "meta": {
        "SERVER_URL": "http://localhost:3000"
    }
}
{
    "level": "INFO",
    "timestamp": "2024-10-01T19:04:56.974Z",
    "message": "Controller Response",
    "meta": {
        "success": true,
        "statusCode": 201,
        "request": {
            "ip": "::1",
            "method": "POST",
            "url": "/v1/login"
        },
        "message": "Account has been created successfully.",
        "data": {
            "success": true,
            "user": {
                "_id": "66fbe5a3a4dd77bb74b90767",
                "password": "$2b$10$fvBIxYM2jozV4XDPPV4q6.MQBhn3hRFvpqbk/kRtogOtPUufFht9.",
                "lastLoginAt": "2024-10-01T19:04:56.915Z",
                "updatedAt": "2024-10-01T19:04:56.920Z"
            }
        }
    }
}
{
    "level": "INFO",
    "timestamp": "2024-10-01T19:05:33.550Z",
    "message": "Database connection established",
    "meta": {
        "CONNECTION_NAME": "base"
    }
}
{
    "level": "INFO",
    "timestamp": "2024-10-01T19:05:33.556Z",
    "message": "Rate limiter initiated",
    "meta": {}
}
{
    "level": "INFO",
    "timestamp": "2024-10-01T19:05:33.557Z",
    "message": "Application started on port 3000",
    "meta": {
        "SERVER_URL": "http://localhost:3000"
    }
}
{
    "level": "INFO",
    "timestamp": "2024-10-01T19:05:34.013Z",
    "message": "Controller Response",
    "meta": {
        "success": true,
        "statusCode": 201,
        "request": {
            "ip": "::1",
            "method": "POST",
            "url": "/v1/login"
        },
        "message": "Account has been created successfully.",
        "data": {
            "success": true,
            "user": {
                "_id": "66fbe5a3a4dd77bb74b90767",
                "password": "$2b$10$fvBIxYM2jozV4XDPPV4q6.MQBhn3hRFvpqbk/kRtogOtPUufFht9.",
                "lastLoginAt": "2024-10-01T19:05:33.951Z",
                "updatedAt": "2024-10-01T19:05:33.957Z"
            },
            "accessToken": "eyJhbGciOiJIUzI1NiIsInR5cCI6IkpXVCJ9.eyJ1c2VySWQiOiI2NmZiZTVhM2E0ZGQ3N2JiNzRiOTA3NjciLCJpYXQiOjE3Mjc4MDk1MzMsImV4cCI6MTcyNzgxMzEzM30.5xV14d6otE1NGajxhEW72QvCYV4wQlUOET4CDUTvK28",
            "refreshToken": "eyJhbGciOiJIUzI1NiIsInR5cCI6IkpXVCJ9.eyJ1c2VySWQiOiI2NmZiZTVhM2E0ZGQ3N2JiNzRiOTA3NjciLCJpYXQiOjE3Mjc4MDk1MzMsImV4cCI6MTc1OTM0NTUzM30.vyLYWcHBXp2BG86MtY3NlGuNYMB3W8MSgD8cdYzh1_8"
        }
    }
}
{
    "level": "INFO",
    "timestamp": "2024-10-01T19:05:53.518Z",
    "message": "Database connection established",
    "meta": {
        "CONNECTION_NAME": "base"
    }
}
{
    "level": "INFO",
    "timestamp": "2024-10-01T19:05:53.527Z",
    "message": "Rate limiter initiated",
    "meta": {}
}
{
    "level": "INFO",
    "timestamp": "2024-10-01T19:05:53.529Z",
    "message": "Application started on port 3000",
    "meta": {
        "SERVER_URL": "http://localhost:3000"
    }
}
{
    "level": "INFO",
    "timestamp": "2024-10-02T09:07:36.187Z",
    "message": "Database connection established",
    "meta": {
        "CONNECTION_NAME": "base"
    }
}
{
    "level": "INFO",
    "timestamp": "2024-10-02T09:07:36.201Z",
    "message": "Rate limiter initiated",
    "meta": {}
}
{
    "level": "INFO",
    "timestamp": "2024-10-02T09:07:36.203Z",
    "message": "Application started on port 3000",
    "meta": {
        "SERVER_URL": "http://localhost:3000"
    }
}
{
    "level": "INFO",
    "timestamp": "2024-10-02T09:08:18.792Z",
    "message": "Database connection established",
    "meta": {
        "CONNECTION_NAME": "base"
    }
}
{
    "level": "INFO",
    "timestamp": "2024-10-02T09:08:18.799Z",
    "message": "Rate limiter initiated",
    "meta": {}
}
{
    "level": "INFO",
    "timestamp": "2024-10-02T09:08:18.801Z",
    "message": "Application started on port 3000",
    "meta": {
        "SERVER_URL": "http://localhost:3000"
    }
}
{
    "level": "INFO",
    "timestamp": "2024-10-02T09:09:36.737Z",
    "message": "Database connection established",
    "meta": {
        "CONNECTION_NAME": "base"
    }
}
{
    "level": "INFO",
    "timestamp": "2024-10-02T09:09:36.744Z",
    "message": "Rate limiter initiated",
    "meta": {}
}
{
    "level": "INFO",
    "timestamp": "2024-10-02T09:09:36.746Z",
    "message": "Application started on port 3000",
    "meta": {
        "SERVER_URL": "http://localhost:3000"
    }
}
{
    "level": "INFO",
    "timestamp": "2024-10-02T09:10:41.794Z",
    "message": "Database connection established",
    "meta": {
        "CONNECTION_NAME": "base"
    }
}
{
    "level": "INFO",
    "timestamp": "2024-10-02T09:10:41.802Z",
    "message": "Rate limiter initiated",
    "meta": {}
}
{
    "level": "INFO",
    "timestamp": "2024-10-02T09:10:41.803Z",
    "message": "Application started on port 3000",
    "meta": {
        "SERVER_URL": "http://localhost:3000"
    }
}
{
    "level": "INFO",
    "timestamp": "2024-10-02T09:11:16.853Z",
    "message": "Database connection established",
    "meta": {
        "CONNECTION_NAME": "base"
    }
}
{
    "level": "INFO",
    "timestamp": "2024-10-02T09:11:16.861Z",
    "message": "Rate limiter initiated",
    "meta": {}
}
{
    "level": "INFO",
    "timestamp": "2024-10-02T09:11:16.862Z",
    "message": "Application started on port 3000",
    "meta": {
        "SERVER_URL": "http://localhost:3000"
    }
}
{
    "level": "INFO",
    "timestamp": "2024-10-02T09:11:52.225Z",
    "message": "Database connection established",
    "meta": {
        "CONNECTION_NAME": "base"
    }
}
{
    "level": "INFO",
    "timestamp": "2024-10-02T09:11:52.233Z",
    "message": "Rate limiter initiated",
    "meta": {}
}
{
    "level": "INFO",
    "timestamp": "2024-10-02T09:11:52.234Z",
    "message": "Application started on port 3000",
    "meta": {
        "SERVER_URL": "http://localhost:3000"
    }
}
{
    "level": "INFO",
    "timestamp": "2024-10-02T09:12:57.122Z",
    "message": "Database connection established",
    "meta": {
        "CONNECTION_NAME": "base"
    }
}
{
    "level": "INFO",
    "timestamp": "2024-10-02T09:12:57.130Z",
    "message": "Rate limiter initiated",
    "meta": {}
}
{
    "level": "INFO",
    "timestamp": "2024-10-02T09:12:57.131Z",
    "message": "Application started on port 3000",
    "meta": {
        "SERVER_URL": "http://localhost:3000"
    }
}
{
    "level": "INFO",
    "timestamp": "2024-10-02T09:13:42.374Z",
    "message": "Database connection established",
    "meta": {
        "CONNECTION_NAME": "base"
    }
}
{
    "level": "INFO",
    "timestamp": "2024-10-02T09:13:42.381Z",
    "message": "Rate limiter initiated",
    "meta": {}
}
{
    "level": "INFO",
    "timestamp": "2024-10-02T09:13:42.382Z",
    "message": "Application started on port 3000",
    "meta": {
        "SERVER_URL": "http://localhost:3000"
    }
}
{
    "level": "INFO",
    "timestamp": "2024-10-02T09:13:55.270Z",
    "message": "Database connection established",
    "meta": {
        "CONNECTION_NAME": "base"
    }
}
{
    "level": "INFO",
    "timestamp": "2024-10-02T09:13:55.277Z",
    "message": "Rate limiter initiated",
    "meta": {}
}
{
    "level": "INFO",
    "timestamp": "2024-10-02T09:13:55.278Z",
    "message": "Application started on port 3000",
    "meta": {
        "SERVER_URL": "http://localhost:3000"
    }
}
{
    "level": "INFO",
    "timestamp": "2024-10-02T09:17:55.823Z",
    "message": "Database connection established",
    "meta": {
        "CONNECTION_NAME": "base"
    }
}
{
    "level": "INFO",
    "timestamp": "2024-10-02T09:17:55.837Z",
    "message": "Rate limiter initiated",
    "meta": {}
}
{
    "level": "INFO",
    "timestamp": "2024-10-02T09:17:55.838Z",
    "message": "Application started on port 3000",
    "meta": {
        "SERVER_URL": "http://localhost:3000"
    }
}
{
    "level": "INFO",
    "timestamp": "2024-10-02T09:18:01.616Z",
    "message": "Controller Response",
    "meta": {
        "success": true,
        "statusCode": 201,
        "request": {
            "ip": "::1",
            "method": "POST",
            "url": "/v1/login"
        },
        "message": "Account has been created successfully.",
        "data": {
            "success": true,
            "user": {
                "_id": "66fbe5a3a4dd77bb74b90767",
                "password": "$2b$10$fvBIxYM2jozV4XDPPV4q6.MQBhn3hRFvpqbk/kRtogOtPUufFht9.",
                "lastLoginAt": "2024-10-02T09:18:01.498Z",
                "updatedAt": "2024-10-02T09:18:01.506Z"
            },
            "accessToken": "eyJhbGciOiJIUzI1NiIsInR5cCI6IkpXVCJ9.eyJ1c2VySWQiOiI2NmZiZTVhM2E0ZGQ3N2JiNzRiOTA3NjciLCJpYXQiOjE3Mjc4NjA2ODEsImV4cCI6MTcyNzg2NDI4MX0.b8QLemvTqMgDnakTybpVanRPgEg1K5skE41936OasmU",
            "refreshToken": "eyJhbGciOiJIUzI1NiIsInR5cCI6IkpXVCJ9.eyJ1c2VySWQiOiI2NmZiZTVhM2E0ZGQ3N2JiNzRiOTA3NjciLCJpYXQiOjE3Mjc4NjA2ODEsImV4cCI6MTc1OTM5NjY4MX0.2cUii_1-lM3fwCs1iuMzG8c83DQ1sgkAveynh-wM5z4"
        }
    }
}
{
    "level": "INFO",
    "timestamp": "2024-10-02T09:19:05.126Z",
    "message": "Database connection established",
    "meta": {
        "CONNECTION_NAME": "base"
    }
}
{
    "level": "INFO",
    "timestamp": "2024-10-02T09:19:05.142Z",
    "message": "Rate limiter initiated",
    "meta": {}
}
{
    "level": "INFO",
    "timestamp": "2024-10-02T09:19:05.144Z",
    "message": "Application started on port 3000",
    "meta": {
        "SERVER_URL": "http://localhost:3000"
    }
}
{
    "level": "INFO",
    "timestamp": "2024-10-02T09:19:18.273Z",
    "message": "Database connection established",
    "meta": {
        "CONNECTION_NAME": "base"
    }
}
{
    "level": "INFO",
    "timestamp": "2024-10-02T09:19:18.283Z",
    "message": "Rate limiter initiated",
    "meta": {}
}
{
    "level": "INFO",
    "timestamp": "2024-10-02T09:19:18.285Z",
    "message": "Application started on port 3000",
    "meta": {
        "SERVER_URL": "http://localhost:3000"
    }
}
{
    "level": "INFO",
    "timestamp": "2024-10-02T09:19:18.828Z",
    "message": "Controller Response",
    "meta": {
        "success": true,
        "statusCode": 201,
        "request": {
            "ip": "::1",
            "method": "POST",
            "url": "/v1/login"
        },
        "message": "Login successful",
        "data": {
            "success": true,
            "user": {
                "_id": "66fbe5a3a4dd77bb74b90767",
                "password": "$2b$10$fvBIxYM2jozV4XDPPV4q6.MQBhn3hRFvpqbk/kRtogOtPUufFht9.",
                "lastLoginAt": "2024-10-02T09:19:18.716Z",
                "updatedAt": "2024-10-02T09:19:18.723Z"
            },
            "accessToken": "eyJhbGciOiJIUzI1NiIsInR5cCI6IkpXVCJ9.eyJ1c2VySWQiOiI2NmZiZTVhM2E0ZGQ3N2JiNzRiOTA3NjciLCJpYXQiOjE3Mjc4NjA3NTgsImV4cCI6MTcyNzg2NDM1OH0.VJUuYgM57y3dav0YuIL8zVNwoGK__2K7Heg4E9eKkmQ",
            "refreshToken": "eyJhbGciOiJIUzI1NiIsInR5cCI6IkpXVCJ9.eyJ1c2VySWQiOiI2NmZiZTVhM2E0ZGQ3N2JiNzRiOTA3NjciLCJpYXQiOjE3Mjc4NjA3NTgsImV4cCI6MTc1OTM5Njc1OH0.Z7mEcl9R8tfHqAhzm432z13X2693d37uohjx0BvJ3B4"
        }
    }
}
{
    "level": "INFO",
    "timestamp": "2024-10-02T09:19:39.566Z",
    "message": "Database connection established",
    "meta": {
        "CONNECTION_NAME": "base"
    }
}
{
    "level": "INFO",
    "timestamp": "2024-10-02T09:19:39.573Z",
    "message": "Rate limiter initiated",
    "meta": {}
}
{
    "level": "INFO",
    "timestamp": "2024-10-02T09:19:39.575Z",
    "message": "Application started on port 3000",
    "meta": {
        "SERVER_URL": "http://localhost:3000"
    }
}
{
    "level": "INFO",
    "timestamp": "2024-10-02T09:19:40.092Z",
    "message": "Controller Response",
    "meta": {
        "success": true,
        "statusCode": 200,
        "request": {
            "ip": "::1",
            "method": "POST",
            "url": "/v1/login"
        },
        "message": "Login successful",
        "data": {
            "success": true,
            "user": {
                "_id": "66fbe5a3a4dd77bb74b90767",
                "password": "$2b$10$fvBIxYM2jozV4XDPPV4q6.MQBhn3hRFvpqbk/kRtogOtPUufFht9.",
                "lastLoginAt": "2024-10-02T09:19:39.976Z",
                "updatedAt": "2024-10-02T09:19:39.982Z"
            },
            "accessToken": "eyJhbGciOiJIUzI1NiIsInR5cCI6IkpXVCJ9.eyJ1c2VySWQiOiI2NmZiZTVhM2E0ZGQ3N2JiNzRiOTA3NjciLCJpYXQiOjE3Mjc4NjA3NzksImV4cCI6MTcyNzg2NDM3OX0.vZEsWVAGjhi0slLut0-XFDXikF3GhjEcOURHrjQYKgA",
            "refreshToken": "eyJhbGciOiJIUzI1NiIsInR5cCI6IkpXVCJ9.eyJ1c2VySWQiOiI2NmZiZTVhM2E0ZGQ3N2JiNzRiOTA3NjciLCJpYXQiOjE3Mjc4NjA3NzksImV4cCI6MTc1OTM5Njc3OX0.HU4eoeW197aWKENvyirjoElPA6MV-_KgvYk4BCrzZUM"
        }
    }
}
{
    "level": "INFO",
    "timestamp": "2024-10-02T09:44:42.460Z",
    "message": "Database connection established",
    "meta": {
        "CONNECTION_NAME": "base"
    }
}
{
    "level": "INFO",
    "timestamp": "2024-10-02T09:44:42.467Z",
    "message": "Rate limiter initiated",
    "meta": {}
}
{
    "level": "INFO",
    "timestamp": "2024-10-02T09:44:42.469Z",
    "message": "Application started on port 3000",
    "meta": {
        "SERVER_URL": "http://localhost:3000"
    }
}
{
    "level": "ERROR",
    "timestamp": "2024-10-02T09:44:47.761Z",
    "message": "Controller Response",
    "meta": {
        "success": false,
        "statusCode": 422,
        "request": {
            "ip": "::1",
            "method": "POST",
            "url": "/v1/login"
        },
        "message": "\"password\" length must be at least 8 characters long",
        "data": null,
        "trace": {
            "error": "ValidationError: \"password\" length must be at least 8 characters long"
        }
    }
}
{
    "level": "ERROR",
    "timestamp": "2024-10-02T09:44:58.017Z",
    "message": "Controller Response",
    "meta": {
        "success": false,
        "statusCode": 400,
        "request": {
            "ip": "::1",
            "method": "POST",
            "url": "/v1/login"
        },
        "message": "Invalid email or password",
        "data": null,
        "trace": {
            "error": "Error: Invalid email or password\n    at C:\\Users\\Administrator\\Desktop\\Projects\\workspace\\base_server\\base_server\\src\\APIs\\user\\authentication\\authentication.service.ts:143:15\n    at Generator.next (<anonymous>)\n    at fulfilled (C:\\Users\\Administrator\\Desktop\\Projects\\workspace\\base_server\\base_server\\src\\APIs\\user\\authentication\\authentication.service.ts:5:58)"
        }
    }
}
{
    "level": "ERROR",
    "timestamp": "2024-10-02T09:45:16.223Z",
    "message": "Controller Response",
    "meta": {
        "success": false,
        "statusCode": 404,
        "request": {
            "ip": "::1",
            "method": "POST",
            "url": "/v1/login"
        },
        "message": "User is not found",
        "data": null,
        "trace": {
            "error": "Error: User is not found\n    at C:\\Users\\Administrator\\Desktop\\Projects\\workspace\\base_server\\base_server\\src\\APIs\\user\\authentication\\authentication.service.ts:137:15\n    at Generator.next (<anonymous>)\n    at fulfilled (C:\\Users\\Administrator\\Desktop\\Projects\\workspace\\base_server\\base_server\\src\\APIs\\user\\authentication\\authentication.service.ts:5:58)\n    at processTicksAndRejections (node:internal/process/task_queues:95:5)"
        }
    }
}
{
    "level": "INFO",
    "timestamp": "2024-10-02T09:45:25.914Z",
    "message": "Controller Response",
    "meta": {
        "success": true,
        "statusCode": 200,
        "request": {
            "ip": "::1",
            "method": "POST",
            "url": "/v1/login"
        },
        "message": "Login successful",
        "data": {
            "success": true,
            "user": {
                "_id": "66fbe5a3a4dd77bb74b90767",
                "password": "$2b$10$fvBIxYM2jozV4XDPPV4q6.MQBhn3hRFvpqbk/kRtogOtPUufFht9.",
                "lastLoginAt": "2024-10-02T09:45:25.795Z",
                "updatedAt": "2024-10-02T09:45:25.801Z"
            },
            "accessToken": "eyJhbGciOiJIUzI1NiIsInR5cCI6IkpXVCJ9.eyJ1c2VySWQiOiI2NmZiZTVhM2E0ZGQ3N2JiNzRiOTA3NjciLCJpYXQiOjE3Mjc4NjIzMjUsImV4cCI6MTcyNzg2NTkyNX0.3DXvD6Y9GNJzBAQOcUPWru49cOKZnB9iDtLkDU7wktM",
            "refreshToken": "eyJhbGciOiJIUzI1NiIsInR5cCI6IkpXVCJ9.eyJ1c2VySWQiOiI2NmZiZTVhM2E0ZGQ3N2JiNzRiOTA3NjciLCJpYXQiOjE3Mjc4NjIzMjUsImV4cCI6MTc1OTM5ODMyNX0.vZYro6obdIINeqHm0dx-G03He3T-u95uPI-MNLH4nnE"
        }
    }
}
{
    "level": "INFO",
    "timestamp": "2024-10-02T10:33:42.223Z",
    "message": "Database connection established",
    "meta": {
        "CONNECTION_NAME": "base"
    }
}
{
    "level": "INFO",
    "timestamp": "2024-10-02T10:33:42.242Z",
    "message": "Rate limiter initiated",
    "meta": {}
}
{
    "level": "INFO",
    "timestamp": "2024-10-02T10:33:42.244Z",
    "message": "Application started on port 3000",
    "meta": {
        "SERVER_URL": "http://localhost:3000"
    }
}
{
    "level": "INFO",
    "timestamp": "2024-10-02T10:34:56.388Z",
    "message": "Database connection established",
    "meta": {
        "CONNECTION_NAME": "base"
    }
}
{
    "level": "INFO",
    "timestamp": "2024-10-02T10:34:56.395Z",
    "message": "Rate limiter initiated",
    "meta": {}
}
{
    "level": "INFO",
    "timestamp": "2024-10-02T10:34:56.396Z",
    "message": "Application started on port 3000",
    "meta": {
        "SERVER_URL": "http://localhost:3000"
    }
}
{
    "level": "INFO",
    "timestamp": "2024-10-02T10:36:14.414Z",
    "message": "Database connection established",
    "meta": {
        "CONNECTION_NAME": "base"
    }
}
{
    "level": "INFO",
    "timestamp": "2024-10-02T10:36:14.420Z",
    "message": "Rate limiter initiated",
    "meta": {}
}
{
    "level": "INFO",
    "timestamp": "2024-10-02T10:36:14.422Z",
    "message": "Application started on port 3000",
    "meta": {
        "SERVER_URL": "http://localhost:3000"
    }
}
{
    "level": "INFO",
    "timestamp": "2024-10-02T11:19:41.302Z",
    "message": "Database connection established",
    "meta": {
        "CONNECTION_NAME": "base"
    }
}
{
    "level": "INFO",
    "timestamp": "2024-10-02T11:19:41.311Z",
    "message": "Rate limiter initiated",
    "meta": {}
}
{
    "level": "INFO",
    "timestamp": "2024-10-02T11:19:41.313Z",
    "message": "Application started on port 3000",
    "meta": {
        "SERVER_URL": "http://localhost:3000"
    }
}
{
    "level": "ERROR",
    "timestamp": "2024-10-02T11:19:53.016Z",
    "message": "Controller Response",
    "meta": {
        "success": false,
        "statusCode": 401,
        "request": {
            "ip": "::1",
            "method": "GET",
            "url": "/v1/user/me"
        },
        "message": "You are not allowed to perform this task",
        "data": null,
        "trace": {
            "error": "Error: You are not allowed to perform this task\n    at C:\\Users\\Administrator\\Desktop\\Projects\\workspace\\base_server\\base_server\\src\\middlewares\\authenticate.ts:29:25\n    at Generator.next (<anonymous>)\n    at C:\\Users\\Administrator\\Desktop\\Projects\\workspace\\base_server\\base_server\\src\\middlewares\\authenticate.ts:8:71\n    at new Promise (<anonymous>)\n    at __awaiter (C:\\Users\\Administrator\\Desktop\\Projects\\workspace\\base_server\\base_server\\src\\middlewares\\authenticate.ts:4:12)\n    at C:\\Users\\Administrator\\Desktop\\Projects\\workspace\\base_server\\base_server\\src\\middlewares\\authenticate.ts:10:97\n    at C:\\Users\\Administrator\\Desktop\\Projects\\workspace\\base_server\\base_server\\src\\handlers\\async.ts:5:25\n    at Layer.handle [as handle_request] (C:\\Users\\Administrator\\Desktop\\Projects\\workspace\\base_server\\base_server\\node_modules\\express\\lib\\router\\layer.js:95:5)\n    at next (C:\\Users\\Administrator\\Desktop\\Projects\\workspace\\base_server\\base_server\\node_modules\\express\\lib\\router\\route.js:149:13)\n    at Route.dispatch (C:\\Users\\Administrator\\Desktop\\Projects\\workspace\\base_server\\base_server\\node_modules\\express\\lib\\router\\route.js:119:3)"
        }
    }
}
{
    "level": "INFO",
    "timestamp": "2024-10-02T11:20:02.767Z",
    "message": "Controller Response",
    "meta": {
        "success": true,
        "statusCode": 200,
        "request": {
            "ip": "::1",
            "method": "POST",
            "url": "/v1/login"
        },
        "message": "Login successful",
        "data": {
            "success": true,
            "user": {
                "_id": "66fbe5a3a4dd77bb74b90767",
                "password": "$2b$10$fvBIxYM2jozV4XDPPV4q6.MQBhn3hRFvpqbk/kRtogOtPUufFht9.",
                "lastLoginAt": "2024-10-02T11:20:02.624Z",
                "updatedAt": "2024-10-02T11:20:02.630Z"
            },
            "accessToken": "eyJhbGciOiJIUzI1NiIsInR5cCI6IkpXVCJ9.eyJ1c2VySWQiOiI2NmZiZTVhM2E0ZGQ3N2JiNzRiOTA3NjciLCJpYXQiOjE3Mjc4NjgwMDIsImV4cCI6MTcyNzg3MTYwMn0.MDP9oT5xj2qyxkYMA1fjfdqLkBwxafRY5SwaytoNGSw",
            "refreshToken": "eyJhbGciOiJIUzI1NiIsInR5cCI6IkpXVCJ9.eyJ1c2VySWQiOiI2NmZiZTVhM2E0ZGQ3N2JiNzRiOTA3NjciLCJpYXQiOjE3Mjc4NjgwMDIsImV4cCI6MTc1OTQwNDAwMn0.afFWTLXiKdhqOpbfPRMcVAvjED5tXXHJmi9VYvaNJgc"
        }
    }
}
{
    "level": "INFO",
    "timestamp": "2024-10-02T11:20:07.395Z",
    "message": "Controller Response",
    "meta": {
        "success": true,
        "statusCode": 201,
        "request": {
            "ip": "::1",
            "method": "GET",
            "url": "/v1/user/me"
        },
        "message": "Account has been created successfully.",
        "data": null
    }
}
{
    "level": "INFO",
    "timestamp": "2024-10-02T11:22:33.530Z",
    "message": "Database connection established",
    "meta": {
        "CONNECTION_NAME": "base"
    }
}
{
    "level": "INFO",
    "timestamp": "2024-10-02T11:22:33.538Z",
    "message": "Rate limiter initiated",
    "meta": {}
}
{
    "level": "INFO",
    "timestamp": "2024-10-02T11:22:33.539Z",
    "message": "Application started on port 3000",
    "meta": {
        "SERVER_URL": "http://localhost:3000"
    }
}
{
    "level": "INFO",
    "timestamp": "2024-10-02T11:22:56.819Z",
    "message": "Database connection established",
    "meta": {
        "CONNECTION_NAME": "base"
    }
}
{
    "level": "INFO",
    "timestamp": "2024-10-02T11:22:56.827Z",
    "message": "Rate limiter initiated",
    "meta": {}
}
{
    "level": "INFO",
    "timestamp": "2024-10-02T11:22:56.828Z",
    "message": "Application started on port 3000",
    "meta": {
        "SERVER_URL": "http://localhost:3000"
    }
}
{
    "level": "INFO",
    "timestamp": "2024-10-02T11:24:21.043Z",
    "message": "Database connection established",
    "meta": {
        "CONNECTION_NAME": "base"
    }
}
{
    "level": "INFO",
    "timestamp": "2024-10-02T11:24:21.050Z",
    "message": "Rate limiter initiated",
    "meta": {}
}
{
    "level": "INFO",
    "timestamp": "2024-10-02T11:24:21.051Z",
    "message": "Application started on port 3000",
    "meta": {
        "SERVER_URL": "http://localhost:3000"
    }
}
{
    "level": "INFO",
    "timestamp": "2024-10-02T11:28:45.660Z",
    "message": "Database connection established",
    "meta": {
        "CONNECTION_NAME": "base"
    }
}
{
    "level": "INFO",
    "timestamp": "2024-10-02T11:28:45.667Z",
    "message": "Rate limiter initiated",
    "meta": {}
}
{
    "level": "INFO",
    "timestamp": "2024-10-02T11:28:45.669Z",
    "message": "Application started on port 3000",
    "meta": {
        "SERVER_URL": "http://localhost:3000"
    }
}
{
    "level": "INFO",
    "timestamp": "2024-10-02T11:28:56.274Z",
    "message": "Database connection established",
    "meta": {
        "CONNECTION_NAME": "base"
    }
}
{
    "level": "INFO",
    "timestamp": "2024-10-02T11:28:56.281Z",
    "message": "Rate limiter initiated",
    "meta": {}
}
{
    "level": "INFO",
    "timestamp": "2024-10-02T11:28:56.282Z",
    "message": "Application started on port 3000",
    "meta": {
        "SERVER_URL": "http://localhost:3000"
    }
}
{
    "level": "INFO",
    "timestamp": "2024-10-02T11:28:58.880Z",
    "message": "Controller Response",
    "meta": {
        "success": true,
        "statusCode": 201,
        "request": {
            "ip": "::1",
            "method": "GET",
            "url": "/v1/user/me"
        },
        "message": "Operation is completed",
        "data": {
            "phoneNumber": {
                "isoCode": "PK",
                "countryCode": "92",
                "internationalNumber": "+92 333 1234567"
            },
            "accountConfimation": {
                "status": true,
                "token": "67fac7be-eec0-42ba-b990-2f51abdef488",
                "code": "987775",
                "timestamp": "2024-10-01T12:06:54.777Z"
            },
            "passwordReset": {
                "token": null,
                "expiry": null,
                "lastResetAt": null
            },
            "_id": "66fbe5a3a4dd77bb74b90767",
            "name": "A XYZ",
            "email": "onnexdevelopment@gmail.com",
            "timezone": "Asia/Karachi",
            "role": "user",
            "lastLoginAt": "2024-10-02T11:20:02.624Z",
            "consent": true,
            "createdAt": "2024-10-01T12:05:55.669Z",
            "updatedAt": "2024-10-02T11:20:02.630Z",
            "__v": 0
        }
    }
}
{
    "level": "INFO",
    "timestamp": "2024-10-02T13:13:22.128Z",
    "message": "Database connection established",
    "meta": {
        "CONNECTION_NAME": "base"
    }
}
{
    "level": "INFO",
    "timestamp": "2024-10-02T13:13:22.140Z",
    "message": "Rate limiter initiated",
    "meta": {}
}
{
    "level": "INFO",
    "timestamp": "2024-10-02T13:13:22.142Z",
    "message": "Application started on port 3000",
    "meta": {
        "SERVER_URL": "http://localhost:3000"
    }
}
{
    "level": "ERROR",
    "timestamp": "2024-10-02T13:13:32.777Z",
    "message": "Controller Response",
    "meta": {
        "success": false,
        "statusCode": 401,
        "request": {
            "ip": "::1",
            "method": "GET",
            "url": "/v1/user/me"
        },
        "message": "You are not allowed to perform this task",
        "data": null,
        "trace": {
            "error": "Error: You are not allowed to perform this task\n    at C:\\Users\\Administrator\\Desktop\\Projects\\workspace\\base_server\\base_server\\src\\middlewares\\authenticate.ts:29:25\n    at Generator.next (<anonymous>)\n    at C:\\Users\\Administrator\\Desktop\\Projects\\workspace\\base_server\\base_server\\src\\middlewares\\authenticate.ts:8:71\n    at new Promise (<anonymous>)\n    at __awaiter (C:\\Users\\Administrator\\Desktop\\Projects\\workspace\\base_server\\base_server\\src\\middlewares\\authenticate.ts:4:12)\n    at C:\\Users\\Administrator\\Desktop\\Projects\\workspace\\base_server\\base_server\\src\\middlewares\\authenticate.ts:10:97\n    at C:\\Users\\Administrator\\Desktop\\Projects\\workspace\\base_server\\base_server\\src\\handlers\\async.ts:5:25\n    at Layer.handle [as handle_request] (C:\\Users\\Administrator\\Desktop\\Projects\\workspace\\base_server\\base_server\\node_modules\\express\\lib\\router\\layer.js:95:5)\n    at next (C:\\Users\\Administrator\\Desktop\\Projects\\workspace\\base_server\\base_server\\node_modules\\express\\lib\\router\\route.js:149:13)\n    at Route.dispatch (C:\\Users\\Administrator\\Desktop\\Projects\\workspace\\base_server\\base_server\\node_modules\\express\\lib\\router\\route.js:119:3)"
        }
    }
}
{
    "level": "INFO",
    "timestamp": "2024-10-02T13:13:41.314Z",
    "message": "Controller Response",
    "meta": {
        "success": true,
        "statusCode": 200,
        "request": {
            "ip": "::1",
            "method": "POST",
            "url": "/v1/login"
        },
        "message": "Login successful",
        "data": {
            "success": true,
            "user": {
                "_id": "66fbe5a3a4dd77bb74b90767",
                "password": "$2b$10$fvBIxYM2jozV4XDPPV4q6.MQBhn3hRFvpqbk/kRtogOtPUufFht9.",
                "lastLoginAt": "2024-10-02T13:13:41.194Z",
                "updatedAt": "2024-10-02T13:13:41.200Z"
            },
            "accessToken": "eyJhbGciOiJIUzI1NiIsInR5cCI6IkpXVCJ9.eyJ1c2VySWQiOiI2NmZiZTVhM2E0ZGQ3N2JiNzRiOTA3NjciLCJpYXQiOjE3Mjc4NzQ4MjEsImV4cCI6MTcyNzg3ODQyMX0.CIH4BlCgLzpKjrVvEscyV7qVbywrvCMp6hWzPFDOEVA",
            "refreshToken": "eyJhbGciOiJIUzI1NiIsInR5cCI6IkpXVCJ9.eyJ1c2VySWQiOiI2NmZiZTVhM2E0ZGQ3N2JiNzRiOTA3NjciLCJpYXQiOjE3Mjc4NzQ4MjEsImV4cCI6MTc1OTQxMDgyMX0._XQ0XAFwyqLrtEdV1crtG9yOyMNl9invM5j6Z5jRlOY"
        }
    }
}
{
    "level": "INFO",
    "timestamp": "2024-10-02T13:13:44.845Z",
    "message": "Controller Response",
    "meta": {
        "success": true,
        "statusCode": 201,
        "request": {
            "ip": "::1",
            "method": "GET",
            "url": "/v1/user/me"
        },
        "message": "Operation is completed",
        "data": {
            "phoneNumber": {
                "isoCode": "PK",
                "countryCode": "92",
                "internationalNumber": "+92 333 1234567"
            },
            "accountConfimation": {
                "status": true,
                "token": "67fac7be-eec0-42ba-b990-2f51abdef488",
                "code": "987775",
                "timestamp": "2024-10-01T12:06:54.777Z"
            },
            "passwordReset": {
                "token": null,
                "expiry": null,
                "lastResetAt": null
            },
            "_id": "66fbe5a3a4dd77bb74b90767",
            "name": "A XYZ",
            "email": "onnexdevelopment@gmail.com",
            "timezone": "Asia/Karachi",
            "role": "user",
            "lastLoginAt": "2024-10-02T13:13:41.194Z",
            "consent": true,
            "createdAt": "2024-10-01T12:05:55.669Z",
            "updatedAt": "2024-10-02T13:13:41.200Z",
            "__v": 0
        }
    }
}
{
    "level": "INFO",
    "timestamp": "2024-10-02T13:14:14.351Z",
    "message": "Database connection established",
    "meta": {
        "CONNECTION_NAME": "base"
    }
}
{
    "level": "INFO",
    "timestamp": "2024-10-02T13:14:14.359Z",
    "message": "Rate limiter initiated",
    "meta": {}
}
{
    "level": "INFO",
    "timestamp": "2024-10-02T13:14:14.360Z",
    "message": "Application started on port 3000",
    "meta": {
        "SERVER_URL": "http://localhost:3000"
    }
}
{
    "level": "INFO",
    "timestamp": "2024-10-02T13:33:27.841Z",
    "message": "Controller Response",
    "meta": {
        "success": true,
        "statusCode": 200,
        "request": {
            "ip": "::1",
            "method": "PUT",
            "url": "/v1/logout"
        },
        "message": "Operation is completed",
        "data": null
    }
}
{
    "level": "ERROR",
    "timestamp": "2024-10-02T13:33:35.676Z",
    "message": "Controller Response",
    "meta": {
        "success": false,
        "statusCode": 401,
        "request": {
            "ip": "::1",
            "method": "GET",
            "url": "/v1/user/me"
        },
        "message": "You are not allowed to perform this task",
        "data": null,
        "trace": {
            "error": "Error: You are not allowed to perform this task\n    at C:\\Users\\Administrator\\Desktop\\Projects\\workspace\\base_server\\base_server\\src\\middlewares\\authenticate.ts:29:25\n    at Generator.next (<anonymous>)\n    at C:\\Users\\Administrator\\Desktop\\Projects\\workspace\\base_server\\base_server\\src\\middlewares\\authenticate.ts:8:71\n    at new Promise (<anonymous>)\n    at __awaiter (C:\\Users\\Administrator\\Desktop\\Projects\\workspace\\base_server\\base_server\\src\\middlewares\\authenticate.ts:4:12)\n    at C:\\Users\\Administrator\\Desktop\\Projects\\workspace\\base_server\\base_server\\src\\middlewares\\authenticate.ts:10:97\n    at C:\\Users\\Administrator\\Desktop\\Projects\\workspace\\base_server\\base_server\\src\\handlers\\async.ts:5:25\n    at Layer.handle [as handle_request] (C:\\Users\\Administrator\\Desktop\\Projects\\workspace\\base_server\\base_server\\node_modules\\express\\lib\\router\\layer.js:95:5)\n    at next (C:\\Users\\Administrator\\Desktop\\Projects\\workspace\\base_server\\base_server\\node_modules\\express\\lib\\router\\route.js:149:13)\n    at Route.dispatch (C:\\Users\\Administrator\\Desktop\\Projects\\workspace\\base_server\\base_server\\node_modules\\express\\lib\\router\\route.js:119:3)"
        }
    }
}
{
    "level": "INFO",
    "timestamp": "2024-10-02T13:40:43.747Z",
    "message": "Controller Response",
    "meta": {
        "success": true,
        "statusCode": 200,
        "request": {
            "ip": "::1",
            "method": "GET",
            "url": "/v1/self"
        },
        "message": "Operation is completed",
        "data": null
    }
}
{
    "level": "ERROR",
    "timestamp": "2024-10-02T15:27:12.387Z",
    "message": "Controller Response",
    "meta": {
        "success": false,
        "statusCode": 404,
        "request": {
            "ip": "::ffff:127.0.0.1",
            "method": "POST",
            "url": "/register"
        },
        "message": "Route is not found",
        "data": null,
        "trace": {
            "error": "Error: Route is not found\n    at Object.<anonymous>.exports.default (C:\\Users\\Administrator\\Desktop\\Projects\\workspace\\base_server\\base_server\\src\\handlers\\notFound.ts:10:15)\n    at Layer.handle [as handle_request] (C:\\Users\\Administrator\\Desktop\\Projects\\workspace\\base_server\\base_server\\node_modules\\express\\lib\\router\\layer.js:95:5)\n    at trim_prefix (C:\\Users\\Administrator\\Desktop\\Projects\\workspace\\base_server\\base_server\\node_modules\\express\\lib\\router\\index.js:328:13)\n    at C:\\Users\\Administrator\\Desktop\\Projects\\workspace\\base_server\\base_server\\node_modules\\express\\lib\\router\\index.js:286:9\n    at Function.process_params (C:\\Users\\Administrator\\Desktop\\Projects\\workspace\\base_server\\base_server\\node_modules\\express\\lib\\router\\index.js:346:12)\n    at next (C:\\Users\\Administrator\\Desktop\\Projects\\workspace\\base_server\\base_server\\node_modules\\express\\lib\\router\\index.js:280:10)\n    at serveStatic (C:\\Users\\Administrator\\Desktop\\Projects\\workspace\\base_server\\base_server\\node_modules\\serve-static\\index.js:75:16)\n    at Layer.handle [as handle_request] (C:\\Users\\Administrator\\Desktop\\Projects\\workspace\\base_server\\base_server\\node_modules\\express\\lib\\router\\layer.js:95:5)\n    at trim_prefix (C:\\Users\\Administrator\\Desktop\\Projects\\workspace\\base_server\\base_server\\node_modules\\express\\lib\\router\\index.js:328:13)\n    at C:\\Users\\Administrator\\Desktop\\Projects\\workspace\\base_server\\base_server\\node_modules\\express\\lib\\router\\index.js:286:9\n    at Function.process_params (C:\\Users\\Administrator\\Desktop\\Projects\\workspace\\base_server\\base_server\\node_modules\\express\\lib\\router\\index.js:346:12)\n    at next (C:\\Users\\Administrator\\Desktop\\Projects\\workspace\\base_server\\base_server\\node_modules\\express\\lib\\router\\index.js:280:10)\n    at C:\\Users\\Administrator\\Desktop\\Projects\\workspace\\base_server\\base_server\\node_modules\\body-parser\\lib\\read.js:137:5\n    at AsyncResource.runInAsyncScope (node:async_hooks:206:9)\n    at invokeCallback (C:\\Users\\Administrator\\Desktop\\Projects\\workspace\\base_server\\base_server\\node_modules\\raw-body\\index.js:238:16)\n    at done (C:\\Users\\Administrator\\Desktop\\Projects\\workspace\\base_server\\base_server\\node_modules\\raw-body\\index.js:227:7)\n    at IncomingMessage.onEnd (C:\\Users\\Administrator\\Desktop\\Projects\\workspace\\base_server\\base_server\\node_modules\\raw-body\\index.js:287:7)\n    at IncomingMessage.emit (node:events:518:28)\n    at endReadableNT (node:internal/streams/readable:1696:12)\n    at processTicksAndRejections (node:internal/process/task_queues:82:21)"
        }
    }
}
{
    "level": "ERROR",
    "timestamp": "2024-10-02T15:27:12.417Z",
    "message": "Controller Response",
    "meta": {
        "success": false,
        "statusCode": 404,
        "request": {
            "ip": "::ffff:127.0.0.1",
            "method": "POST",
            "url": "/register"
        },
        "message": "Route is not found",
        "data": null,
        "trace": {
            "error": "Error: Route is not found\n    at Object.<anonymous>.exports.default (C:\\Users\\Administrator\\Desktop\\Projects\\workspace\\base_server\\base_server\\src\\handlers\\notFound.ts:10:15)\n    at Layer.handle [as handle_request] (C:\\Users\\Administrator\\Desktop\\Projects\\workspace\\base_server\\base_server\\node_modules\\express\\lib\\router\\layer.js:95:5)\n    at trim_prefix (C:\\Users\\Administrator\\Desktop\\Projects\\workspace\\base_server\\base_server\\node_modules\\express\\lib\\router\\index.js:328:13)\n    at C:\\Users\\Administrator\\Desktop\\Projects\\workspace\\base_server\\base_server\\node_modules\\express\\lib\\router\\index.js:286:9\n    at Function.process_params (C:\\Users\\Administrator\\Desktop\\Projects\\workspace\\base_server\\base_server\\node_modules\\express\\lib\\router\\index.js:346:12)\n    at next (C:\\Users\\Administrator\\Desktop\\Projects\\workspace\\base_server\\base_server\\node_modules\\express\\lib\\router\\index.js:280:10)\n    at serveStatic (C:\\Users\\Administrator\\Desktop\\Projects\\workspace\\base_server\\base_server\\node_modules\\serve-static\\index.js:75:16)\n    at Layer.handle [as handle_request] (C:\\Users\\Administrator\\Desktop\\Projects\\workspace\\base_server\\base_server\\node_modules\\express\\lib\\router\\layer.js:95:5)\n    at trim_prefix (C:\\Users\\Administrator\\Desktop\\Projects\\workspace\\base_server\\base_server\\node_modules\\express\\lib\\router\\index.js:328:13)\n    at C:\\Users\\Administrator\\Desktop\\Projects\\workspace\\base_server\\base_server\\node_modules\\express\\lib\\router\\index.js:286:9\n    at Function.process_params (C:\\Users\\Administrator\\Desktop\\Projects\\workspace\\base_server\\base_server\\node_modules\\express\\lib\\router\\index.js:346:12)\n    at next (C:\\Users\\Administrator\\Desktop\\Projects\\workspace\\base_server\\base_server\\node_modules\\express\\lib\\router\\index.js:280:10)\n    at C:\\Users\\Administrator\\Desktop\\Projects\\workspace\\base_server\\base_server\\node_modules\\body-parser\\lib\\read.js:137:5\n    at AsyncResource.runInAsyncScope (node:async_hooks:206:9)\n    at invokeCallback (C:\\Users\\Administrator\\Desktop\\Projects\\workspace\\base_server\\base_server\\node_modules\\raw-body\\index.js:238:16)\n    at done (C:\\Users\\Administrator\\Desktop\\Projects\\workspace\\base_server\\base_server\\node_modules\\raw-body\\index.js:227:7)\n    at IncomingMessage.onEnd (C:\\Users\\Administrator\\Desktop\\Projects\\workspace\\base_server\\base_server\\node_modules\\raw-body\\index.js:287:7)\n    at IncomingMessage.emit (node:events:518:28)\n    at endReadableNT (node:internal/streams/readable:1696:12)\n    at processTicksAndRejections (node:internal/process/task_queues:82:21)"
        }
    }
}
{
    "level": "ERROR",
    "timestamp": "2024-10-02T15:27:12.437Z",
    "message": "Controller Response",
    "meta": {
        "success": false,
        "statusCode": 404,
        "request": {
            "ip": "::ffff:127.0.0.1",
            "method": "POST",
            "url": "/register"
        },
        "message": "Route is not found",
        "data": null,
        "trace": {
            "error": "Error: Route is not found\n    at Object.<anonymous>.exports.default (C:\\Users\\Administrator\\Desktop\\Projects\\workspace\\base_server\\base_server\\src\\handlers\\notFound.ts:10:15)\n    at Layer.handle [as handle_request] (C:\\Users\\Administrator\\Desktop\\Projects\\workspace\\base_server\\base_server\\node_modules\\express\\lib\\router\\layer.js:95:5)\n    at trim_prefix (C:\\Users\\Administrator\\Desktop\\Projects\\workspace\\base_server\\base_server\\node_modules\\express\\lib\\router\\index.js:328:13)\n    at C:\\Users\\Administrator\\Desktop\\Projects\\workspace\\base_server\\base_server\\node_modules\\express\\lib\\router\\index.js:286:9\n    at Function.process_params (C:\\Users\\Administrator\\Desktop\\Projects\\workspace\\base_server\\base_server\\node_modules\\express\\lib\\router\\index.js:346:12)\n    at next (C:\\Users\\Administrator\\Desktop\\Projects\\workspace\\base_server\\base_server\\node_modules\\express\\lib\\router\\index.js:280:10)\n    at serveStatic (C:\\Users\\Administrator\\Desktop\\Projects\\workspace\\base_server\\base_server\\node_modules\\serve-static\\index.js:75:16)\n    at Layer.handle [as handle_request] (C:\\Users\\Administrator\\Desktop\\Projects\\workspace\\base_server\\base_server\\node_modules\\express\\lib\\router\\layer.js:95:5)\n    at trim_prefix (C:\\Users\\Administrator\\Desktop\\Projects\\workspace\\base_server\\base_server\\node_modules\\express\\lib\\router\\index.js:328:13)\n    at C:\\Users\\Administrator\\Desktop\\Projects\\workspace\\base_server\\base_server\\node_modules\\express\\lib\\router\\index.js:286:9\n    at Function.process_params (C:\\Users\\Administrator\\Desktop\\Projects\\workspace\\base_server\\base_server\\node_modules\\express\\lib\\router\\index.js:346:12)\n    at next (C:\\Users\\Administrator\\Desktop\\Projects\\workspace\\base_server\\base_server\\node_modules\\express\\lib\\router\\index.js:280:10)\n    at C:\\Users\\Administrator\\Desktop\\Projects\\workspace\\base_server\\base_server\\node_modules\\body-parser\\lib\\read.js:137:5\n    at AsyncResource.runInAsyncScope (node:async_hooks:206:9)\n    at invokeCallback (C:\\Users\\Administrator\\Desktop\\Projects\\workspace\\base_server\\base_server\\node_modules\\raw-body\\index.js:238:16)\n    at done (C:\\Users\\Administrator\\Desktop\\Projects\\workspace\\base_server\\base_server\\node_modules\\raw-body\\index.js:227:7)\n    at IncomingMessage.onEnd (C:\\Users\\Administrator\\Desktop\\Projects\\workspace\\base_server\\base_server\\node_modules\\raw-body\\index.js:287:7)\n    at IncomingMessage.emit (node:events:518:28)\n    at endReadableNT (node:internal/streams/readable:1696:12)\n    at processTicksAndRejections (node:internal/process/task_queues:82:21)"
        }
    }
}
{
    "level": "ERROR",
    "timestamp": "2024-10-02T15:27:12.449Z",
    "message": "Controller Response",
    "meta": {
        "success": false,
        "statusCode": 404,
        "request": {
            "ip": "::ffff:127.0.0.1",
            "method": "POST",
            "url": "/register"
        },
        "message": "Route is not found",
        "data": null,
        "trace": {
            "error": "Error: Route is not found\n    at Object.<anonymous>.exports.default (C:\\Users\\Administrator\\Desktop\\Projects\\workspace\\base_server\\base_server\\src\\handlers\\notFound.ts:10:15)\n    at Layer.handle [as handle_request] (C:\\Users\\Administrator\\Desktop\\Projects\\workspace\\base_server\\base_server\\node_modules\\express\\lib\\router\\layer.js:95:5)\n    at trim_prefix (C:\\Users\\Administrator\\Desktop\\Projects\\workspace\\base_server\\base_server\\node_modules\\express\\lib\\router\\index.js:328:13)\n    at C:\\Users\\Administrator\\Desktop\\Projects\\workspace\\base_server\\base_server\\node_modules\\express\\lib\\router\\index.js:286:9\n    at Function.process_params (C:\\Users\\Administrator\\Desktop\\Projects\\workspace\\base_server\\base_server\\node_modules\\express\\lib\\router\\index.js:346:12)\n    at next (C:\\Users\\Administrator\\Desktop\\Projects\\workspace\\base_server\\base_server\\node_modules\\express\\lib\\router\\index.js:280:10)\n    at serveStatic (C:\\Users\\Administrator\\Desktop\\Projects\\workspace\\base_server\\base_server\\node_modules\\serve-static\\index.js:75:16)\n    at Layer.handle [as handle_request] (C:\\Users\\Administrator\\Desktop\\Projects\\workspace\\base_server\\base_server\\node_modules\\express\\lib\\router\\layer.js:95:5)\n    at trim_prefix (C:\\Users\\Administrator\\Desktop\\Projects\\workspace\\base_server\\base_server\\node_modules\\express\\lib\\router\\index.js:328:13)\n    at C:\\Users\\Administrator\\Desktop\\Projects\\workspace\\base_server\\base_server\\node_modules\\express\\lib\\router\\index.js:286:9\n    at Function.process_params (C:\\Users\\Administrator\\Desktop\\Projects\\workspace\\base_server\\base_server\\node_modules\\express\\lib\\router\\index.js:346:12)\n    at next (C:\\Users\\Administrator\\Desktop\\Projects\\workspace\\base_server\\base_server\\node_modules\\express\\lib\\router\\index.js:280:10)\n    at C:\\Users\\Administrator\\Desktop\\Projects\\workspace\\base_server\\base_server\\node_modules\\body-parser\\lib\\read.js:137:5\n    at AsyncResource.runInAsyncScope (node:async_hooks:206:9)\n    at invokeCallback (C:\\Users\\Administrator\\Desktop\\Projects\\workspace\\base_server\\base_server\\node_modules\\raw-body\\index.js:238:16)\n    at done (C:\\Users\\Administrator\\Desktop\\Projects\\workspace\\base_server\\base_server\\node_modules\\raw-body\\index.js:227:7)\n    at IncomingMessage.onEnd (C:\\Users\\Administrator\\Desktop\\Projects\\workspace\\base_server\\base_server\\node_modules\\raw-body\\index.js:287:7)\n    at IncomingMessage.emit (node:events:518:28)\n    at endReadableNT (node:internal/streams/readable:1696:12)\n    at processTicksAndRejections (node:internal/process/task_queues:82:21)"
        }
    }
}
{
    "level": "ERROR",
    "timestamp": "2024-10-02T15:31:00.436Z",
    "message": "Controller Response",
    "meta": {
        "success": false,
        "statusCode": 404,
        "request": {
            "ip": "::ffff:127.0.0.1",
            "method": "POST",
            "url": "/register"
        },
        "message": "Route is not found",
        "data": null,
        "trace": {
            "error": "Error: Route is not found\n    at Object.<anonymous>.exports.default (C:\\Users\\Administrator\\Desktop\\Projects\\workspace\\base_server\\base_server\\src\\handlers\\notFound.ts:10:15)\n    at Layer.handle [as handle_request] (C:\\Users\\Administrator\\Desktop\\Projects\\workspace\\base_server\\base_server\\node_modules\\express\\lib\\router\\layer.js:95:5)\n    at trim_prefix (C:\\Users\\Administrator\\Desktop\\Projects\\workspace\\base_server\\base_server\\node_modules\\express\\lib\\router\\index.js:328:13)\n    at C:\\Users\\Administrator\\Desktop\\Projects\\workspace\\base_server\\base_server\\node_modules\\express\\lib\\router\\index.js:286:9\n    at Function.process_params (C:\\Users\\Administrator\\Desktop\\Projects\\workspace\\base_server\\base_server\\node_modules\\express\\lib\\router\\index.js:346:12)\n    at next (C:\\Users\\Administrator\\Desktop\\Projects\\workspace\\base_server\\base_server\\node_modules\\express\\lib\\router\\index.js:280:10)\n    at serveStatic (C:\\Users\\Administrator\\Desktop\\Projects\\workspace\\base_server\\base_server\\node_modules\\serve-static\\index.js:75:16)\n    at Layer.handle [as handle_request] (C:\\Users\\Administrator\\Desktop\\Projects\\workspace\\base_server\\base_server\\node_modules\\express\\lib\\router\\layer.js:95:5)\n    at trim_prefix (C:\\Users\\Administrator\\Desktop\\Projects\\workspace\\base_server\\base_server\\node_modules\\express\\lib\\router\\index.js:328:13)\n    at C:\\Users\\Administrator\\Desktop\\Projects\\workspace\\base_server\\base_server\\node_modules\\express\\lib\\router\\index.js:286:9\n    at Function.process_params (C:\\Users\\Administrator\\Desktop\\Projects\\workspace\\base_server\\base_server\\node_modules\\express\\lib\\router\\index.js:346:12)\n    at next (C:\\Users\\Administrator\\Desktop\\Projects\\workspace\\base_server\\base_server\\node_modules\\express\\lib\\router\\index.js:280:10)\n    at C:\\Users\\Administrator\\Desktop\\Projects\\workspace\\base_server\\base_server\\node_modules\\body-parser\\lib\\read.js:137:5\n    at AsyncResource.runInAsyncScope (node:async_hooks:206:9)\n    at invokeCallback (C:\\Users\\Administrator\\Desktop\\Projects\\workspace\\base_server\\base_server\\node_modules\\raw-body\\index.js:238:16)\n    at done (C:\\Users\\Administrator\\Desktop\\Projects\\workspace\\base_server\\base_server\\node_modules\\raw-body\\index.js:227:7)\n    at IncomingMessage.onEnd (C:\\Users\\Administrator\\Desktop\\Projects\\workspace\\base_server\\base_server\\node_modules\\raw-body\\index.js:287:7)\n    at IncomingMessage.emit (node:events:518:28)\n    at endReadableNT (node:internal/streams/readable:1696:12)\n    at processTicksAndRejections (node:internal/process/task_queues:82:21)"
        }
    }
}
{
    "level": "ERROR",
    "timestamp": "2024-10-02T15:31:00.485Z",
    "message": "Controller Response",
    "meta": {
        "success": false,
        "statusCode": 404,
        "request": {
            "ip": "::ffff:127.0.0.1",
            "method": "POST",
            "url": "/register"
        },
        "message": "Route is not found",
        "data": null,
        "trace": {
            "error": "Error: Route is not found\n    at Object.<anonymous>.exports.default (C:\\Users\\Administrator\\Desktop\\Projects\\workspace\\base_server\\base_server\\src\\handlers\\notFound.ts:10:15)\n    at Layer.handle [as handle_request] (C:\\Users\\Administrator\\Desktop\\Projects\\workspace\\base_server\\base_server\\node_modules\\express\\lib\\router\\layer.js:95:5)\n    at trim_prefix (C:\\Users\\Administrator\\Desktop\\Projects\\workspace\\base_server\\base_server\\node_modules\\express\\lib\\router\\index.js:328:13)\n    at C:\\Users\\Administrator\\Desktop\\Projects\\workspace\\base_server\\base_server\\node_modules\\express\\lib\\router\\index.js:286:9\n    at Function.process_params (C:\\Users\\Administrator\\Desktop\\Projects\\workspace\\base_server\\base_server\\node_modules\\express\\lib\\router\\index.js:346:12)\n    at next (C:\\Users\\Administrator\\Desktop\\Projects\\workspace\\base_server\\base_server\\node_modules\\express\\lib\\router\\index.js:280:10)\n    at serveStatic (C:\\Users\\Administrator\\Desktop\\Projects\\workspace\\base_server\\base_server\\node_modules\\serve-static\\index.js:75:16)\n    at Layer.handle [as handle_request] (C:\\Users\\Administrator\\Desktop\\Projects\\workspace\\base_server\\base_server\\node_modules\\express\\lib\\router\\layer.js:95:5)\n    at trim_prefix (C:\\Users\\Administrator\\Desktop\\Projects\\workspace\\base_server\\base_server\\node_modules\\express\\lib\\router\\index.js:328:13)\n    at C:\\Users\\Administrator\\Desktop\\Projects\\workspace\\base_server\\base_server\\node_modules\\express\\lib\\router\\index.js:286:9\n    at Function.process_params (C:\\Users\\Administrator\\Desktop\\Projects\\workspace\\base_server\\base_server\\node_modules\\express\\lib\\router\\index.js:346:12)\n    at next (C:\\Users\\Administrator\\Desktop\\Projects\\workspace\\base_server\\base_server\\node_modules\\express\\lib\\router\\index.js:280:10)\n    at C:\\Users\\Administrator\\Desktop\\Projects\\workspace\\base_server\\base_server\\node_modules\\body-parser\\lib\\read.js:137:5\n    at AsyncResource.runInAsyncScope (node:async_hooks:206:9)\n    at invokeCallback (C:\\Users\\Administrator\\Desktop\\Projects\\workspace\\base_server\\base_server\\node_modules\\raw-body\\index.js:238:16)\n    at done (C:\\Users\\Administrator\\Desktop\\Projects\\workspace\\base_server\\base_server\\node_modules\\raw-body\\index.js:227:7)\n    at IncomingMessage.onEnd (C:\\Users\\Administrator\\Desktop\\Projects\\workspace\\base_server\\base_server\\node_modules\\raw-body\\index.js:287:7)\n    at IncomingMessage.emit (node:events:518:28)\n    at endReadableNT (node:internal/streams/readable:1696:12)\n    at processTicksAndRejections (node:internal/process/task_queues:82:21)"
        }
    }
}
{
    "level": "ERROR",
    "timestamp": "2024-10-02T15:31:00.520Z",
    "message": "Controller Response",
    "meta": {
        "success": false,
        "statusCode": 404,
        "request": {
            "ip": "::ffff:127.0.0.1",
            "method": "POST",
            "url": "/register"
        },
        "message": "Route is not found",
        "data": null,
        "trace": {
            "error": "Error: Route is not found\n    at Object.<anonymous>.exports.default (C:\\Users\\Administrator\\Desktop\\Projects\\workspace\\base_server\\base_server\\src\\handlers\\notFound.ts:10:15)\n    at Layer.handle [as handle_request] (C:\\Users\\Administrator\\Desktop\\Projects\\workspace\\base_server\\base_server\\node_modules\\express\\lib\\router\\layer.js:95:5)\n    at trim_prefix (C:\\Users\\Administrator\\Desktop\\Projects\\workspace\\base_server\\base_server\\node_modules\\express\\lib\\router\\index.js:328:13)\n    at C:\\Users\\Administrator\\Desktop\\Projects\\workspace\\base_server\\base_server\\node_modules\\express\\lib\\router\\index.js:286:9\n    at Function.process_params (C:\\Users\\Administrator\\Desktop\\Projects\\workspace\\base_server\\base_server\\node_modules\\express\\lib\\router\\index.js:346:12)\n    at next (C:\\Users\\Administrator\\Desktop\\Projects\\workspace\\base_server\\base_server\\node_modules\\express\\lib\\router\\index.js:280:10)\n    at serveStatic (C:\\Users\\Administrator\\Desktop\\Projects\\workspace\\base_server\\base_server\\node_modules\\serve-static\\index.js:75:16)\n    at Layer.handle [as handle_request] (C:\\Users\\Administrator\\Desktop\\Projects\\workspace\\base_server\\base_server\\node_modules\\express\\lib\\router\\layer.js:95:5)\n    at trim_prefix (C:\\Users\\Administrator\\Desktop\\Projects\\workspace\\base_server\\base_server\\node_modules\\express\\lib\\router\\index.js:328:13)\n    at C:\\Users\\Administrator\\Desktop\\Projects\\workspace\\base_server\\base_server\\node_modules\\express\\lib\\router\\index.js:286:9\n    at Function.process_params (C:\\Users\\Administrator\\Desktop\\Projects\\workspace\\base_server\\base_server\\node_modules\\express\\lib\\router\\index.js:346:12)\n    at next (C:\\Users\\Administrator\\Desktop\\Projects\\workspace\\base_server\\base_server\\node_modules\\express\\lib\\router\\index.js:280:10)\n    at C:\\Users\\Administrator\\Desktop\\Projects\\workspace\\base_server\\base_server\\node_modules\\body-parser\\lib\\read.js:137:5\n    at AsyncResource.runInAsyncScope (node:async_hooks:206:9)\n    at invokeCallback (C:\\Users\\Administrator\\Desktop\\Projects\\workspace\\base_server\\base_server\\node_modules\\raw-body\\index.js:238:16)\n    at done (C:\\Users\\Administrator\\Desktop\\Projects\\workspace\\base_server\\base_server\\node_modules\\raw-body\\index.js:227:7)\n    at IncomingMessage.onEnd (C:\\Users\\Administrator\\Desktop\\Projects\\workspace\\base_server\\base_server\\node_modules\\raw-body\\index.js:287:7)\n    at IncomingMessage.emit (node:events:518:28)\n    at endReadableNT (node:internal/streams/readable:1696:12)\n    at processTicksAndRejections (node:internal/process/task_queues:82:21)"
        }
    }
}
{
    "level": "ERROR",
    "timestamp": "2024-10-02T15:31:00.548Z",
    "message": "Controller Response",
    "meta": {
        "success": false,
        "statusCode": 404,
        "request": {
            "ip": "::ffff:127.0.0.1",
            "method": "POST",
            "url": "/register"
        },
        "message": "Route is not found",
        "data": null,
        "trace": {
            "error": "Error: Route is not found\n    at Object.<anonymous>.exports.default (C:\\Users\\Administrator\\Desktop\\Projects\\workspace\\base_server\\base_server\\src\\handlers\\notFound.ts:10:15)\n    at Layer.handle [as handle_request] (C:\\Users\\Administrator\\Desktop\\Projects\\workspace\\base_server\\base_server\\node_modules\\express\\lib\\router\\layer.js:95:5)\n    at trim_prefix (C:\\Users\\Administrator\\Desktop\\Projects\\workspace\\base_server\\base_server\\node_modules\\express\\lib\\router\\index.js:328:13)\n    at C:\\Users\\Administrator\\Desktop\\Projects\\workspace\\base_server\\base_server\\node_modules\\express\\lib\\router\\index.js:286:9\n    at Function.process_params (C:\\Users\\Administrator\\Desktop\\Projects\\workspace\\base_server\\base_server\\node_modules\\express\\lib\\router\\index.js:346:12)\n    at next (C:\\Users\\Administrator\\Desktop\\Projects\\workspace\\base_server\\base_server\\node_modules\\express\\lib\\router\\index.js:280:10)\n    at serveStatic (C:\\Users\\Administrator\\Desktop\\Projects\\workspace\\base_server\\base_server\\node_modules\\serve-static\\index.js:75:16)\n    at Layer.handle [as handle_request] (C:\\Users\\Administrator\\Desktop\\Projects\\workspace\\base_server\\base_server\\node_modules\\express\\lib\\router\\layer.js:95:5)\n    at trim_prefix (C:\\Users\\Administrator\\Desktop\\Projects\\workspace\\base_server\\base_server\\node_modules\\express\\lib\\router\\index.js:328:13)\n    at C:\\Users\\Administrator\\Desktop\\Projects\\workspace\\base_server\\base_server\\node_modules\\express\\lib\\router\\index.js:286:9\n    at Function.process_params (C:\\Users\\Administrator\\Desktop\\Projects\\workspace\\base_server\\base_server\\node_modules\\express\\lib\\router\\index.js:346:12)\n    at next (C:\\Users\\Administrator\\Desktop\\Projects\\workspace\\base_server\\base_server\\node_modules\\express\\lib\\router\\index.js:280:10)\n    at C:\\Users\\Administrator\\Desktop\\Projects\\workspace\\base_server\\base_server\\node_modules\\body-parser\\lib\\read.js:137:5\n    at AsyncResource.runInAsyncScope (node:async_hooks:206:9)\n    at invokeCallback (C:\\Users\\Administrator\\Desktop\\Projects\\workspace\\base_server\\base_server\\node_modules\\raw-body\\index.js:238:16)\n    at done (C:\\Users\\Administrator\\Desktop\\Projects\\workspace\\base_server\\base_server\\node_modules\\raw-body\\index.js:227:7)\n    at IncomingMessage.onEnd (C:\\Users\\Administrator\\Desktop\\Projects\\workspace\\base_server\\base_server\\node_modules\\raw-body\\index.js:287:7)\n    at IncomingMessage.emit (node:events:518:28)\n    at endReadableNT (node:internal/streams/readable:1696:12)\n    at processTicksAndRejections (node:internal/process/task_queues:82:21)"
        }
    }
}
{
    "level": "ERROR",
    "timestamp": "2024-10-02T15:37:42.675Z",
    "message": "Controller Response",
    "meta": {
        "success": false,
        "statusCode": 422,
        "request": {
            "ip": "::ffff:127.0.0.1",
            "method": "POST",
            "url": "/v1/register"
        },
        "message": "\"password\" with value \"password123\" fails to match the required pattern: /^(?=.*[0-9])(?=.*[a-z])(?=.*[A-Z])(?=.*\\W)(?!.* ).{8,16}$/",
        "data": null,
        "trace": {
            "error": "ValidationError: \"password\" with value \"password123\" fails to match the required pattern: /^(?=.*[0-9])(?=.*[a-z])(?=.*[A-Z])(?=.*\\W)(?!.* ).{8,16}$/"
        }
    }
}
{
    "level": "ERROR",
    "timestamp": "2024-10-02T15:37:42.724Z",
    "message": "Controller Response",
    "meta": {
        "success": false,
        "statusCode": 422,
        "request": {
            "ip": "::ffff:127.0.0.1",
            "method": "POST",
            "url": "/v1/register"
        },
        "message": "\"password\" with value \"password123\" fails to match the required pattern: /^(?=.*[0-9])(?=.*[a-z])(?=.*[A-Z])(?=.*\\W)(?!.* ).{8,16}$/",
        "data": null,
        "trace": {
            "error": "ValidationError: \"password\" with value \"password123\" fails to match the required pattern: /^(?=.*[0-9])(?=.*[a-z])(?=.*[A-Z])(?=.*\\W)(?!.* ).{8,16}$/"
        }
    }
}
{
    "level": "ERROR",
    "timestamp": "2024-10-02T15:37:42.754Z",
    "message": "Controller Response",
    "meta": {
        "success": false,
        "statusCode": 422,
        "request": {
            "ip": "::ffff:127.0.0.1",
            "method": "POST",
            "url": "/v1/register"
        },
        "message": "\"password\" with value \"password123\" fails to match the required pattern: /^(?=.*[0-9])(?=.*[a-z])(?=.*[A-Z])(?=.*\\W)(?!.* ).{8,16}$/",
        "data": null,
        "trace": {
            "error": "ValidationError: \"password\" with value \"password123\" fails to match the required pattern: /^(?=.*[0-9])(?=.*[a-z])(?=.*[A-Z])(?=.*\\W)(?!.* ).{8,16}$/"
        }
    }
}
{
    "level": "ERROR",
    "timestamp": "2024-10-02T15:37:42.777Z",
    "message": "Controller Response",
    "meta": {
        "success": false,
        "statusCode": 422,
        "request": {
            "ip": "::ffff:127.0.0.1",
            "method": "POST",
            "url": "/v1/register"
        },
        "message": "\"password\" with value \"password123\" fails to match the required pattern: /^(?=.*[0-9])(?=.*[a-z])(?=.*[A-Z])(?=.*\\W)(?!.* ).{8,16}$/",
        "data": null,
        "trace": {
            "error": "ValidationError: \"password\" with value \"password123\" fails to match the required pattern: /^(?=.*[0-9])(?=.*[a-z])(?=.*[A-Z])(?=.*\\W)(?!.* ).{8,16}$/"
        }
    }
}
{
    "level": "ERROR",
    "timestamp": "2024-10-02T15:46:17.097Z",
    "message": "Controller Response",
    "meta": {
        "success": false,
        "statusCode": 422,
        "request": {
            "ip": "::ffff:127.0.0.1",
            "method": "POST",
            "url": "/v1/register"
        },
        "message": "\"password\" with value \"password123\" fails to match the required pattern: /^(?=.*[0-9])(?=.*[a-z])(?=.*[A-Z])(?=.*\\W)(?!.* ).{8,16}$/",
        "data": null,
        "trace": {
            "error": "ValidationError: \"password\" with value \"password123\" fails to match the required pattern: /^(?=.*[0-9])(?=.*[a-z])(?=.*[A-Z])(?=.*\\W)(?!.* ).{8,16}$/"
        }
    }
}
{
    "level": "ERROR",
    "timestamp": "2024-10-02T15:46:17.158Z",
    "message": "Controller Response",
    "meta": {
        "success": false,
        "statusCode": 422,
        "request": {
            "ip": "::ffff:127.0.0.1",
            "method": "POST",
            "url": "/v1/register"
        },
        "message": "\"consent\" is required",
        "data": null,
        "trace": {
            "error": "ValidationError: \"consent\" is required"
        }
    }
}
{
    "level": "ERROR",
    "timestamp": "2024-10-02T15:46:17.189Z",
    "message": "Controller Response",
    "meta": {
        "success": false,
        "statusCode": 422,
        "request": {
            "ip": "::ffff:127.0.0.1",
            "method": "POST",
            "url": "/v1/register"
        },
        "message": "\"password\" with value \"password123\" fails to match the required pattern: /^(?=.*[0-9])(?=.*[a-z])(?=.*[A-Z])(?=.*\\W)(?!.* ).{8,16}$/",
        "data": null,
        "trace": {
            "error": "ValidationError: \"password\" with value \"password123\" fails to match the required pattern: /^(?=.*[0-9])(?=.*[a-z])(?=.*[A-Z])(?=.*\\W)(?!.* ).{8,16}$/"
        }
    }
}
{
    "level": "ERROR",
    "timestamp": "2024-10-02T15:46:17.213Z",
    "message": "Controller Response",
    "meta": {
        "success": false,
        "statusCode": 422,
        "request": {
            "ip": "::ffff:127.0.0.1",
            "method": "POST",
            "url": "/v1/register"
        },
        "message": "\"consent\" is required",
        "data": null,
        "trace": {
            "error": "ValidationError: \"consent\" is required"
        }
    }
}
{
    "level": "ERROR",
    "timestamp": "2024-10-02T15:49:49.942Z",
    "message": "Controller Response",
    "meta": {
        "success": false,
        "statusCode": 422,
        "request": {
            "ip": "::ffff:127.0.0.1",
            "method": "POST",
            "url": "/v1/register"
        },
        "message": "\"password\" with value \"password123\" fails to match the required pattern: /^(?=.*[0-9])(?=.*[a-z])(?=.*[A-Z])(?=.*\\W)(?!.* ).{8,16}$/",
        "data": null,
        "trace": {
            "error": "ValidationError: \"password\" with value \"password123\" fails to match the required pattern: /^(?=.*[0-9])(?=.*[a-z])(?=.*[A-Z])(?=.*\\W)(?!.* ).{8,16}$/"
        }
    }
}
{
    "level": "ERROR",
    "timestamp": "2024-10-02T15:49:49.996Z",
    "message": "Controller Response",
    "meta": {
        "success": false,
        "statusCode": 422,
        "request": {
            "ip": "::ffff:127.0.0.1",
            "method": "POST",
            "url": "/v1/register"
        },
        "message": "\"consent\" is required",
        "data": null,
        "trace": {
            "error": "ValidationError: \"consent\" is required"
        }
    }
}
{
    "level": "ERROR",
    "timestamp": "2024-10-02T15:49:50.026Z",
    "message": "Controller Response",
    "meta": {
        "success": false,
        "statusCode": 422,
        "request": {
            "ip": "::ffff:127.0.0.1",
            "method": "POST",
            "url": "/v1/register"
        },
        "message": "\"password\" with value \"password123\" fails to match the required pattern: /^(?=.*[0-9])(?=.*[a-z])(?=.*[A-Z])(?=.*\\W)(?!.* ).{8,16}$/",
        "data": null,
        "trace": {
            "error": "ValidationError: \"password\" with value \"password123\" fails to match the required pattern: /^(?=.*[0-9])(?=.*[a-z])(?=.*[A-Z])(?=.*\\W)(?!.* ).{8,16}$/"
        }
    }
}
{
    "level": "ERROR",
    "timestamp": "2024-10-02T15:49:50.056Z",
    "message": "Controller Response",
    "meta": {
        "success": false,
        "statusCode": 422,
        "request": {
            "ip": "::ffff:127.0.0.1",
            "method": "POST",
            "url": "/v1/register"
        },
        "message": "\"consent\" is required",
        "data": null,
        "trace": {
            "error": "ValidationError: \"consent\" is required"
        }
    }
}
{
    "level": "INFO",
    "timestamp": "2024-10-02T15:50:36.620Z",
    "message": "Database connection established",
    "meta": {
        "CONNECTION_NAME": "base"
    }
}
{
    "level": "INFO",
    "timestamp": "2024-10-02T15:50:36.628Z",
    "message": "Rate limiter initiated",
    "meta": {}
}
{
    "level": "INFO",
    "timestamp": "2024-10-02T15:50:36.629Z",
    "message": "Application started on port 3000",
    "meta": {
        "SERVER_URL": "http://localhost:3000"
    }
}
{
    "level": "ERROR",
    "timestamp": "2024-10-02T15:54:12.917Z",
    "message": "Controller Response",
    "meta": {
        "success": false,
        "statusCode": 422,
        "request": {
            "ip": "::1",
            "method": "POST",
            "url": "/v1/register"
        },
        "message": "onnexdevelopment@gmail.com already exists for the user",
        "data": null,
        "trace": {
            "error": "Error: onnexdevelopment@gmail.com already exists for the user\n    at C:\\Users\\Administrator\\Desktop\\Projects\\workspace\\base_server\\base_server\\src\\APIs\\user\\authentication\\validation\\validations.ts:9:19\n    at Generator.next (<anonymous>)\n    at fulfilled (C:\\Users\\Administrator\\Desktop\\Projects\\workspace\\base_server\\base_server\\src\\APIs\\user\\authentication\\validation\\validations.ts:5:58)\n    at processTicksAndRejections (node:internal/process/task_queues:95:5)"
        }
    }
}
{
    "level": "INFO",
    "timestamp": "2024-10-02T15:55:16.310Z",
    "message": "Database connection established",
    "meta": {
        "CONNECTION_NAME": "base"
    }
}
{
    "level": "INFO",
    "timestamp": "2024-10-02T15:55:16.321Z",
    "message": "Rate limiter initiated",
    "meta": {}
}
{
    "level": "INFO",
    "timestamp": "2024-10-02T15:55:16.322Z",
    "message": "Application started on port 3000",
    "meta": {
        "SERVER_URL": "http://localhost:3000"
    }
}
{
    "level": "ERROR",
    "timestamp": "2024-10-02T15:55:29.111Z",
    "message": "Controller Response",
    "meta": {
        "success": false,
        "statusCode": 422,
        "request": {
            "ip": "::ffff:127.0.0.1",
            "method": "POST",
            "url": "/v1/register"
        },
        "message": "\"password\" with value \"password123\" fails to match the required pattern: /^(?=.*[0-9])(?=.*[a-z])(?=.*[A-Z])(?=.*\\W)(?!.* ).{8,16}$/",
        "data": null,
        "trace": {
            "error": "ValidationError: \"password\" with value \"password123\" fails to match the required pattern: /^(?=.*[0-9])(?=.*[a-z])(?=.*[A-Z])(?=.*\\W)(?!.* ).{8,16}$/"
        }
    }
}
{
    "level": "ERROR",
    "timestamp": "2024-10-02T15:55:29.156Z",
    "message": "Controller Response",
    "meta": {
        "success": false,
        "statusCode": 422,
        "request": {
            "ip": "::ffff:127.0.0.1",
            "method": "POST",
            "url": "/v1/register"
        },
        "message": "\"consent\" is required",
        "data": null,
        "trace": {
            "error": "ValidationError: \"consent\" is required"
        }
    }
}
{
    "level": "ERROR",
    "timestamp": "2024-10-02T15:55:29.187Z",
    "message": "Controller Response",
    "meta": {
        "success": false,
        "statusCode": 422,
        "request": {
            "ip": "::ffff:127.0.0.1",
            "method": "POST",
            "url": "/v1/register"
        },
        "message": "\"password\" with value \"password123\" fails to match the required pattern: /^(?=.*[0-9])(?=.*[a-z])(?=.*[A-Z])(?=.*\\W)(?!.* ).{8,16}$/",
        "data": null,
        "trace": {
            "error": "ValidationError: \"password\" with value \"password123\" fails to match the required pattern: /^(?=.*[0-9])(?=.*[a-z])(?=.*[A-Z])(?=.*\\W)(?!.* ).{8,16}$/"
        }
    }
}
{
    "level": "ERROR",
    "timestamp": "2024-10-02T15:55:29.213Z",
    "message": "Controller Response",
    "meta": {
        "success": false,
        "statusCode": 422,
        "request": {
            "ip": "::ffff:127.0.0.1",
            "method": "POST",
            "url": "/v1/register"
        },
        "message": "\"consent\" is required",
        "data": null,
        "trace": {
            "error": "ValidationError: \"consent\" is required"
        }
    }
}
{
    "level": "ERROR",
    "timestamp": "2024-10-02T15:57:25.378Z",
    "message": "Controller Response",
    "meta": {
        "success": false,
        "statusCode": 422,
        "request": {
            "ip": "::ffff:127.0.0.1",
            "method": "POST",
            "url": "/v1/register"
        },
        "message": "\"password\" with value \"password123\" fails to match the required pattern: /^(?=.*[0-9])(?=.*[a-z])(?=.*[A-Z])(?=.*\\W)(?!.* ).{8,16}$/",
        "data": null,
        "trace": {
            "error": "ValidationError: \"password\" with value \"password123\" fails to match the required pattern: /^(?=.*[0-9])(?=.*[a-z])(?=.*[A-Z])(?=.*\\W)(?!.* ).{8,16}$/"
        }
    }
}
{
    "level": "ERROR",
    "timestamp": "2024-10-02T15:57:25.427Z",
    "message": "Controller Response",
    "meta": {
        "success": false,
        "statusCode": 422,
        "request": {
            "ip": "::ffff:127.0.0.1",
            "method": "POST",
            "url": "/v1/register"
        },
        "message": "\"consent\" is required",
        "data": null,
        "trace": {
            "error": "ValidationError: \"consent\" is required"
        }
    }
}
{
    "level": "ERROR",
    "timestamp": "2024-10-02T15:57:25.463Z",
    "message": "Controller Response",
    "meta": {
        "success": false,
        "statusCode": 422,
        "request": {
            "ip": "::ffff:127.0.0.1",
            "method": "POST",
            "url": "/v1/register"
        },
        "message": "\"password\" with value \"password123\" fails to match the required pattern: /^(?=.*[0-9])(?=.*[a-z])(?=.*[A-Z])(?=.*\\W)(?!.* ).{8,16}$/",
        "data": null,
        "trace": {
            "error": "ValidationError: \"password\" with value \"password123\" fails to match the required pattern: /^(?=.*[0-9])(?=.*[a-z])(?=.*[A-Z])(?=.*\\W)(?!.* ).{8,16}$/"
        }
    }
}
{
    "level": "ERROR",
    "timestamp": "2024-10-02T15:57:25.484Z",
    "message": "Controller Response",
    "meta": {
        "success": false,
        "statusCode": 422,
        "request": {
            "ip": "::ffff:127.0.0.1",
            "method": "POST",
            "url": "/v1/register"
        },
        "message": "\"consent\" is required",
        "data": null,
        "trace": {
            "error": "ValidationError: \"consent\" is required"
        }
    }
}
{
    "level": "ERROR",
    "timestamp": "2024-10-02T15:58:00.241Z",
    "message": "Controller Response",
    "meta": {
        "success": false,
        "statusCode": 422,
        "request": {
            "ip": "::ffff:127.0.0.1",
            "method": "POST",
            "url": "/v1/register"
        },
        "message": "\"password\" with value \"password123\" fails to match the required pattern: /^(?=.*[0-9])(?=.*[a-z])(?=.*[A-Z])(?=.*\\W)(?!.* ).{8,16}$/",
        "data": null,
        "trace": {
            "error": "ValidationError: \"password\" with value \"password123\" fails to match the required pattern: /^(?=.*[0-9])(?=.*[a-z])(?=.*[A-Z])(?=.*\\W)(?!.* ).{8,16}$/"
        }
    }
}
{
    "level": "ERROR",
    "timestamp": "2024-10-02T15:58:00.296Z",
    "message": "Controller Response",
    "meta": {
        "success": false,
        "statusCode": 422,
        "request": {
            "ip": "::ffff:127.0.0.1",
            "method": "POST",
            "url": "/v1/register"
        },
        "message": "\"consent\" is required",
        "data": null,
        "trace": {
            "error": "ValidationError: \"consent\" is required"
        }
    }
}
{
    "level": "ERROR",
    "timestamp": "2024-10-02T15:58:00.324Z",
    "message": "Controller Response",
    "meta": {
        "success": false,
        "statusCode": 422,
        "request": {
            "ip": "::ffff:127.0.0.1",
            "method": "POST",
            "url": "/v1/register"
        },
        "message": "\"password\" with value \"password123\" fails to match the required pattern: /^(?=.*[0-9])(?=.*[a-z])(?=.*[A-Z])(?=.*\\W)(?!.* ).{8,16}$/",
        "data": null,
        "trace": {
            "error": "ValidationError: \"password\" with value \"password123\" fails to match the required pattern: /^(?=.*[0-9])(?=.*[a-z])(?=.*[A-Z])(?=.*\\W)(?!.* ).{8,16}$/"
        }
    }
}
{
    "level": "ERROR",
    "timestamp": "2024-10-02T15:58:00.348Z",
    "message": "Controller Response",
    "meta": {
        "success": false,
        "statusCode": 422,
        "request": {
            "ip": "::ffff:127.0.0.1",
            "method": "POST",
            "url": "/v1/register"
        },
        "message": "\"consent\" is required",
        "data": null,
        "trace": {
            "error": "ValidationError: \"consent\" is required"
        }
    }
}
{
    "level": "ERROR",
    "timestamp": "2024-10-02T16:06:01.798Z",
    "message": "Controller Response",
    "meta": {
        "success": false,
        "statusCode": 422,
        "request": {
            "ip": "::ffff:127.0.0.1",
            "method": "POST",
            "url": "/v1/register"
        },
        "message": "\"password\" with value \"password123\" fails to match the required pattern: /^(?=.*[0-9])(?=.*[a-z])(?=.*[A-Z])(?=.*\\W)(?!.* ).{8,16}$/",
        "data": null,
        "trace": {
            "error": "ValidationError: \"password\" with value \"password123\" fails to match the required pattern: /^(?=.*[0-9])(?=.*[a-z])(?=.*[A-Z])(?=.*\\W)(?!.* ).{8,16}$/"
        }
    }
}
{
    "level": "ERROR",
    "timestamp": "2024-10-02T16:06:01.848Z",
    "message": "Controller Response",
    "meta": {
        "success": false,
        "statusCode": 422,
        "request": {
            "ip": "::ffff:127.0.0.1",
            "method": "POST",
            "url": "/v1/register"
        },
        "message": "\"consent\" is required",
        "data": null,
        "trace": {
            "error": "ValidationError: \"consent\" is required"
        }
    }
}
{
    "level": "ERROR",
    "timestamp": "2024-10-02T16:06:01.879Z",
    "message": "Controller Response",
    "meta": {
        "success": false,
        "statusCode": 422,
        "request": {
            "ip": "::ffff:127.0.0.1",
            "method": "POST",
            "url": "/v1/register"
        },
        "message": "\"password\" with value \"password123\" fails to match the required pattern: /^(?=.*[0-9])(?=.*[a-z])(?=.*[A-Z])(?=.*\\W)(?!.* ).{8,16}$/",
        "data": null,
        "trace": {
            "error": "ValidationError: \"password\" with value \"password123\" fails to match the required pattern: /^(?=.*[0-9])(?=.*[a-z])(?=.*[A-Z])(?=.*\\W)(?!.* ).{8,16}$/"
        }
    }
}
{
    "level": "ERROR",
    "timestamp": "2024-10-02T16:06:01.898Z",
    "message": "Controller Response",
    "meta": {
        "success": false,
        "statusCode": 422,
        "request": {
            "ip": "::ffff:127.0.0.1",
            "method": "POST",
            "url": "/v1/register"
        },
        "message": "\"password\" with value \"password123\" fails to match the required pattern: /^(?=.*[0-9])(?=.*[a-z])(?=.*[A-Z])(?=.*\\W)(?!.* ).{8,16}$/",
        "data": null,
        "trace": {
            "error": "ValidationError: \"password\" with value \"password123\" fails to match the required pattern: /^(?=.*[0-9])(?=.*[a-z])(?=.*[A-Z])(?=.*\\W)(?!.* ).{8,16}$/"
        }
    }
}
{
    "level": "ERROR",
    "timestamp": "2024-10-02T16:06:01.925Z",
    "message": "Controller Response",
    "meta": {
        "success": false,
        "statusCode": 422,
        "request": {
            "ip": "::ffff:127.0.0.1",
            "method": "POST",
            "url": "/v1/register"
        },
        "message": "\"consent\" is required",
        "data": null,
        "trace": {
            "error": "ValidationError: \"consent\" is required"
        }
    }
}
{
    "level": "ERROR",
    "timestamp": "2024-10-02T16:07:10.809Z",
    "message": "Controller Response",
    "meta": {
        "success": false,
        "statusCode": 422,
        "request": {
            "ip": "::ffff:127.0.0.1",
            "method": "POST",
            "url": "/v1/register"
        },
        "message": "\"password\" with value \"password123\" fails to match the required pattern: /^(?=.*[0-9])(?=.*[a-z])(?=.*[A-Z])(?=.*\\W)(?!.* ).{8,16}$/",
        "data": null,
        "trace": {
            "error": "ValidationError: \"password\" with value \"password123\" fails to match the required pattern: /^(?=.*[0-9])(?=.*[a-z])(?=.*[A-Z])(?=.*\\W)(?!.* ).{8,16}$/"
        }
    }
}
{
    "level": "ERROR",
    "timestamp": "2024-10-02T16:07:10.859Z",
    "message": "Controller Response",
    "meta": {
        "success": false,
        "statusCode": 422,
        "request": {
            "ip": "::ffff:127.0.0.1",
            "method": "POST",
            "url": "/v1/register"
        },
        "message": "\"consent\" is required",
        "data": null,
        "trace": {
            "error": "ValidationError: \"consent\" is required"
        }
    }
}
{
    "level": "ERROR",
    "timestamp": "2024-10-02T16:07:10.887Z",
    "message": "Controller Response",
    "meta": {
        "success": false,
        "statusCode": 422,
        "request": {
            "ip": "::ffff:127.0.0.1",
            "method": "POST",
            "url": "/v1/register"
        },
        "message": "\"password\" with value \"password123\" fails to match the required pattern: /^(?=.*[0-9])(?=.*[a-z])(?=.*[A-Z])(?=.*\\W)(?!.* ).{8,16}$/",
        "data": null,
        "trace": {
            "error": "ValidationError: \"password\" with value \"password123\" fails to match the required pattern: /^(?=.*[0-9])(?=.*[a-z])(?=.*[A-Z])(?=.*\\W)(?!.* ).{8,16}$/"
        }
    }
}
{
    "level": "ERROR",
    "timestamp": "2024-10-02T16:07:10.906Z",
    "message": "Controller Response",
    "meta": {
        "success": false,
        "statusCode": 422,
        "request": {
            "ip": "::ffff:127.0.0.1",
            "method": "POST",
            "url": "/v1/register"
        },
        "message": "\"password\" with value \"password123\" fails to match the required pattern: /^(?=.*[0-9])(?=.*[a-z])(?=.*[A-Z])(?=.*\\W)(?!.* ).{8,16}$/",
        "data": null,
        "trace": {
            "error": "ValidationError: \"password\" with value \"password123\" fails to match the required pattern: /^(?=.*[0-9])(?=.*[a-z])(?=.*[A-Z])(?=.*\\W)(?!.* ).{8,16}$/"
        }
    }
}
{
    "level": "ERROR",
    "timestamp": "2024-10-02T16:07:10.934Z",
    "message": "Controller Response",
    "meta": {
        "success": false,
        "statusCode": 422,
        "request": {
            "ip": "::ffff:127.0.0.1",
            "method": "POST",
            "url": "/v1/register"
        },
        "message": "\"consent\" is required",
        "data": null,
        "trace": {
            "error": "ValidationError: \"consent\" is required"
        }
    }
}
{
    "level": "ERROR",
    "timestamp": "2024-10-02T16:07:51.196Z",
    "message": "Controller Response",
    "meta": {
        "success": false,
        "statusCode": 422,
        "request": {
            "ip": "::ffff:127.0.0.1",
            "method": "POST",
            "url": "/v1/register"
        },
        "message": "\"password\" with value \"password123\" fails to match the required pattern: /^(?=.*[0-9])(?=.*[a-z])(?=.*[A-Z])(?=.*\\W)(?!.* ).{8,16}$/",
        "data": null,
        "trace": {
            "error": "ValidationError: \"password\" with value \"password123\" fails to match the required pattern: /^(?=.*[0-9])(?=.*[a-z])(?=.*[A-Z])(?=.*\\W)(?!.* ).{8,16}$/"
        }
    }
}
{
    "level": "ERROR",
    "timestamp": "2024-10-02T16:07:51.250Z",
    "message": "Controller Response",
    "meta": {
        "success": false,
        "statusCode": 422,
        "request": {
            "ip": "::ffff:127.0.0.1",
            "method": "POST",
            "url": "/v1/register"
        },
        "message": "\"consent\" is required",
        "data": null,
        "trace": {
            "error": "ValidationError: \"consent\" is required"
        }
    }
}
{
    "level": "ERROR",
    "timestamp": "2024-10-02T16:07:51.280Z",
    "message": "Controller Response",
    "meta": {
        "success": false,
        "statusCode": 422,
        "request": {
            "ip": "::ffff:127.0.0.1",
            "method": "POST",
            "url": "/v1/register"
        },
        "message": "\"consent\" is required",
        "data": null,
        "trace": {
            "error": "ValidationError: \"consent\" is required"
        }
    }
}
{
    "level": "ERROR",
    "timestamp": "2024-10-02T16:07:51.321Z",
    "message": "Controller Response",
    "meta": {
        "success": false,
        "statusCode": 422,
        "request": {
            "ip": "::ffff:127.0.0.1",
            "method": "POST",
            "url": "/v1/register"
        },
        "message": "\"consent\" is required",
        "data": null,
        "trace": {
            "error": "ValidationError: \"consent\" is required"
        }
    }
}
{
    "level": "ERROR",
    "timestamp": "2024-10-02T16:07:51.347Z",
    "message": "Controller Response",
    "meta": {
        "success": false,
        "statusCode": 422,
        "request": {
            "ip": "::ffff:127.0.0.1",
            "method": "POST",
            "url": "/v1/register"
        },
        "message": "\"consent\" is required",
        "data": null,
        "trace": {
            "error": "ValidationError: \"consent\" is required"
        }
    }
}
{
    "level": "ERROR",
    "timestamp": "2024-10-02T16:08:33.644Z",
    "message": "Controller Response",
    "meta": {
        "success": false,
        "statusCode": 422,
        "request": {
            "ip": "::ffff:127.0.0.1",
            "method": "POST",
            "url": "/v1/register"
        },
        "message": "\"password\" with value \"password123\" fails to match the required pattern: /^(?=.*[0-9])(?=.*[a-z])(?=.*[A-Z])(?=.*\\W)(?!.* ).{8,16}$/",
        "data": null,
        "trace": {
            "error": "ValidationError: \"password\" with value \"password123\" fails to match the required pattern: /^(?=.*[0-9])(?=.*[a-z])(?=.*[A-Z])(?=.*\\W)(?!.* ).{8,16}$/"
        }
    }
}
{
    "level": "ERROR",
    "timestamp": "2024-10-02T16:08:33.699Z",
    "message": "Controller Response",
    "meta": {
        "success": false,
        "statusCode": 422,
        "request": {
            "ip": "::ffff:127.0.0.1",
            "method": "POST",
            "url": "/v1/register"
        },
        "message": "\"consent\" is required",
        "data": null,
        "trace": {
            "error": "ValidationError: \"consent\" is required"
        }
    }
}
{
    "level": "ERROR",
    "timestamp": "2024-10-02T16:08:33.736Z",
    "message": "Controller Response",
    "meta": {
        "success": false,
        "statusCode": 422,
        "request": {
            "ip": "::ffff:127.0.0.1",
            "method": "POST",
            "url": "/v1/register"
        },
        "message": "Invalid phone number",
        "data": null,
        "trace": {
            "error": "Error: Invalid phone number\n    at C:\\Users\\Administrator\\Desktop\\Projects\\workspace\\base_server\\base_server\\src\\APIs\\user\\authentication\\authentication.service.ts:38:15\n    at Generator.next (<anonymous>)\n    at C:\\Users\\Administrator\\Desktop\\Projects\\workspace\\base_server\\base_server\\src\\APIs\\user\\authentication\\authentication.service.ts:8:71\n    at new Promise (<anonymous>)\n    at Object.<anonymous>.__awaiter (C:\\Users\\Administrator\\Desktop\\Projects\\workspace\\base_server\\base_server\\src\\APIs\\user\\authentication\\authentication.service.ts:4:12)\n    at registrationService (C:\\Users\\Administrator\\Desktop\\Projects\\workspace\\base_server\\base_server\\src\\APIs\\user\\authentication\\authentication.service.ts:33:42)\n    at C:\\Users\\Administrator\\Desktop\\Projects\\workspace\\base_server\\base_server\\src\\APIs\\user\\authentication\\authentication.controller.ts:36:95\n    at Generator.next (<anonymous>)\n    at C:\\Users\\Administrator\\Desktop\\Projects\\workspace\\base_server\\base_server\\src\\APIs\\user\\authentication\\authentication.controller.ts:8:71\n    at new Promise (<anonymous>)\n    at Object.<anonymous>.__awaiter (C:\\Users\\Administrator\\Desktop\\Projects\\workspace\\base_server\\base_server\\src\\APIs\\user\\authentication\\authentication.controller.ts:4:12)\n    at C:\\Users\\Administrator\\Desktop\\Projects\\workspace\\base_server\\base_server\\src\\APIs\\user\\authentication\\authentication.controller.ts:28:65\n    at C:\\Users\\Administrator\\Desktop\\Projects\\workspace\\base_server\\base_server\\src\\handlers\\async.ts:5:25\n    at Layer.handle [as handle_request] (C:\\Users\\Administrator\\Desktop\\Projects\\workspace\\base_server\\base_server\\node_modules\\express\\lib\\router\\layer.js:95:5)\n    at next (C:\\Users\\Administrator\\Desktop\\Projects\\workspace\\base_server\\base_server\\node_modules\\express\\lib\\router\\route.js:149:13)\n    at Route.dispatch (C:\\Users\\Administrator\\Desktop\\Projects\\workspace\\base_server\\base_server\\node_modules\\express\\lib\\router\\route.js:119:3)\n    at Layer.handle [as handle_request] (C:\\Users\\Administrator\\Desktop\\Projects\\workspace\\base_server\\base_server\\node_modules\\express\\lib\\router\\layer.js:95:5)\n    at C:\\Users\\Administrator\\Desktop\\Projects\\workspace\\base_server\\base_server\\node_modules\\express\\lib\\router\\index.js:284:15\n    at Function.process_params (C:\\Users\\Administrator\\Desktop\\Projects\\workspace\\base_server\\base_server\\node_modules\\express\\lib\\router\\index.js:346:12)\n    at next (C:\\Users\\Administrator\\Desktop\\Projects\\workspace\\base_server\\base_server\\node_modules\\express\\lib\\router\\index.js:280:10)\n    at Function.handle (C:\\Users\\Administrator\\Desktop\\Projects\\workspace\\base_server\\base_server\\node_modules\\express\\lib\\router\\index.js:175:3)\n    at router (C:\\Users\\Administrator\\Desktop\\Projects\\workspace\\base_server\\base_server\\node_modules\\express\\lib\\router\\index.js:47:12)\n    at Layer.handle [as handle_request] (C:\\Users\\Administrator\\Desktop\\Projects\\workspace\\base_server\\base_server\\node_modules\\express\\lib\\router\\layer.js:95:5)\n    at trim_prefix (C:\\Users\\Administrator\\Desktop\\Projects\\workspace\\base_server\\base_server\\node_modules\\express\\lib\\router\\index.js:328:13)\n    at C:\\Users\\Administrator\\Desktop\\Projects\\workspace\\base_server\\base_server\\node_modules\\express\\lib\\router\\index.js:286:9\n    at Function.process_params (C:\\Users\\Administrator\\Desktop\\Projects\\workspace\\base_server\\base_server\\node_modules\\express\\lib\\router\\index.js:346:12)\n    at next (C:\\Users\\Administrator\\Desktop\\Projects\\workspace\\base_server\\base_server\\node_modules\\express\\lib\\router\\index.js:280:10)\n    at C:\\Users\\Administrator\\Desktop\\Projects\\workspace\\base_server\\base_server\\node_modules\\express\\lib\\router\\index.js:646:15\n    at next (C:\\Users\\Administrator\\Desktop\\Projects\\workspace\\base_server\\base_server\\node_modules\\express\\lib\\router\\index.js:265:14)\n    at Function.handle (C:\\Users\\Administrator\\Desktop\\Projects\\workspace\\base_server\\base_server\\node_modules\\express\\lib\\router\\index.js:175:3)\n    at router (C:\\Users\\Administrator\\Desktop\\Projects\\workspace\\base_server\\base_server\\node_modules\\express\\lib\\router\\index.js:47:12)\n    at Layer.handle [as handle_request] (C:\\Users\\Administrator\\Desktop\\Projects\\workspace\\base_server\\base_server\\node_modules\\express\\lib\\router\\layer.js:95:5)\n    at trim_prefix (C:\\Users\\Administrator\\Desktop\\Projects\\workspace\\base_server\\base_server\\node_modules\\express\\lib\\router\\index.js:328:13)\n    at C:\\Users\\Administrator\\Desktop\\Projects\\workspace\\base_server\\base_server\\node_modules\\express\\lib\\router\\index.js:286:9\n    at Function.process_params (C:\\Users\\Administrator\\Desktop\\Projects\\workspace\\base_server\\base_server\\node_modules\\express\\lib\\router\\index.js:346:12)\n    at next (C:\\Users\\Administrator\\Desktop\\Projects\\workspace\\base_server\\base_server\\node_modules\\express\\lib\\router\\index.js:280:10)\n    at serveStatic (C:\\Users\\Administrator\\Desktop\\Projects\\workspace\\base_server\\base_server\\node_modules\\serve-static\\index.js:75:16)\n    at Layer.handle [as handle_request] (C:\\Users\\Administrator\\Desktop\\Projects\\workspace\\base_server\\base_server\\node_modules\\express\\lib\\router\\layer.js:95:5)\n    at trim_prefix (C:\\Users\\Administrator\\Desktop\\Projects\\workspace\\base_server\\base_server\\node_modules\\express\\lib\\router\\index.js:328:13)\n    at C:\\Users\\Administrator\\Desktop\\Projects\\workspace\\base_server\\base_server\\node_modules\\express\\lib\\router\\index.js:286:9\n    at Function.process_params (C:\\Users\\Administrator\\Desktop\\Projects\\workspace\\base_server\\base_server\\node_modules\\express\\lib\\router\\index.js:346:12)\n    at next (C:\\Users\\Administrator\\Desktop\\Projects\\workspace\\base_server\\base_server\\node_modules\\express\\lib\\router\\index.js:280:10)\n    at C:\\Users\\Administrator\\Desktop\\Projects\\workspace\\base_server\\base_server\\node_modules\\body-parser\\lib\\read.js:137:5\n    at AsyncResource.runInAsyncScope (node:async_hooks:206:9)\n    at invokeCallback (C:\\Users\\Administrator\\Desktop\\Projects\\workspace\\base_server\\base_server\\node_modules\\raw-body\\index.js:238:16)\n    at done (C:\\Users\\Administrator\\Desktop\\Projects\\workspace\\base_server\\base_server\\node_modules\\raw-body\\index.js:227:7)\n    at IncomingMessage.onEnd (C:\\Users\\Administrator\\Desktop\\Projects\\workspace\\base_server\\base_server\\node_modules\\raw-body\\index.js:287:7)\n    at IncomingMessage.emit (node:events:518:28)\n    at endReadableNT (node:internal/streams/readable:1696:12)\n    at processTicksAndRejections (node:internal/process/task_queues:82:21)"
        }
    }
}
{
    "level": "ERROR",
    "timestamp": "2024-10-02T16:08:33.766Z",
    "message": "Controller Response",
    "meta": {
        "success": false,
        "statusCode": 422,
        "request": {
            "ip": "::ffff:127.0.0.1",
            "method": "POST",
            "url": "/v1/register"
        },
        "message": "Invalid phone number",
        "data": null,
        "trace": {
            "error": "Error: Invalid phone number\n    at C:\\Users\\Administrator\\Desktop\\Projects\\workspace\\base_server\\base_server\\src\\APIs\\user\\authentication\\authentication.service.ts:38:15\n    at Generator.next (<anonymous>)\n    at C:\\Users\\Administrator\\Desktop\\Projects\\workspace\\base_server\\base_server\\src\\APIs\\user\\authentication\\authentication.service.ts:8:71\n    at new Promise (<anonymous>)\n    at Object.<anonymous>.__awaiter (C:\\Users\\Administrator\\Desktop\\Projects\\workspace\\base_server\\base_server\\src\\APIs\\user\\authentication\\authentication.service.ts:4:12)\n    at registrationService (C:\\Users\\Administrator\\Desktop\\Projects\\workspace\\base_server\\base_server\\src\\APIs\\user\\authentication\\authentication.service.ts:33:42)\n    at C:\\Users\\Administrator\\Desktop\\Projects\\workspace\\base_server\\base_server\\src\\APIs\\user\\authentication\\authentication.controller.ts:36:95\n    at Generator.next (<anonymous>)\n    at C:\\Users\\Administrator\\Desktop\\Projects\\workspace\\base_server\\base_server\\src\\APIs\\user\\authentication\\authentication.controller.ts:8:71\n    at new Promise (<anonymous>)\n    at Object.<anonymous>.__awaiter (C:\\Users\\Administrator\\Desktop\\Projects\\workspace\\base_server\\base_server\\src\\APIs\\user\\authentication\\authentication.controller.ts:4:12)\n    at C:\\Users\\Administrator\\Desktop\\Projects\\workspace\\base_server\\base_server\\src\\APIs\\user\\authentication\\authentication.controller.ts:28:65\n    at C:\\Users\\Administrator\\Desktop\\Projects\\workspace\\base_server\\base_server\\src\\handlers\\async.ts:5:25\n    at Layer.handle [as handle_request] (C:\\Users\\Administrator\\Desktop\\Projects\\workspace\\base_server\\base_server\\node_modules\\express\\lib\\router\\layer.js:95:5)\n    at next (C:\\Users\\Administrator\\Desktop\\Projects\\workspace\\base_server\\base_server\\node_modules\\express\\lib\\router\\route.js:149:13)\n    at Route.dispatch (C:\\Users\\Administrator\\Desktop\\Projects\\workspace\\base_server\\base_server\\node_modules\\express\\lib\\router\\route.js:119:3)\n    at Layer.handle [as handle_request] (C:\\Users\\Administrator\\Desktop\\Projects\\workspace\\base_server\\base_server\\node_modules\\express\\lib\\router\\layer.js:95:5)\n    at C:\\Users\\Administrator\\Desktop\\Projects\\workspace\\base_server\\base_server\\node_modules\\express\\lib\\router\\index.js:284:15\n    at Function.process_params (C:\\Users\\Administrator\\Desktop\\Projects\\workspace\\base_server\\base_server\\node_modules\\express\\lib\\router\\index.js:346:12)\n    at next (C:\\Users\\Administrator\\Desktop\\Projects\\workspace\\base_server\\base_server\\node_modules\\express\\lib\\router\\index.js:280:10)\n    at Function.handle (C:\\Users\\Administrator\\Desktop\\Projects\\workspace\\base_server\\base_server\\node_modules\\express\\lib\\router\\index.js:175:3)\n    at router (C:\\Users\\Administrator\\Desktop\\Projects\\workspace\\base_server\\base_server\\node_modules\\express\\lib\\router\\index.js:47:12)\n    at Layer.handle [as handle_request] (C:\\Users\\Administrator\\Desktop\\Projects\\workspace\\base_server\\base_server\\node_modules\\express\\lib\\router\\layer.js:95:5)\n    at trim_prefix (C:\\Users\\Administrator\\Desktop\\Projects\\workspace\\base_server\\base_server\\node_modules\\express\\lib\\router\\index.js:328:13)\n    at C:\\Users\\Administrator\\Desktop\\Projects\\workspace\\base_server\\base_server\\node_modules\\express\\lib\\router\\index.js:286:9\n    at Function.process_params (C:\\Users\\Administrator\\Desktop\\Projects\\workspace\\base_server\\base_server\\node_modules\\express\\lib\\router\\index.js:346:12)\n    at next (C:\\Users\\Administrator\\Desktop\\Projects\\workspace\\base_server\\base_server\\node_modules\\express\\lib\\router\\index.js:280:10)\n    at C:\\Users\\Administrator\\Desktop\\Projects\\workspace\\base_server\\base_server\\node_modules\\express\\lib\\router\\index.js:646:15\n    at next (C:\\Users\\Administrator\\Desktop\\Projects\\workspace\\base_server\\base_server\\node_modules\\express\\lib\\router\\index.js:265:14)\n    at Function.handle (C:\\Users\\Administrator\\Desktop\\Projects\\workspace\\base_server\\base_server\\node_modules\\express\\lib\\router\\index.js:175:3)\n    at router (C:\\Users\\Administrator\\Desktop\\Projects\\workspace\\base_server\\base_server\\node_modules\\express\\lib\\router\\index.js:47:12)\n    at Layer.handle [as handle_request] (C:\\Users\\Administrator\\Desktop\\Projects\\workspace\\base_server\\base_server\\node_modules\\express\\lib\\router\\layer.js:95:5)\n    at trim_prefix (C:\\Users\\Administrator\\Desktop\\Projects\\workspace\\base_server\\base_server\\node_modules\\express\\lib\\router\\index.js:328:13)\n    at C:\\Users\\Administrator\\Desktop\\Projects\\workspace\\base_server\\base_server\\node_modules\\express\\lib\\router\\index.js:286:9\n    at Function.process_params (C:\\Users\\Administrator\\Desktop\\Projects\\workspace\\base_server\\base_server\\node_modules\\express\\lib\\router\\index.js:346:12)\n    at next (C:\\Users\\Administrator\\Desktop\\Projects\\workspace\\base_server\\base_server\\node_modules\\express\\lib\\router\\index.js:280:10)\n    at serveStatic (C:\\Users\\Administrator\\Desktop\\Projects\\workspace\\base_server\\base_server\\node_modules\\serve-static\\index.js:75:16)\n    at Layer.handle [as handle_request] (C:\\Users\\Administrator\\Desktop\\Projects\\workspace\\base_server\\base_server\\node_modules\\express\\lib\\router\\layer.js:95:5)\n    at trim_prefix (C:\\Users\\Administrator\\Desktop\\Projects\\workspace\\base_server\\base_server\\node_modules\\express\\lib\\router\\index.js:328:13)\n    at C:\\Users\\Administrator\\Desktop\\Projects\\workspace\\base_server\\base_server\\node_modules\\express\\lib\\router\\index.js:286:9\n    at Function.process_params (C:\\Users\\Administrator\\Desktop\\Projects\\workspace\\base_server\\base_server\\node_modules\\express\\lib\\router\\index.js:346:12)\n    at next (C:\\Users\\Administrator\\Desktop\\Projects\\workspace\\base_server\\base_server\\node_modules\\express\\lib\\router\\index.js:280:10)\n    at C:\\Users\\Administrator\\Desktop\\Projects\\workspace\\base_server\\base_server\\node_modules\\body-parser\\lib\\read.js:137:5\n    at AsyncResource.runInAsyncScope (node:async_hooks:206:9)\n    at invokeCallback (C:\\Users\\Administrator\\Desktop\\Projects\\workspace\\base_server\\base_server\\node_modules\\raw-body\\index.js:238:16)\n    at done (C:\\Users\\Administrator\\Desktop\\Projects\\workspace\\base_server\\base_server\\node_modules\\raw-body\\index.js:227:7)\n    at IncomingMessage.onEnd (C:\\Users\\Administrator\\Desktop\\Projects\\workspace\\base_server\\base_server\\node_modules\\raw-body\\index.js:287:7)\n    at IncomingMessage.emit (node:events:518:28)\n    at endReadableNT (node:internal/streams/readable:1696:12)\n    at processTicksAndRejections (node:internal/process/task_queues:82:21)"
        }
    }
}
{
    "level": "ERROR",
    "timestamp": "2024-10-02T16:08:33.797Z",
    "message": "Controller Response",
    "meta": {
        "success": false,
        "statusCode": 422,
        "request": {
            "ip": "::ffff:127.0.0.1",
            "method": "POST",
            "url": "/v1/register"
        },
        "message": "\"consent\" is required",
        "data": null,
        "trace": {
            "error": "ValidationError: \"consent\" is required"
        }
    }
}
{
    "level": "ERROR",
    "timestamp": "2024-10-02T16:09:02.757Z",
    "message": "Controller Response",
    "meta": {
        "success": false,
        "statusCode": 422,
        "request": {
            "ip": "::ffff:127.0.0.1",
            "method": "POST",
            "url": "/v1/register"
        },
        "message": "\"password\" with value \"password123\" fails to match the required pattern: /^(?=.*[0-9])(?=.*[a-z])(?=.*[A-Z])(?=.*\\W)(?!.* ).{8,16}$/",
        "data": null,
        "trace": {
            "error": "ValidationError: \"password\" with value \"password123\" fails to match the required pattern: /^(?=.*[0-9])(?=.*[a-z])(?=.*[A-Z])(?=.*\\W)(?!.* ).{8,16}$/"
        }
    }
}
{
    "level": "ERROR",
    "timestamp": "2024-10-02T16:09:02.804Z",
    "message": "Controller Response",
    "meta": {
        "success": false,
        "statusCode": 422,
        "request": {
            "ip": "::ffff:127.0.0.1",
            "method": "POST",
            "url": "/v1/register"
        },
        "message": "\"consent\" is required",
        "data": null,
        "trace": {
            "error": "ValidationError: \"consent\" is required"
        }
    }
}
{
    "level": "ERROR",
    "timestamp": "2024-10-02T16:09:07.849Z",
    "message": "Controller Response",
    "meta": {
        "success": false,
        "statusCode": 422,
        "request": {
            "ip": "::ffff:127.0.0.1",
            "method": "POST",
            "url": "/v1/register"
        },
        "message": "\"consent\" is required",
        "data": null,
        "trace": {
            "error": "ValidationError: \"consent\" is required"
        }
    }
}
{
    "level": "ERROR",
    "timestamp": "2024-10-02T16:09:12.853Z",
    "message": "Controller Response",
    "meta": {
        "success": false,
        "statusCode": 500,
        "request": {
            "ip": "::ffff:127.0.0.1",
            "method": "POST",
            "url": "/v1/register"
        },
        "message": "Operation `users.findOne()` buffering timed out after 10000ms",
        "data": null,
        "trace": {
            "error": "MongooseError: Operation `users.findOne()` buffering timed out after 10000ms\n    at Timeout.<anonymous> (C:\\Users\\Administrator\\Desktop\\Projects\\workspace\\base_server\\base_server\\node_modules\\mongoose\\lib\\drivers\\node-mongodb-native\\collection.js:185:23)\n    at listOnTimeout (node:internal/timers:573:17)\n    at processTimers (node:internal/timers:514:7)"
        }
    }
}
{
    "level": "ERROR",
    "timestamp": "2024-10-02T16:09:22.872Z",
    "message": "Controller Response",
    "meta": {
        "success": false,
        "statusCode": 500,
        "request": {
            "ip": "::ffff:127.0.0.1",
            "method": "POST",
            "url": "/v1/register"
        },
        "message": "Operation `users.findOne()` buffering timed out after 10000ms",
        "data": null,
        "trace": {
            "error": "MongooseError: Operation `users.findOne()` buffering timed out after 10000ms\n    at Timeout.<anonymous> (C:\\Users\\Administrator\\Desktop\\Projects\\workspace\\base_server\\base_server\\node_modules\\mongoose\\lib\\drivers\\node-mongodb-native\\collection.js:185:23)\n    at listOnTimeout (node:internal/timers:573:17)\n    at processTimers (node:internal/timers:514:7)"
        }
    }
}
{
    "level": "ERROR",
    "timestamp": "2024-10-02T16:12:52.922Z",
    "message": "Controller Response",
    "meta": {
        "success": false,
        "statusCode": 422,
        "request": {
            "ip": "::ffff:127.0.0.1",
            "method": "POST",
            "url": "/v1/register"
        },
        "message": "\"password\" with value \"password123\" fails to match the required pattern: /^(?=.*[0-9])(?=.*[a-z])(?=.*[A-Z])(?=.*\\W)(?!.* ).{8,16}$/",
        "data": null,
        "trace": {
            "error": "ValidationError: \"password\" with value \"password123\" fails to match the required pattern: /^(?=.*[0-9])(?=.*[a-z])(?=.*[A-Z])(?=.*\\W)(?!.* ).{8,16}$/"
        }
    }
}
{
    "level": "ERROR",
    "timestamp": "2024-10-02T16:12:52.974Z",
    "message": "Controller Response",
    "meta": {
        "success": false,
        "statusCode": 422,
        "request": {
            "ip": "::ffff:127.0.0.1",
            "method": "POST",
            "url": "/v1/register"
        },
        "message": "\"consent\" is required",
        "data": null,
        "trace": {
            "error": "ValidationError: \"consent\" is required"
        }
    }
}
{
    "level": "ERROR",
    "timestamp": "2024-10-02T16:13:03.014Z",
    "message": "Controller Response",
    "meta": {
        "success": false,
        "statusCode": 422,
        "request": {
            "ip": "::ffff:127.0.0.1",
            "method": "POST",
            "url": "/v1/register"
        },
        "message": "\"consent\" is required",
        "data": null,
        "trace": {
            "error": "ValidationError: \"consent\" is required"
        }
    }
}
{
    "level": "ERROR",
    "timestamp": "2024-10-02T16:13:03.032Z",
    "message": "Controller Response",
    "meta": {
        "success": false,
        "statusCode": 500,
        "request": {
            "ip": "::ffff:127.0.0.1",
            "method": "POST",
            "url": "/v1/register"
        },
        "message": "Operation `users.findOne()` buffering timed out after 10000ms",
        "data": null,
        "trace": {
            "error": "MongooseError: Operation `users.findOne()` buffering timed out after 10000ms\n    at Timeout.<anonymous> (C:\\Users\\Administrator\\Desktop\\Projects\\workspace\\base_server\\base_server\\node_modules\\mongoose\\lib\\drivers\\node-mongodb-native\\collection.js:185:23)\n    at listOnTimeout (node:internal/timers:573:17)\n    at processTimers (node:internal/timers:514:7)"
        }
    }
}
{
    "level": "ERROR",
    "timestamp": "2024-10-02T16:13:13.108Z",
    "message": "Controller Response",
    "meta": {
        "success": false,
        "statusCode": 500,
        "request": {
            "ip": "::ffff:127.0.0.1",
            "method": "POST",
            "url": "/v1/register"
        },
        "message": "Operation `users.findOne()` buffering timed out after 10000ms",
        "data": null,
        "trace": {
            "error": "MongooseError: Operation `users.findOne()` buffering timed out after 10000ms\n    at Timeout.<anonymous> (C:\\Users\\Administrator\\Desktop\\Projects\\workspace\\base_server\\base_server\\node_modules\\mongoose\\lib\\drivers\\node-mongodb-native\\collection.js:185:23)\n    at listOnTimeout (node:internal/timers:573:17)\n    at processTimers (node:internal/timers:514:7)"
        }
    }
}
{
    "level": "INFO",
    "timestamp": "2024-10-07T07:24:23.147Z",
    "message": "Database connection established",
    "meta": {
        "CONNECTION_NAME": "base"
    }
}
{
    "level": "INFO",
    "timestamp": "2024-10-07T07:24:23.158Z",
    "message": "Rate limiter initiated",
    "meta": {}
}
{
    "level": "INFO",
    "timestamp": "2024-10-07T07:24:23.160Z",
    "message": "Application started on port 3000",
    "meta": {
        "SERVER_URL": "http://localhost:3000"
    }
}
{
    "level": "ERROR",
    "timestamp": "2024-10-07T07:24:49.990Z",
    "message": "Controller Response",
    "meta": {
        "success": false,
        "statusCode": 422,
        "request": {
            "ip": "::1",
            "method": "POST",
            "url": "/v1/register"
        },
        "message": "onnexdevelopment@gmail.com already exists for the user",
        "data": null,
        "trace": {
            "error": "Error: onnexdevelopment@gmail.com already exists for the user\n    at C:\\Users\\Administrator\\Desktop\\Projects\\workspace\\base_server\\base_server\\src\\APIs\\user\\authentication\\validation\\validations.ts:9:19\n    at Generator.next (<anonymous>)\n    at fulfilled (C:\\Users\\Administrator\\Desktop\\Projects\\workspace\\base_server\\base_server\\src\\APIs\\user\\authentication\\validation\\validations.ts:5:58)\n    at processTicksAndRejections (node:internal/process/task_queues:95:5)"
        }
    }
}
{
    "level": "INFO",
    "timestamp": "2024-10-07T07:25:00.419Z",
    "message": "Controller Response",
    "meta": {
        "success": true,
        "statusCode": 200,
        "request": {
            "ip": "::1",
            "method": "POST",
            "url": "/v1/login"
        },
        "message": "Login successful",
        "data": {
            "success": true,
            "user": {
                "_id": "66fbe5a3a4dd77bb74b90767",
                "password": "$2b$10$fvBIxYM2jozV4XDPPV4q6.MQBhn3hRFvpqbk/kRtogOtPUufFht9.",
                "lastLoginAt": "2024-10-07T07:25:00.211Z",
                "updatedAt": "2024-10-07T07:25:00.219Z"
            },
            "accessToken": "eyJhbGciOiJIUzI1NiIsInR5cCI6IkpXVCJ9.eyJ1c2VySWQiOiI2NmZiZTVhM2E0ZGQ3N2JiNzRiOTA3NjciLCJpYXQiOjE3MjgyODU5MDAsImV4cCI6MTcyODI4OTUwMH0.1ulvlYoF_4S1MbKEXLvGnm2UQ_ED1kLGqIWfOVRj9xU",
            "refreshToken": "eyJhbGciOiJIUzI1NiIsInR5cCI6IkpXVCJ9.eyJ1c2VySWQiOiI2NmZiZTVhM2E0ZGQ3N2JiNzRiOTA3NjciLCJpYXQiOjE3MjgyODU5MDAsImV4cCI6MTc1OTgyMTkwMH0.W-8wpR5Lqwpj21MkRk02sYj6CHI90-bs1KMZbb2BoPU"
        }
    }
}
{
    "level": "INFO",
    "timestamp": "2024-10-07T07:25:14.754Z",
    "message": "Controller Response",
    "meta": {
        "success": true,
        "statusCode": 201,
        "request": {
            "ip": "::1",
            "method": "GET",
            "url": "/v1/user/me"
        },
        "message": "Operation is completed",
        "data": {
            "phoneNumber": {
                "isoCode": "PK",
                "countryCode": "92",
                "internationalNumber": "+92 333 1234567"
            },
            "accountConfimation": {
                "status": true,
                "token": "67fac7be-eec0-42ba-b990-2f51abdef488",
                "code": "987775",
                "timestamp": "2024-10-01T12:06:54.777Z"
            },
            "passwordReset": {
                "token": null,
                "expiry": null,
                "lastResetAt": null
            },
            "_id": "66fbe5a3a4dd77bb74b90767",
            "name": "A XYZ",
            "email": "onnexdevelopment@gmail.com",
            "timezone": "Asia/Karachi",
            "role": "user",
            "lastLoginAt": "2024-10-07T07:25:00.211Z",
            "consent": true,
            "createdAt": "2024-10-01T12:05:55.669Z",
            "updatedAt": "2024-10-07T07:25:00.219Z",
            "__v": 0
        }
    }
}
{
    "level": "INFO",
    "timestamp": "2024-10-07T07:25:22.743Z",
    "message": "Controller Response",
    "meta": {
        "success": true,
        "statusCode": 200,
        "request": {
            "ip": "::1",
            "method": "PUT",
            "url": "/v1/logout"
        },
        "message": "Operation is completed",
        "data": null
    }
}
{
    "level": "ERROR",
    "timestamp": "2024-10-07T07:25:28.162Z",
    "message": "Controller Response",
    "meta": {
        "success": false,
        "statusCode": 401,
        "request": {
            "ip": "::1",
            "method": "GET",
            "url": "/v1/user/me"
        },
        "message": "You are not allowed to perform this task",
        "data": null,
        "trace": {
            "error": "Error: You are not allowed to perform this task\n    at C:\\Users\\Administrator\\Desktop\\Projects\\workspace\\base_server\\base_server\\src\\middlewares\\authenticate.ts:29:25\n    at Generator.next (<anonymous>)\n    at C:\\Users\\Administrator\\Desktop\\Projects\\workspace\\base_server\\base_server\\src\\middlewares\\authenticate.ts:8:71\n    at new Promise (<anonymous>)\n    at __awaiter (C:\\Users\\Administrator\\Desktop\\Projects\\workspace\\base_server\\base_server\\src\\middlewares\\authenticate.ts:4:12)\n    at C:\\Users\\Administrator\\Desktop\\Projects\\workspace\\base_server\\base_server\\src\\middlewares\\authenticate.ts:10:97\n    at C:\\Users\\Administrator\\Desktop\\Projects\\workspace\\base_server\\base_server\\src\\handlers\\async.ts:5:25\n    at Layer.handle [as handle_request] (C:\\Users\\Administrator\\Desktop\\Projects\\workspace\\base_server\\base_server\\node_modules\\express\\lib\\router\\layer.js:95:5)\n    at next (C:\\Users\\Administrator\\Desktop\\Projects\\workspace\\base_server\\base_server\\node_modules\\express\\lib\\router\\route.js:149:13)\n    at Route.dispatch (C:\\Users\\Administrator\\Desktop\\Projects\\workspace\\base_server\\base_server\\node_modules\\express\\lib\\router\\route.js:119:3)"
        }
    }
}
{
    "level": "ERROR",
    "timestamp": "2024-10-07T07:45:19.204Z",
    "message": "Controller Response",
    "meta": {
        "success": false,
        "statusCode": 401,
        "request": {
            "ip": "::1",
            "method": "GET",
            "url": "/v1/user/me"
        },
        "message": "You are not allowed to perform this task",
        "data": null,
        "trace": {
            "error": "Error: You are not allowed to perform this task\n    at C:\\Users\\Administrator\\Desktop\\Projects\\workspace\\base_server\\base_server\\src\\middlewares\\authenticate.ts:29:25\n    at Generator.next (<anonymous>)\n    at C:\\Users\\Administrator\\Desktop\\Projects\\workspace\\base_server\\base_server\\src\\middlewares\\authenticate.ts:8:71\n    at new Promise (<anonymous>)\n    at __awaiter (C:\\Users\\Administrator\\Desktop\\Projects\\workspace\\base_server\\base_server\\src\\middlewares\\authenticate.ts:4:12)\n    at C:\\Users\\Administrator\\Desktop\\Projects\\workspace\\base_server\\base_server\\src\\middlewares\\authenticate.ts:10:97\n    at C:\\Users\\Administrator\\Desktop\\Projects\\workspace\\base_server\\base_server\\src\\handlers\\async.ts:5:25\n    at Layer.handle [as handle_request] (C:\\Users\\Administrator\\Desktop\\Projects\\workspace\\base_server\\base_server\\node_modules\\express\\lib\\router\\layer.js:95:5)\n    at next (C:\\Users\\Administrator\\Desktop\\Projects\\workspace\\base_server\\base_server\\node_modules\\express\\lib\\router\\route.js:149:13)\n    at Route.dispatch (C:\\Users\\Administrator\\Desktop\\Projects\\workspace\\base_server\\base_server\\node_modules\\express\\lib\\router\\route.js:119:3)"
        }
    }
}
{
    "level": "INFO",
    "timestamp": "2024-10-07T08:08:49.024Z",
    "message": "Database connection established",
    "meta": {
        "CONNECTION_NAME": "base"
    }
}
{
    "level": "INFO",
    "timestamp": "2024-10-07T08:08:49.036Z",
    "message": "Rate limiter initiated",
    "meta": {}
}
{
    "level": "INFO",
    "timestamp": "2024-10-07T08:08:49.038Z",
    "message": "Application started on port 3000",
    "meta": {
        "SERVER_URL": "http://localhost:3000"
    }
}
{
    "level": "INFO",
    "timestamp": "2024-10-07T08:08:56.042Z",
    "message": "Controller Response",
    "meta": {
        "success": true,
        "statusCode": 201,
        "request": {
            "ip": "::1",
            "method": "GET",
            "url": "/v1/user/me"
        },
        "message": "Operation is completed",
        "data": {
            "phoneNumber": {
                "isoCode": "PK",
                "countryCode": "92",
                "internationalNumber": "+92 333 1234567"
            },
            "accountConfimation": {
                "status": true,
                "token": "67fac7be-eec0-42ba-b990-2f51abdef488",
                "code": "987775",
                "timestamp": "2024-10-01T12:06:54.777Z"
            },
            "passwordReset": {
                "token": null,
                "expiry": null,
                "lastResetAt": null
            },
            "_id": "66fbe5a3a4dd77bb74b90767",
            "name": "A XYZ",
            "email": "onnexdevelopment@gmail.com",
            "timezone": "Asia/Karachi",
            "role": "user",
            "lastLoginAt": "2024-10-07T08:02:38.562Z",
            "consent": true,
            "createdAt": "2024-10-01T12:05:55.669Z",
            "updatedAt": "2024-10-07T08:02:38.569Z",
            "__v": 0
        }
    }
}
{
    "level": "INFO",
    "timestamp": "2024-10-07T08:08:57.062Z",
    "message": "Controller Response",
    "meta": {
        "success": true,
        "statusCode": 201,
        "request": {
            "ip": "::1",
            "method": "GET",
            "url": "/v1/user/me"
        },
        "message": "Operation is completed",
        "data": {
            "phoneNumber": {
                "isoCode": "PK",
                "countryCode": "92",
                "internationalNumber": "+92 333 1234567"
            },
            "accountConfimation": {
                "status": true,
                "token": "67fac7be-eec0-42ba-b990-2f51abdef488",
                "code": "987775",
                "timestamp": "2024-10-01T12:06:54.777Z"
            },
            "passwordReset": {
                "token": null,
                "expiry": null,
                "lastResetAt": null
            },
            "_id": "66fbe5a3a4dd77bb74b90767",
            "name": "A XYZ",
            "email": "onnexdevelopment@gmail.com",
            "timezone": "Asia/Karachi",
            "role": "user",
            "lastLoginAt": "2024-10-07T08:02:38.562Z",
            "consent": true,
            "createdAt": "2024-10-01T12:05:55.669Z",
            "updatedAt": "2024-10-07T08:02:38.569Z",
            "__v": 0
        }
    }
}
{
    "level": "INFO",
    "timestamp": "2024-10-07T08:08:57.993Z",
    "message": "Controller Response",
    "meta": {
        "success": true,
        "statusCode": 201,
        "request": {
            "ip": "::1",
            "method": "GET",
            "url": "/v1/user/me"
        },
        "message": "Operation is completed",
        "data": {
            "phoneNumber": {
                "isoCode": "PK",
                "countryCode": "92",
                "internationalNumber": "+92 333 1234567"
            },
            "accountConfimation": {
                "status": true,
                "token": "67fac7be-eec0-42ba-b990-2f51abdef488",
                "code": "987775",
                "timestamp": "2024-10-01T12:06:54.777Z"
            },
            "passwordReset": {
                "token": null,
                "expiry": null,
                "lastResetAt": null
            },
            "_id": "66fbe5a3a4dd77bb74b90767",
            "name": "A XYZ",
            "email": "onnexdevelopment@gmail.com",
            "timezone": "Asia/Karachi",
            "role": "user",
            "lastLoginAt": "2024-10-07T08:02:38.562Z",
            "consent": true,
            "createdAt": "2024-10-01T12:05:55.669Z",
            "updatedAt": "2024-10-07T08:02:38.569Z",
            "__v": 0
        }
    }
}
{
    "level": "INFO",
    "timestamp": "2024-10-07T08:08:58.847Z",
    "message": "Controller Response",
    "meta": {
        "success": true,
        "statusCode": 201,
        "request": {
            "ip": "::1",
            "method": "GET",
            "url": "/v1/user/me"
        },
        "message": "Operation is completed",
        "data": {
            "phoneNumber": {
                "isoCode": "PK",
                "countryCode": "92",
                "internationalNumber": "+92 333 1234567"
            },
            "accountConfimation": {
                "status": true,
                "token": "67fac7be-eec0-42ba-b990-2f51abdef488",
                "code": "987775",
                "timestamp": "2024-10-01T12:06:54.777Z"
            },
            "passwordReset": {
                "token": null,
                "expiry": null,
                "lastResetAt": null
            },
            "_id": "66fbe5a3a4dd77bb74b90767",
            "name": "A XYZ",
            "email": "onnexdevelopment@gmail.com",
            "timezone": "Asia/Karachi",
            "role": "user",
            "lastLoginAt": "2024-10-07T08:02:38.562Z",
            "consent": true,
            "createdAt": "2024-10-01T12:05:55.669Z",
            "updatedAt": "2024-10-07T08:02:38.569Z",
            "__v": 0
        }
    }
}
{
    "level": "INFO",
    "timestamp": "2024-10-07T08:08:59.689Z",
    "message": "Controller Response",
    "meta": {
        "success": true,
        "statusCode": 201,
        "request": {
            "ip": "::1",
            "method": "GET",
            "url": "/v1/user/me"
        },
        "message": "Operation is completed",
        "data": {
            "phoneNumber": {
                "isoCode": "PK",
                "countryCode": "92",
                "internationalNumber": "+92 333 1234567"
            },
            "accountConfimation": {
                "status": true,
                "token": "67fac7be-eec0-42ba-b990-2f51abdef488",
                "code": "987775",
                "timestamp": "2024-10-01T12:06:54.777Z"
            },
            "passwordReset": {
                "token": null,
                "expiry": null,
                "lastResetAt": null
            },
            "_id": "66fbe5a3a4dd77bb74b90767",
            "name": "A XYZ",
            "email": "onnexdevelopment@gmail.com",
            "timezone": "Asia/Karachi",
            "role": "user",
            "lastLoginAt": "2024-10-07T08:02:38.562Z",
            "consent": true,
            "createdAt": "2024-10-01T12:05:55.669Z",
            "updatedAt": "2024-10-07T08:02:38.569Z",
            "__v": 0
        }
    }
}
{
    "level": "INFO",
    "timestamp": "2024-10-07T08:09:00.556Z",
    "message": "Controller Response",
    "meta": {
        "success": true,
        "statusCode": 201,
        "request": {
            "ip": "::1",
            "method": "GET",
            "url": "/v1/user/me"
        },
        "message": "Operation is completed",
        "data": {
            "phoneNumber": {
                "isoCode": "PK",
                "countryCode": "92",
                "internationalNumber": "+92 333 1234567"
            },
            "accountConfimation": {
                "status": true,
                "token": "67fac7be-eec0-42ba-b990-2f51abdef488",
                "code": "987775",
                "timestamp": "2024-10-01T12:06:54.777Z"
            },
            "passwordReset": {
                "token": null,
                "expiry": null,
                "lastResetAt": null
            },
            "_id": "66fbe5a3a4dd77bb74b90767",
            "name": "A XYZ",
            "email": "onnexdevelopment@gmail.com",
            "timezone": "Asia/Karachi",
            "role": "user",
            "lastLoginAt": "2024-10-07T08:02:38.562Z",
            "consent": true,
            "createdAt": "2024-10-01T12:05:55.669Z",
            "updatedAt": "2024-10-07T08:02:38.569Z",
            "__v": 0
        }
    }
}
{
    "level": "INFO",
    "timestamp": "2024-10-07T08:09:01.397Z",
    "message": "Controller Response",
    "meta": {
        "success": true,
        "statusCode": 201,
        "request": {
            "ip": "::1",
            "method": "GET",
            "url": "/v1/user/me"
        },
        "message": "Operation is completed",
        "data": {
            "phoneNumber": {
                "isoCode": "PK",
                "countryCode": "92",
                "internationalNumber": "+92 333 1234567"
            },
            "accountConfimation": {
                "status": true,
                "token": "67fac7be-eec0-42ba-b990-2f51abdef488",
                "code": "987775",
                "timestamp": "2024-10-01T12:06:54.777Z"
            },
            "passwordReset": {
                "token": null,
                "expiry": null,
                "lastResetAt": null
            },
            "_id": "66fbe5a3a4dd77bb74b90767",
            "name": "A XYZ",
            "email": "onnexdevelopment@gmail.com",
            "timezone": "Asia/Karachi",
            "role": "user",
            "lastLoginAt": "2024-10-07T08:02:38.562Z",
            "consent": true,
            "createdAt": "2024-10-01T12:05:55.669Z",
            "updatedAt": "2024-10-07T08:02:38.569Z",
            "__v": 0
        }
    }
}
{
    "level": "INFO",
    "timestamp": "2024-10-07T08:09:02.307Z",
    "message": "Controller Response",
    "meta": {
        "success": true,
        "statusCode": 201,
        "request": {
            "ip": "::1",
            "method": "GET",
            "url": "/v1/user/me"
        },
        "message": "Operation is completed",
        "data": {
            "phoneNumber": {
                "isoCode": "PK",
                "countryCode": "92",
                "internationalNumber": "+92 333 1234567"
            },
            "accountConfimation": {
                "status": true,
                "token": "67fac7be-eec0-42ba-b990-2f51abdef488",
                "code": "987775",
                "timestamp": "2024-10-01T12:06:54.777Z"
            },
            "passwordReset": {
                "token": null,
                "expiry": null,
                "lastResetAt": null
            },
            "_id": "66fbe5a3a4dd77bb74b90767",
            "name": "A XYZ",
            "email": "onnexdevelopment@gmail.com",
            "timezone": "Asia/Karachi",
            "role": "user",
            "lastLoginAt": "2024-10-07T08:02:38.562Z",
            "consent": true,
            "createdAt": "2024-10-01T12:05:55.669Z",
            "updatedAt": "2024-10-07T08:02:38.569Z",
            "__v": 0
        }
    }
}
{
    "level": "INFO",
    "timestamp": "2024-10-07T08:09:03.105Z",
    "message": "Controller Response",
    "meta": {
        "success": true,
        "statusCode": 201,
        "request": {
            "ip": "::1",
            "method": "GET",
            "url": "/v1/user/me"
        },
        "message": "Operation is completed",
        "data": {
            "phoneNumber": {
                "isoCode": "PK",
                "countryCode": "92",
                "internationalNumber": "+92 333 1234567"
            },
            "accountConfimation": {
                "status": true,
                "token": "67fac7be-eec0-42ba-b990-2f51abdef488",
                "code": "987775",
                "timestamp": "2024-10-01T12:06:54.777Z"
            },
            "passwordReset": {
                "token": null,
                "expiry": null,
                "lastResetAt": null
            },
            "_id": "66fbe5a3a4dd77bb74b90767",
            "name": "A XYZ",
            "email": "onnexdevelopment@gmail.com",
            "timezone": "Asia/Karachi",
            "role": "user",
            "lastLoginAt": "2024-10-07T08:02:38.562Z",
            "consent": true,
            "createdAt": "2024-10-01T12:05:55.669Z",
            "updatedAt": "2024-10-07T08:02:38.569Z",
            "__v": 0
        }
    }
}
{
    "level": "INFO",
    "timestamp": "2024-10-07T08:09:04.049Z",
    "message": "Controller Response",
    "meta": {
        "success": true,
        "statusCode": 201,
        "request": {
            "ip": "::1",
            "method": "GET",
            "url": "/v1/user/me"
        },
        "message": "Operation is completed",
        "data": {
            "phoneNumber": {
                "isoCode": "PK",
                "countryCode": "92",
                "internationalNumber": "+92 333 1234567"
            },
            "accountConfimation": {
                "status": true,
                "token": "67fac7be-eec0-42ba-b990-2f51abdef488",
                "code": "987775",
                "timestamp": "2024-10-01T12:06:54.777Z"
            },
            "passwordReset": {
                "token": null,
                "expiry": null,
                "lastResetAt": null
            },
            "_id": "66fbe5a3a4dd77bb74b90767",
            "name": "A XYZ",
            "email": "onnexdevelopment@gmail.com",
            "timezone": "Asia/Karachi",
            "role": "user",
            "lastLoginAt": "2024-10-07T08:02:38.562Z",
            "consent": true,
            "createdAt": "2024-10-01T12:05:55.669Z",
            "updatedAt": "2024-10-07T08:02:38.569Z",
            "__v": 0
        }
    }
}
{
    "level": "INFO",
    "timestamp": "2024-10-07T08:09:04.851Z",
    "message": "Controller Response",
    "meta": {
        "success": true,
        "statusCode": 201,
        "request": {
            "ip": "::1",
            "method": "GET",
            "url": "/v1/user/me"
        },
        "message": "Operation is completed",
        "data": {
            "phoneNumber": {
                "isoCode": "PK",
                "countryCode": "92",
                "internationalNumber": "+92 333 1234567"
            },
            "accountConfimation": {
                "status": true,
                "token": "67fac7be-eec0-42ba-b990-2f51abdef488",
                "code": "987775",
                "timestamp": "2024-10-01T12:06:54.777Z"
            },
            "passwordReset": {
                "token": null,
                "expiry": null,
                "lastResetAt": null
            },
            "_id": "66fbe5a3a4dd77bb74b90767",
            "name": "A XYZ",
            "email": "onnexdevelopment@gmail.com",
            "timezone": "Asia/Karachi",
            "role": "user",
            "lastLoginAt": "2024-10-07T08:02:38.562Z",
            "consent": true,
            "createdAt": "2024-10-01T12:05:55.669Z",
            "updatedAt": "2024-10-07T08:02:38.569Z",
            "__v": 0
        }
    }
}
{
    "level": "INFO",
    "timestamp": "2024-10-07T08:09:05.766Z",
    "message": "Controller Response",
    "meta": {
        "success": true,
        "statusCode": 201,
        "request": {
            "ip": "::1",
            "method": "GET",
            "url": "/v1/user/me"
        },
        "message": "Operation is completed",
        "data": {
            "phoneNumber": {
                "isoCode": "PK",
                "countryCode": "92",
                "internationalNumber": "+92 333 1234567"
            },
            "accountConfimation": {
                "status": true,
                "token": "67fac7be-eec0-42ba-b990-2f51abdef488",
                "code": "987775",
                "timestamp": "2024-10-01T12:06:54.777Z"
            },
            "passwordReset": {
                "token": null,
                "expiry": null,
                "lastResetAt": null
            },
            "_id": "66fbe5a3a4dd77bb74b90767",
            "name": "A XYZ",
            "email": "onnexdevelopment@gmail.com",
            "timezone": "Asia/Karachi",
            "role": "user",
            "lastLoginAt": "2024-10-07T08:02:38.562Z",
            "consent": true,
            "createdAt": "2024-10-01T12:05:55.669Z",
            "updatedAt": "2024-10-07T08:02:38.569Z",
            "__v": 0
        }
    }
}
{
    "level": "INFO",
    "timestamp": "2024-10-07T08:09:06.584Z",
    "message": "Controller Response",
    "meta": {
        "success": true,
        "statusCode": 201,
        "request": {
            "ip": "::1",
            "method": "GET",
            "url": "/v1/user/me"
        },
        "message": "Operation is completed",
        "data": {
            "phoneNumber": {
                "isoCode": "PK",
                "countryCode": "92",
                "internationalNumber": "+92 333 1234567"
            },
            "accountConfimation": {
                "status": true,
                "token": "67fac7be-eec0-42ba-b990-2f51abdef488",
                "code": "987775",
                "timestamp": "2024-10-01T12:06:54.777Z"
            },
            "passwordReset": {
                "token": null,
                "expiry": null,
                "lastResetAt": null
            },
            "_id": "66fbe5a3a4dd77bb74b90767",
            "name": "A XYZ",
            "email": "onnexdevelopment@gmail.com",
            "timezone": "Asia/Karachi",
            "role": "user",
            "lastLoginAt": "2024-10-07T08:02:38.562Z",
            "consent": true,
            "createdAt": "2024-10-01T12:05:55.669Z",
            "updatedAt": "2024-10-07T08:02:38.569Z",
            "__v": 0
        }
    }
}
{
    "level": "INFO",
    "timestamp": "2024-10-07T08:09:07.609Z",
    "message": "Controller Response",
    "meta": {
        "success": true,
        "statusCode": 201,
        "request": {
            "ip": "::1",
            "method": "GET",
            "url": "/v1/user/me"
        },
        "message": "Operation is completed",
        "data": {
            "phoneNumber": {
                "isoCode": "PK",
                "countryCode": "92",
                "internationalNumber": "+92 333 1234567"
            },
            "accountConfimation": {
                "status": true,
                "token": "67fac7be-eec0-42ba-b990-2f51abdef488",
                "code": "987775",
                "timestamp": "2024-10-01T12:06:54.777Z"
            },
            "passwordReset": {
                "token": null,
                "expiry": null,
                "lastResetAt": null
            },
            "_id": "66fbe5a3a4dd77bb74b90767",
            "name": "A XYZ",
            "email": "onnexdevelopment@gmail.com",
            "timezone": "Asia/Karachi",
            "role": "user",
            "lastLoginAt": "2024-10-07T08:02:38.562Z",
            "consent": true,
            "createdAt": "2024-10-01T12:05:55.669Z",
            "updatedAt": "2024-10-07T08:02:38.569Z",
            "__v": 0
        }
    }
}
{
    "level": "INFO",
    "timestamp": "2024-10-07T08:09:40.071Z",
    "message": "Controller Response",
    "meta": {
        "success": true,
        "statusCode": 201,
        "request": {
            "ip": "::1",
            "method": "GET",
            "url": "/v1/user/me"
        },
        "message": "Operation is completed",
        "data": {
            "phoneNumber": {
                "isoCode": "PK",
                "countryCode": "92",
                "internationalNumber": "+92 333 1234567"
            },
            "accountConfimation": {
                "status": true,
                "token": "67fac7be-eec0-42ba-b990-2f51abdef488",
                "code": "987775",
                "timestamp": "2024-10-01T12:06:54.777Z"
            },
            "passwordReset": {
                "token": null,
                "expiry": null,
                "lastResetAt": null
            },
            "_id": "66fbe5a3a4dd77bb74b90767",
            "name": "A XYZ",
            "email": "onnexdevelopment@gmail.com",
            "timezone": "Asia/Karachi",
            "role": "user",
            "lastLoginAt": "2024-10-07T08:02:38.562Z",
            "consent": true,
            "createdAt": "2024-10-01T12:05:55.669Z",
            "updatedAt": "2024-10-07T08:02:38.569Z",
            "__v": 0
        }
    }
}
{
    "level": "INFO",
    "timestamp": "2024-10-07T08:09:41.104Z",
    "message": "Controller Response",
    "meta": {
        "success": true,
        "statusCode": 201,
        "request": {
            "ip": "::1",
            "method": "GET",
            "url": "/v1/user/me"
        },
        "message": "Operation is completed",
        "data": {
            "phoneNumber": {
                "isoCode": "PK",
                "countryCode": "92",
                "internationalNumber": "+92 333 1234567"
            },
            "accountConfimation": {
                "status": true,
                "token": "67fac7be-eec0-42ba-b990-2f51abdef488",
                "code": "987775",
                "timestamp": "2024-10-01T12:06:54.777Z"
            },
            "passwordReset": {
                "token": null,
                "expiry": null,
                "lastResetAt": null
            },
            "_id": "66fbe5a3a4dd77bb74b90767",
            "name": "A XYZ",
            "email": "onnexdevelopment@gmail.com",
            "timezone": "Asia/Karachi",
            "role": "user",
            "lastLoginAt": "2024-10-07T08:02:38.562Z",
            "consent": true,
            "createdAt": "2024-10-01T12:05:55.669Z",
            "updatedAt": "2024-10-07T08:02:38.569Z",
            "__v": 0
        }
    }
}
{
    "level": "INFO",
    "timestamp": "2024-10-07T08:09:42.118Z",
    "message": "Controller Response",
    "meta": {
        "success": true,
        "statusCode": 201,
        "request": {
            "ip": "::1",
            "method": "GET",
            "url": "/v1/user/me"
        },
        "message": "Operation is completed",
        "data": {
            "phoneNumber": {
                "isoCode": "PK",
                "countryCode": "92",
                "internationalNumber": "+92 333 1234567"
            },
            "accountConfimation": {
                "status": true,
                "token": "67fac7be-eec0-42ba-b990-2f51abdef488",
                "code": "987775",
                "timestamp": "2024-10-01T12:06:54.777Z"
            },
            "passwordReset": {
                "token": null,
                "expiry": null,
                "lastResetAt": null
            },
            "_id": "66fbe5a3a4dd77bb74b90767",
            "name": "A XYZ",
            "email": "onnexdevelopment@gmail.com",
            "timezone": "Asia/Karachi",
            "role": "user",
            "lastLoginAt": "2024-10-07T08:02:38.562Z",
            "consent": true,
            "createdAt": "2024-10-01T12:05:55.669Z",
            "updatedAt": "2024-10-07T08:02:38.569Z",
            "__v": 0
        }
    }
}
{
    "level": "INFO",
    "timestamp": "2024-10-07T08:09:42.938Z",
    "message": "Controller Response",
    "meta": {
        "success": true,
        "statusCode": 201,
        "request": {
            "ip": "::1",
            "method": "GET",
            "url": "/v1/user/me"
        },
        "message": "Operation is completed",
        "data": {
            "phoneNumber": {
                "isoCode": "PK",
                "countryCode": "92",
                "internationalNumber": "+92 333 1234567"
            },
            "accountConfimation": {
                "status": true,
                "token": "67fac7be-eec0-42ba-b990-2f51abdef488",
                "code": "987775",
                "timestamp": "2024-10-01T12:06:54.777Z"
            },
            "passwordReset": {
                "token": null,
                "expiry": null,
                "lastResetAt": null
            },
            "_id": "66fbe5a3a4dd77bb74b90767",
            "name": "A XYZ",
            "email": "onnexdevelopment@gmail.com",
            "timezone": "Asia/Karachi",
            "role": "user",
            "lastLoginAt": "2024-10-07T08:02:38.562Z",
            "consent": true,
            "createdAt": "2024-10-01T12:05:55.669Z",
            "updatedAt": "2024-10-07T08:02:38.569Z",
            "__v": 0
        }
    }
}
{
    "level": "INFO",
    "timestamp": "2024-10-07T08:09:43.433Z",
    "message": "Controller Response",
    "meta": {
        "success": true,
        "statusCode": 201,
        "request": {
            "ip": "::1",
            "method": "GET",
            "url": "/v1/user/me"
        },
        "message": "Operation is completed",
        "data": {
            "phoneNumber": {
                "isoCode": "PK",
                "countryCode": "92",
                "internationalNumber": "+92 333 1234567"
            },
            "accountConfimation": {
                "status": true,
                "token": "67fac7be-eec0-42ba-b990-2f51abdef488",
                "code": "987775",
                "timestamp": "2024-10-01T12:06:54.777Z"
            },
            "passwordReset": {
                "token": null,
                "expiry": null,
                "lastResetAt": null
            },
            "_id": "66fbe5a3a4dd77bb74b90767",
            "name": "A XYZ",
            "email": "onnexdevelopment@gmail.com",
            "timezone": "Asia/Karachi",
            "role": "user",
            "lastLoginAt": "2024-10-07T08:02:38.562Z",
            "consent": true,
            "createdAt": "2024-10-01T12:05:55.669Z",
            "updatedAt": "2024-10-07T08:02:38.569Z",
            "__v": 0
        }
    }
}
{
    "level": "INFO",
    "timestamp": "2024-10-07T08:09:43.924Z",
    "message": "Controller Response",
    "meta": {
        "success": true,
        "statusCode": 201,
        "request": {
            "ip": null,
            "method": "GET",
            "url": "/v1/user/me"
        },
        "message": "Operation is completed",
        "data": {
            "phoneNumber": {
                "isoCode": "PK",
                "countryCode": "92",
                "internationalNumber": "+92 333 1234567"
            },
            "accountConfimation": {
                "status": true,
                "token": "67fac7be-eec0-42ba-b990-2f51abdef488",
                "code": "987775",
                "timestamp": "2024-10-01T12:06:54.777Z"
            },
            "passwordReset": {
                "token": null,
                "expiry": null,
                "lastResetAt": null
            },
            "_id": "66fbe5a3a4dd77bb74b90767",
            "name": "A XYZ",
            "email": "onnexdevelopment@gmail.com",
            "timezone": "Asia/Karachi",
            "role": "user",
            "lastLoginAt": "2024-10-07T08:02:38.562Z",
            "consent": true,
            "createdAt": "2024-10-01T12:05:55.669Z",
            "updatedAt": "2024-10-07T08:02:38.569Z",
            "__v": 0
        }
    }
}
{
    "level": "INFO",
    "timestamp": "2024-10-07T08:09:44.293Z",
    "message": "Controller Response",
    "meta": {
        "success": true,
        "statusCode": 201,
        "request": {
            "ip": "::1",
            "method": "GET",
            "url": "/v1/user/me"
        },
        "message": "Operation is completed",
        "data": {
            "phoneNumber": {
                "isoCode": "PK",
                "countryCode": "92",
                "internationalNumber": "+92 333 1234567"
            },
            "accountConfimation": {
                "status": true,
                "token": "67fac7be-eec0-42ba-b990-2f51abdef488",
                "code": "987775",
                "timestamp": "2024-10-01T12:06:54.777Z"
            },
            "passwordReset": {
                "token": null,
                "expiry": null,
                "lastResetAt": null
            },
            "_id": "66fbe5a3a4dd77bb74b90767",
            "name": "A XYZ",
            "email": "onnexdevelopment@gmail.com",
            "timezone": "Asia/Karachi",
            "role": "user",
            "lastLoginAt": "2024-10-07T08:02:38.562Z",
            "consent": true,
            "createdAt": "2024-10-01T12:05:55.669Z",
            "updatedAt": "2024-10-07T08:02:38.569Z",
            "__v": 0
        }
    }
}
{
    "level": "INFO",
    "timestamp": "2024-10-07T08:09:44.829Z",
    "message": "Controller Response",
    "meta": {
        "success": true,
        "statusCode": 201,
        "request": {
            "ip": "::1",
            "method": "GET",
            "url": "/v1/user/me"
        },
        "message": "Operation is completed",
        "data": {
            "phoneNumber": {
                "isoCode": "PK",
                "countryCode": "92",
                "internationalNumber": "+92 333 1234567"
            },
            "accountConfimation": {
                "status": true,
                "token": "67fac7be-eec0-42ba-b990-2f51abdef488",
                "code": "987775",
                "timestamp": "2024-10-01T12:06:54.777Z"
            },
            "passwordReset": {
                "token": null,
                "expiry": null,
                "lastResetAt": null
            },
            "_id": "66fbe5a3a4dd77bb74b90767",
            "name": "A XYZ",
            "email": "onnexdevelopment@gmail.com",
            "timezone": "Asia/Karachi",
            "role": "user",
            "lastLoginAt": "2024-10-07T08:02:38.562Z",
            "consent": true,
            "createdAt": "2024-10-01T12:05:55.669Z",
            "updatedAt": "2024-10-07T08:02:38.569Z",
            "__v": 0
        }
    }
}
{
    "level": "INFO",
    "timestamp": "2024-10-07T08:09:45.219Z",
    "message": "Controller Response",
    "meta": {
        "success": true,
        "statusCode": 201,
        "request": {
            "ip": "::1",
            "method": "GET",
            "url": "/v1/user/me"
        },
        "message": "Operation is completed",
        "data": {
            "phoneNumber": {
                "isoCode": "PK",
                "countryCode": "92",
                "internationalNumber": "+92 333 1234567"
            },
            "accountConfimation": {
                "status": true,
                "token": "67fac7be-eec0-42ba-b990-2f51abdef488",
                "code": "987775",
                "timestamp": "2024-10-01T12:06:54.777Z"
            },
            "passwordReset": {
                "token": null,
                "expiry": null,
                "lastResetAt": null
            },
            "_id": "66fbe5a3a4dd77bb74b90767",
            "name": "A XYZ",
            "email": "onnexdevelopment@gmail.com",
            "timezone": "Asia/Karachi",
            "role": "user",
            "lastLoginAt": "2024-10-07T08:02:38.562Z",
            "consent": true,
            "createdAt": "2024-10-01T12:05:55.669Z",
            "updatedAt": "2024-10-07T08:02:38.569Z",
            "__v": 0
        }
    }
}
{
    "level": "INFO",
    "timestamp": "2024-10-07T08:09:45.705Z",
    "message": "Controller Response",
    "meta": {
        "success": true,
        "statusCode": 201,
        "request": {
            "ip": "::1",
            "method": "GET",
            "url": "/v1/user/me"
        },
        "message": "Operation is completed",
        "data": {
            "phoneNumber": {
                "isoCode": "PK",
                "countryCode": "92",
                "internationalNumber": "+92 333 1234567"
            },
            "accountConfimation": {
                "status": true,
                "token": "67fac7be-eec0-42ba-b990-2f51abdef488",
                "code": "987775",
                "timestamp": "2024-10-01T12:06:54.777Z"
            },
            "passwordReset": {
                "token": null,
                "expiry": null,
                "lastResetAt": null
            },
            "_id": "66fbe5a3a4dd77bb74b90767",
            "name": "A XYZ",
            "email": "onnexdevelopment@gmail.com",
            "timezone": "Asia/Karachi",
            "role": "user",
            "lastLoginAt": "2024-10-07T08:02:38.562Z",
            "consent": true,
            "createdAt": "2024-10-01T12:05:55.669Z",
            "updatedAt": "2024-10-07T08:02:38.569Z",
            "__v": 0
        }
    }
}
{
    "level": "INFO",
    "timestamp": "2024-10-07T08:09:46.419Z",
    "message": "Controller Response",
    "meta": {
        "success": true,
        "statusCode": 201,
        "request": {
            "ip": "::1",
            "method": "GET",
            "url": "/v1/user/me"
        },
        "message": "Operation is completed",
        "data": {
            "phoneNumber": {
                "isoCode": "PK",
                "countryCode": "92",
                "internationalNumber": "+92 333 1234567"
            },
            "accountConfimation": {
                "status": true,
                "token": "67fac7be-eec0-42ba-b990-2f51abdef488",
                "code": "987775",
                "timestamp": "2024-10-01T12:06:54.777Z"
            },
            "passwordReset": {
                "token": null,
                "expiry": null,
                "lastResetAt": null
            },
            "_id": "66fbe5a3a4dd77bb74b90767",
            "name": "A XYZ",
            "email": "onnexdevelopment@gmail.com",
            "timezone": "Asia/Karachi",
            "role": "user",
            "lastLoginAt": "2024-10-07T08:02:38.562Z",
            "consent": true,
            "createdAt": "2024-10-01T12:05:55.669Z",
            "updatedAt": "2024-10-07T08:02:38.569Z",
            "__v": 0
        }
    }
}
{
    "level": "INFO",
    "timestamp": "2024-10-07T08:09:47.998Z",
    "message": "Controller Response",
    "meta": {
        "success": true,
        "statusCode": 201,
        "request": {
            "ip": "::1",
            "method": "GET",
            "url": "/v1/user/me"
        },
        "message": "Operation is completed",
        "data": {
            "phoneNumber": {
                "isoCode": "PK",
                "countryCode": "92",
                "internationalNumber": "+92 333 1234567"
            },
            "accountConfimation": {
                "status": true,
                "token": "67fac7be-eec0-42ba-b990-2f51abdef488",
                "code": "987775",
                "timestamp": "2024-10-01T12:06:54.777Z"
            },
            "passwordReset": {
                "token": null,
                "expiry": null,
                "lastResetAt": null
            },
            "_id": "66fbe5a3a4dd77bb74b90767",
            "name": "A XYZ",
            "email": "onnexdevelopment@gmail.com",
            "timezone": "Asia/Karachi",
            "role": "user",
            "lastLoginAt": "2024-10-07T08:02:38.562Z",
            "consent": true,
            "createdAt": "2024-10-01T12:05:55.669Z",
            "updatedAt": "2024-10-07T08:02:38.569Z",
            "__v": 0
        }
    }
}
{
    "level": "INFO",
    "timestamp": "2024-10-07T08:10:38.555Z",
    "message": "Database connection established",
    "meta": {
        "CONNECTION_NAME": "base"
    }
}
{
    "level": "INFO",
    "timestamp": "2024-10-07T08:10:38.565Z",
    "message": "Rate limiter initiated",
    "meta": {}
}
{
    "level": "INFO",
    "timestamp": "2024-10-07T08:10:38.567Z",
    "message": "Application started on port 3000",
    "meta": {
        "SERVER_URL": "http://localhost:3000"
    }
}
{
    "level": "INFO",
    "timestamp": "2024-10-07T08:10:46.125Z",
    "message": "Controller Response",
    "meta": {
        "success": true,
        "statusCode": 201,
        "request": {
            "ip": "::1",
            "method": "GET",
            "url": "/v1/user/me"
        },
        "message": "Operation is completed",
        "data": {
            "phoneNumber": {
                "isoCode": "PK",
                "countryCode": "92",
                "internationalNumber": "+92 333 1234567"
            },
            "accountConfimation": {
                "status": true,
                "token": "67fac7be-eec0-42ba-b990-2f51abdef488",
                "code": "987775",
                "timestamp": "2024-10-01T12:06:54.777Z"
            },
            "passwordReset": {
                "token": null,
                "expiry": null,
                "lastResetAt": null
            },
            "_id": "66fbe5a3a4dd77bb74b90767",
            "name": "A XYZ",
            "email": "onnexdevelopment@gmail.com",
            "timezone": "Asia/Karachi",
            "role": "user",
            "lastLoginAt": "2024-10-07T08:02:38.562Z",
            "consent": true,
            "createdAt": "2024-10-01T12:05:55.669Z",
            "updatedAt": "2024-10-07T08:02:38.569Z",
            "__v": 0
        }
    }
}
{
    "level": "INFO",
    "timestamp": "2024-10-07T08:10:47.660Z",
    "message": "Controller Response",
    "meta": {
        "success": true,
        "statusCode": 201,
        "request": {
            "ip": "::1",
            "method": "GET",
            "url": "/v1/user/me"
        },
        "message": "Operation is completed",
        "data": {
            "phoneNumber": {
                "isoCode": "PK",
                "countryCode": "92",
                "internationalNumber": "+92 333 1234567"
            },
            "accountConfimation": {
                "status": true,
                "token": "67fac7be-eec0-42ba-b990-2f51abdef488",
                "code": "987775",
                "timestamp": "2024-10-01T12:06:54.777Z"
            },
            "passwordReset": {
                "token": null,
                "expiry": null,
                "lastResetAt": null
            },
            "_id": "66fbe5a3a4dd77bb74b90767",
            "name": "A XYZ",
            "email": "onnexdevelopment@gmail.com",
            "timezone": "Asia/Karachi",
            "role": "user",
            "lastLoginAt": "2024-10-07T08:02:38.562Z",
            "consent": true,
            "createdAt": "2024-10-01T12:05:55.669Z",
            "updatedAt": "2024-10-07T08:02:38.569Z",
            "__v": 0
        }
    }
}
{
    "level": "INFO",
    "timestamp": "2024-10-07T08:10:48.640Z",
    "message": "Controller Response",
    "meta": {
        "success": true,
        "statusCode": 201,
        "request": {
            "ip": "::1",
            "method": "GET",
            "url": "/v1/user/me"
        },
        "message": "Operation is completed",
        "data": {
            "phoneNumber": {
                "isoCode": "PK",
                "countryCode": "92",
                "internationalNumber": "+92 333 1234567"
            },
            "accountConfimation": {
                "status": true,
                "token": "67fac7be-eec0-42ba-b990-2f51abdef488",
                "code": "987775",
                "timestamp": "2024-10-01T12:06:54.777Z"
            },
            "passwordReset": {
                "token": null,
                "expiry": null,
                "lastResetAt": null
            },
            "_id": "66fbe5a3a4dd77bb74b90767",
            "name": "A XYZ",
            "email": "onnexdevelopment@gmail.com",
            "timezone": "Asia/Karachi",
            "role": "user",
            "lastLoginAt": "2024-10-07T08:02:38.562Z",
            "consent": true,
            "createdAt": "2024-10-01T12:05:55.669Z",
            "updatedAt": "2024-10-07T08:02:38.569Z",
            "__v": 0
        }
    }
}
{
    "level": "INFO",
    "timestamp": "2024-10-07T08:10:49.532Z",
    "message": "Controller Response",
    "meta": {
        "success": true,
        "statusCode": 201,
        "request": {
            "ip": "::1",
            "method": "GET",
            "url": "/v1/user/me"
        },
        "message": "Operation is completed",
        "data": {
            "phoneNumber": {
                "isoCode": "PK",
                "countryCode": "92",
                "internationalNumber": "+92 333 1234567"
            },
            "accountConfimation": {
                "status": true,
                "token": "67fac7be-eec0-42ba-b990-2f51abdef488",
                "code": "987775",
                "timestamp": "2024-10-01T12:06:54.777Z"
            },
            "passwordReset": {
                "token": null,
                "expiry": null,
                "lastResetAt": null
            },
            "_id": "66fbe5a3a4dd77bb74b90767",
            "name": "A XYZ",
            "email": "onnexdevelopment@gmail.com",
            "timezone": "Asia/Karachi",
            "role": "user",
            "lastLoginAt": "2024-10-07T08:02:38.562Z",
            "consent": true,
            "createdAt": "2024-10-01T12:05:55.669Z",
            "updatedAt": "2024-10-07T08:02:38.569Z",
            "__v": 0
        }
    }
}
{
    "level": "INFO",
    "timestamp": "2024-10-07T08:10:50.286Z",
    "message": "Controller Response",
    "meta": {
        "success": true,
        "statusCode": 201,
        "request": {
            "ip": "::1",
            "method": "GET",
            "url": "/v1/user/me"
        },
        "message": "Operation is completed",
        "data": {
            "phoneNumber": {
                "isoCode": "PK",
                "countryCode": "92",
                "internationalNumber": "+92 333 1234567"
            },
            "accountConfimation": {
                "status": true,
                "token": "67fac7be-eec0-42ba-b990-2f51abdef488",
                "code": "987775",
                "timestamp": "2024-10-01T12:06:54.777Z"
            },
            "passwordReset": {
                "token": null,
                "expiry": null,
                "lastResetAt": null
            },
            "_id": "66fbe5a3a4dd77bb74b90767",
            "name": "A XYZ",
            "email": "onnexdevelopment@gmail.com",
            "timezone": "Asia/Karachi",
            "role": "user",
            "lastLoginAt": "2024-10-07T08:02:38.562Z",
            "consent": true,
            "createdAt": "2024-10-01T12:05:55.669Z",
            "updatedAt": "2024-10-07T08:02:38.569Z",
            "__v": 0
        }
    }
}
{
    "level": "INFO",
    "timestamp": "2024-10-07T08:10:51.125Z",
    "message": "Controller Response",
    "meta": {
        "success": true,
        "statusCode": 201,
        "request": {
            "ip": "::1",
            "method": "GET",
            "url": "/v1/user/me"
        },
        "message": "Operation is completed",
        "data": {
            "phoneNumber": {
                "isoCode": "PK",
                "countryCode": "92",
                "internationalNumber": "+92 333 1234567"
            },
            "accountConfimation": {
                "status": true,
                "token": "67fac7be-eec0-42ba-b990-2f51abdef488",
                "code": "987775",
                "timestamp": "2024-10-01T12:06:54.777Z"
            },
            "passwordReset": {
                "token": null,
                "expiry": null,
                "lastResetAt": null
            },
            "_id": "66fbe5a3a4dd77bb74b90767",
            "name": "A XYZ",
            "email": "onnexdevelopment@gmail.com",
            "timezone": "Asia/Karachi",
            "role": "user",
            "lastLoginAt": "2024-10-07T08:02:38.562Z",
            "consent": true,
            "createdAt": "2024-10-01T12:05:55.669Z",
            "updatedAt": "2024-10-07T08:02:38.569Z",
            "__v": 0
        }
    }
}
{
    "level": "INFO",
    "timestamp": "2024-10-07T08:10:51.855Z",
    "message": "Controller Response",
    "meta": {
        "success": true,
        "statusCode": 201,
        "request": {
            "ip": "::1",
            "method": "GET",
            "url": "/v1/user/me"
        },
        "message": "Operation is completed",
        "data": {
            "phoneNumber": {
                "isoCode": "PK",
                "countryCode": "92",
                "internationalNumber": "+92 333 1234567"
            },
            "accountConfimation": {
                "status": true,
                "token": "67fac7be-eec0-42ba-b990-2f51abdef488",
                "code": "987775",
                "timestamp": "2024-10-01T12:06:54.777Z"
            },
            "passwordReset": {
                "token": null,
                "expiry": null,
                "lastResetAt": null
            },
            "_id": "66fbe5a3a4dd77bb74b90767",
            "name": "A XYZ",
            "email": "onnexdevelopment@gmail.com",
            "timezone": "Asia/Karachi",
            "role": "user",
            "lastLoginAt": "2024-10-07T08:02:38.562Z",
            "consent": true,
            "createdAt": "2024-10-01T12:05:55.669Z",
            "updatedAt": "2024-10-07T08:02:38.569Z",
            "__v": 0
        }
    }
}
{
    "level": "INFO",
    "timestamp": "2024-10-07T08:10:52.778Z",
    "message": "Controller Response",
    "meta": {
        "success": true,
        "statusCode": 201,
        "request": {
            "ip": "::1",
            "method": "GET",
            "url": "/v1/user/me"
        },
        "message": "Operation is completed",
        "data": {
            "phoneNumber": {
                "isoCode": "PK",
                "countryCode": "92",
                "internationalNumber": "+92 333 1234567"
            },
            "accountConfimation": {
                "status": true,
                "token": "67fac7be-eec0-42ba-b990-2f51abdef488",
                "code": "987775",
                "timestamp": "2024-10-01T12:06:54.777Z"
            },
            "passwordReset": {
                "token": null,
                "expiry": null,
                "lastResetAt": null
            },
            "_id": "66fbe5a3a4dd77bb74b90767",
            "name": "A XYZ",
            "email": "onnexdevelopment@gmail.com",
            "timezone": "Asia/Karachi",
            "role": "user",
            "lastLoginAt": "2024-10-07T08:02:38.562Z",
            "consent": true,
            "createdAt": "2024-10-01T12:05:55.669Z",
            "updatedAt": "2024-10-07T08:02:38.569Z",
            "__v": 0
        }
    }
}
{
    "level": "INFO",
    "timestamp": "2024-10-07T08:10:53.697Z",
    "message": "Controller Response",
    "meta": {
        "success": true,
        "statusCode": 201,
        "request": {
            "ip": "::1",
            "method": "GET",
            "url": "/v1/user/me"
        },
        "message": "Operation is completed",
        "data": {
            "phoneNumber": {
                "isoCode": "PK",
                "countryCode": "92",
                "internationalNumber": "+92 333 1234567"
            },
            "accountConfimation": {
                "status": true,
                "token": "67fac7be-eec0-42ba-b990-2f51abdef488",
                "code": "987775",
                "timestamp": "2024-10-01T12:06:54.777Z"
            },
            "passwordReset": {
                "token": null,
                "expiry": null,
                "lastResetAt": null
            },
            "_id": "66fbe5a3a4dd77bb74b90767",
            "name": "A XYZ",
            "email": "onnexdevelopment@gmail.com",
            "timezone": "Asia/Karachi",
            "role": "user",
            "lastLoginAt": "2024-10-07T08:02:38.562Z",
            "consent": true,
            "createdAt": "2024-10-01T12:05:55.669Z",
            "updatedAt": "2024-10-07T08:02:38.569Z",
            "__v": 0
        }
    }
}
{
    "level": "INFO",
    "timestamp": "2024-10-07T08:10:54.620Z",
    "message": "Controller Response",
    "meta": {
        "success": true,
        "statusCode": 201,
        "request": {
            "ip": "::1",
            "method": "GET",
            "url": "/v1/user/me"
        },
        "message": "Operation is completed",
        "data": {
            "phoneNumber": {
                "isoCode": "PK",
                "countryCode": "92",
                "internationalNumber": "+92 333 1234567"
            },
            "accountConfimation": {
                "status": true,
                "token": "67fac7be-eec0-42ba-b990-2f51abdef488",
                "code": "987775",
                "timestamp": "2024-10-01T12:06:54.777Z"
            },
            "passwordReset": {
                "token": null,
                "expiry": null,
                "lastResetAt": null
            },
            "_id": "66fbe5a3a4dd77bb74b90767",
            "name": "A XYZ",
            "email": "onnexdevelopment@gmail.com",
            "timezone": "Asia/Karachi",
            "role": "user",
            "lastLoginAt": "2024-10-07T08:02:38.562Z",
            "consent": true,
            "createdAt": "2024-10-01T12:05:55.669Z",
            "updatedAt": "2024-10-07T08:02:38.569Z",
            "__v": 0
        }
    }
}
{
    "level": "INFO",
    "timestamp": "2024-10-07T08:10:55.644Z",
    "message": "Controller Response",
    "meta": {
        "success": true,
        "statusCode": 201,
        "request": {
            "ip": "::1",
            "method": "GET",
            "url": "/v1/user/me"
        },
        "message": "Operation is completed",
        "data": {
            "phoneNumber": {
                "isoCode": "PK",
                "countryCode": "92",
                "internationalNumber": "+92 333 1234567"
            },
            "accountConfimation": {
                "status": true,
                "token": "67fac7be-eec0-42ba-b990-2f51abdef488",
                "code": "987775",
                "timestamp": "2024-10-01T12:06:54.777Z"
            },
            "passwordReset": {
                "token": null,
                "expiry": null,
                "lastResetAt": null
            },
            "_id": "66fbe5a3a4dd77bb74b90767",
            "name": "A XYZ",
            "email": "onnexdevelopment@gmail.com",
            "timezone": "Asia/Karachi",
            "role": "user",
            "lastLoginAt": "2024-10-07T08:02:38.562Z",
            "consent": true,
            "createdAt": "2024-10-01T12:05:55.669Z",
            "updatedAt": "2024-10-07T08:02:38.569Z",
            "__v": 0
        }
    }
}
{
    "level": "INFO",
    "timestamp": "2024-10-07T08:10:56.568Z",
    "message": "Controller Response",
    "meta": {
        "success": true,
        "statusCode": 201,
        "request": {
            "ip": "::1",
            "method": "GET",
            "url": "/v1/user/me"
        },
        "message": "Operation is completed",
        "data": {
            "phoneNumber": {
                "isoCode": "PK",
                "countryCode": "92",
                "internationalNumber": "+92 333 1234567"
            },
            "accountConfimation": {
                "status": true,
                "token": "67fac7be-eec0-42ba-b990-2f51abdef488",
                "code": "987775",
                "timestamp": "2024-10-01T12:06:54.777Z"
            },
            "passwordReset": {
                "token": null,
                "expiry": null,
                "lastResetAt": null
            },
            "_id": "66fbe5a3a4dd77bb74b90767",
            "name": "A XYZ",
            "email": "onnexdevelopment@gmail.com",
            "timezone": "Asia/Karachi",
            "role": "user",
            "lastLoginAt": "2024-10-07T08:02:38.562Z",
            "consent": true,
            "createdAt": "2024-10-01T12:05:55.669Z",
            "updatedAt": "2024-10-07T08:02:38.569Z",
            "__v": 0
        }
    }
}
{
    "level": "INFO",
    "timestamp": "2024-10-07T08:10:57.384Z",
    "message": "Controller Response",
    "meta": {
        "success": true,
        "statusCode": 201,
        "request": {
            "ip": "::1",
            "method": "GET",
            "url": "/v1/user/me"
        },
        "message": "Operation is completed",
        "data": {
            "phoneNumber": {
                "isoCode": "PK",
                "countryCode": "92",
                "internationalNumber": "+92 333 1234567"
            },
            "accountConfimation": {
                "status": true,
                "token": "67fac7be-eec0-42ba-b990-2f51abdef488",
                "code": "987775",
                "timestamp": "2024-10-01T12:06:54.777Z"
            },
            "passwordReset": {
                "token": null,
                "expiry": null,
                "lastResetAt": null
            },
            "_id": "66fbe5a3a4dd77bb74b90767",
            "name": "A XYZ",
            "email": "onnexdevelopment@gmail.com",
            "timezone": "Asia/Karachi",
            "role": "user",
            "lastLoginAt": "2024-10-07T08:02:38.562Z",
            "consent": true,
            "createdAt": "2024-10-01T12:05:55.669Z",
            "updatedAt": "2024-10-07T08:02:38.569Z",
            "__v": 0
        }
    }
}
{
    "level": "INFO",
    "timestamp": "2024-10-07T08:10:58.210Z",
    "message": "Controller Response",
    "meta": {
        "success": true,
        "statusCode": 201,
        "request": {
            "ip": "::1",
            "method": "GET",
            "url": "/v1/user/me"
        },
        "message": "Operation is completed",
        "data": {
            "phoneNumber": {
                "isoCode": "PK",
                "countryCode": "92",
                "internationalNumber": "+92 333 1234567"
            },
            "accountConfimation": {
                "status": true,
                "token": "67fac7be-eec0-42ba-b990-2f51abdef488",
                "code": "987775",
                "timestamp": "2024-10-01T12:06:54.777Z"
            },
            "passwordReset": {
                "token": null,
                "expiry": null,
                "lastResetAt": null
            },
            "_id": "66fbe5a3a4dd77bb74b90767",
            "name": "A XYZ",
            "email": "onnexdevelopment@gmail.com",
            "timezone": "Asia/Karachi",
            "role": "user",
            "lastLoginAt": "2024-10-07T08:02:38.562Z",
            "consent": true,
            "createdAt": "2024-10-01T12:05:55.669Z",
            "updatedAt": "2024-10-07T08:02:38.569Z",
            "__v": 0
        }
    }
}
{
    "level": "INFO",
    "timestamp": "2024-10-07T08:10:59.227Z",
    "message": "Controller Response",
    "meta": {
        "success": true,
        "statusCode": 201,
        "request": {
            "ip": "::1",
            "method": "GET",
            "url": "/v1/user/me"
        },
        "message": "Operation is completed",
        "data": {
            "phoneNumber": {
                "isoCode": "PK",
                "countryCode": "92",
                "internationalNumber": "+92 333 1234567"
            },
            "accountConfimation": {
                "status": true,
                "token": "67fac7be-eec0-42ba-b990-2f51abdef488",
                "code": "987775",
                "timestamp": "2024-10-01T12:06:54.777Z"
            },
            "passwordReset": {
                "token": null,
                "expiry": null,
                "lastResetAt": null
            },
            "_id": "66fbe5a3a4dd77bb74b90767",
            "name": "A XYZ",
            "email": "onnexdevelopment@gmail.com",
            "timezone": "Asia/Karachi",
            "role": "user",
            "lastLoginAt": "2024-10-07T08:02:38.562Z",
            "consent": true,
            "createdAt": "2024-10-01T12:05:55.669Z",
            "updatedAt": "2024-10-07T08:02:38.569Z",
            "__v": 0
        }
    }
}
{
    "level": "INFO",
    "timestamp": "2024-10-07T08:10:59.780Z",
    "message": "Controller Response",
    "meta": {
        "success": true,
        "statusCode": 201,
        "request": {
            "ip": "::1",
            "method": "GET",
            "url": "/v1/user/me"
        },
        "message": "Operation is completed",
        "data": {
            "phoneNumber": {
                "isoCode": "PK",
                "countryCode": "92",
                "internationalNumber": "+92 333 1234567"
            },
            "accountConfimation": {
                "status": true,
                "token": "67fac7be-eec0-42ba-b990-2f51abdef488",
                "code": "987775",
                "timestamp": "2024-10-01T12:06:54.777Z"
            },
            "passwordReset": {
                "token": null,
                "expiry": null,
                "lastResetAt": null
            },
            "_id": "66fbe5a3a4dd77bb74b90767",
            "name": "A XYZ",
            "email": "onnexdevelopment@gmail.com",
            "timezone": "Asia/Karachi",
            "role": "user",
            "lastLoginAt": "2024-10-07T08:02:38.562Z",
            "consent": true,
            "createdAt": "2024-10-01T12:05:55.669Z",
            "updatedAt": "2024-10-07T08:02:38.569Z",
            "__v": 0
        }
    }
}
{
    "level": "INFO",
    "timestamp": "2024-10-07T08:11:00.456Z",
    "message": "Controller Response",
    "meta": {
        "success": true,
        "statusCode": 201,
        "request": {
            "ip": "::1",
            "method": "GET",
            "url": "/v1/user/me"
        },
        "message": "Operation is completed",
        "data": {
            "phoneNumber": {
                "isoCode": "PK",
                "countryCode": "92",
                "internationalNumber": "+92 333 1234567"
            },
            "accountConfimation": {
                "status": true,
                "token": "67fac7be-eec0-42ba-b990-2f51abdef488",
                "code": "987775",
                "timestamp": "2024-10-01T12:06:54.777Z"
            },
            "passwordReset": {
                "token": null,
                "expiry": null,
                "lastResetAt": null
            },
            "_id": "66fbe5a3a4dd77bb74b90767",
            "name": "A XYZ",
            "email": "onnexdevelopment@gmail.com",
            "timezone": "Asia/Karachi",
            "role": "user",
            "lastLoginAt": "2024-10-07T08:02:38.562Z",
            "consent": true,
            "createdAt": "2024-10-01T12:05:55.669Z",
            "updatedAt": "2024-10-07T08:02:38.569Z",
            "__v": 0
        }
    }
}
{
    "level": "INFO",
    "timestamp": "2024-10-07T08:11:01.035Z",
    "message": "Controller Response",
    "meta": {
        "success": true,
        "statusCode": 201,
        "request": {
            "ip": "::1",
            "method": "GET",
            "url": "/v1/user/me"
        },
        "message": "Operation is completed",
        "data": {
            "phoneNumber": {
                "isoCode": "PK",
                "countryCode": "92",
                "internationalNumber": "+92 333 1234567"
            },
            "accountConfimation": {
                "status": true,
                "token": "67fac7be-eec0-42ba-b990-2f51abdef488",
                "code": "987775",
                "timestamp": "2024-10-01T12:06:54.777Z"
            },
            "passwordReset": {
                "token": null,
                "expiry": null,
                "lastResetAt": null
            },
            "_id": "66fbe5a3a4dd77bb74b90767",
            "name": "A XYZ",
            "email": "onnexdevelopment@gmail.com",
            "timezone": "Asia/Karachi",
            "role": "user",
            "lastLoginAt": "2024-10-07T08:02:38.562Z",
            "consent": true,
            "createdAt": "2024-10-01T12:05:55.669Z",
            "updatedAt": "2024-10-07T08:02:38.569Z",
            "__v": 0
        }
    }
}
{
    "level": "INFO",
    "timestamp": "2024-10-07T08:11:01.700Z",
    "message": "Controller Response",
    "meta": {
        "success": true,
        "statusCode": 201,
        "request": {
            "ip": "::1",
            "method": "GET",
            "url": "/v1/user/me"
        },
        "message": "Operation is completed",
        "data": {
            "phoneNumber": {
                "isoCode": "PK",
                "countryCode": "92",
                "internationalNumber": "+92 333 1234567"
            },
            "accountConfimation": {
                "status": true,
                "token": "67fac7be-eec0-42ba-b990-2f51abdef488",
                "code": "987775",
                "timestamp": "2024-10-01T12:06:54.777Z"
            },
            "passwordReset": {
                "token": null,
                "expiry": null,
                "lastResetAt": null
            },
            "_id": "66fbe5a3a4dd77bb74b90767",
            "name": "A XYZ",
            "email": "onnexdevelopment@gmail.com",
            "timezone": "Asia/Karachi",
            "role": "user",
            "lastLoginAt": "2024-10-07T08:02:38.562Z",
            "consent": true,
            "createdAt": "2024-10-01T12:05:55.669Z",
            "updatedAt": "2024-10-07T08:02:38.569Z",
            "__v": 0
        }
    }
}
{
    "level": "INFO",
    "timestamp": "2024-10-07T08:11:02.301Z",
    "message": "Controller Response",
    "meta": {
        "success": true,
        "statusCode": 201,
        "request": {
            "ip": "::1",
            "method": "GET",
            "url": "/v1/user/me"
        },
        "message": "Operation is completed",
        "data": {
            "phoneNumber": {
                "isoCode": "PK",
                "countryCode": "92",
                "internationalNumber": "+92 333 1234567"
            },
            "accountConfimation": {
                "status": true,
                "token": "67fac7be-eec0-42ba-b990-2f51abdef488",
                "code": "987775",
                "timestamp": "2024-10-01T12:06:54.777Z"
            },
            "passwordReset": {
                "token": null,
                "expiry": null,
                "lastResetAt": null
            },
            "_id": "66fbe5a3a4dd77bb74b90767",
            "name": "A XYZ",
            "email": "onnexdevelopment@gmail.com",
            "timezone": "Asia/Karachi",
            "role": "user",
            "lastLoginAt": "2024-10-07T08:02:38.562Z",
            "consent": true,
            "createdAt": "2024-10-01T12:05:55.669Z",
            "updatedAt": "2024-10-07T08:02:38.569Z",
            "__v": 0
        }
    }
}
{
    "level": "INFO",
    "timestamp": "2024-10-07T08:11:02.958Z",
    "message": "Controller Response",
    "meta": {
        "success": true,
        "statusCode": 201,
        "request": {
            "ip": "::1",
            "method": "GET",
            "url": "/v1/user/me"
        },
        "message": "Operation is completed",
        "data": {
            "phoneNumber": {
                "isoCode": "PK",
                "countryCode": "92",
                "internationalNumber": "+92 333 1234567"
            },
            "accountConfimation": {
                "status": true,
                "token": "67fac7be-eec0-42ba-b990-2f51abdef488",
                "code": "987775",
                "timestamp": "2024-10-01T12:06:54.777Z"
            },
            "passwordReset": {
                "token": null,
                "expiry": null,
                "lastResetAt": null
            },
            "_id": "66fbe5a3a4dd77bb74b90767",
            "name": "A XYZ",
            "email": "onnexdevelopment@gmail.com",
            "timezone": "Asia/Karachi",
            "role": "user",
            "lastLoginAt": "2024-10-07T08:02:38.562Z",
            "consent": true,
            "createdAt": "2024-10-01T12:05:55.669Z",
            "updatedAt": "2024-10-07T08:02:38.569Z",
            "__v": 0
        }
    }
}
{
    "level": "INFO",
    "timestamp": "2024-10-07T08:11:03.429Z",
    "message": "Controller Response",
    "meta": {
        "success": true,
        "statusCode": 201,
        "request": {
            "ip": "::1",
            "method": "GET",
            "url": "/v1/user/me"
        },
        "message": "Operation is completed",
        "data": {
            "phoneNumber": {
                "isoCode": "PK",
                "countryCode": "92",
                "internationalNumber": "+92 333 1234567"
            },
            "accountConfimation": {
                "status": true,
                "token": "67fac7be-eec0-42ba-b990-2f51abdef488",
                "code": "987775",
                "timestamp": "2024-10-01T12:06:54.777Z"
            },
            "passwordReset": {
                "token": null,
                "expiry": null,
                "lastResetAt": null
            },
            "_id": "66fbe5a3a4dd77bb74b90767",
            "name": "A XYZ",
            "email": "onnexdevelopment@gmail.com",
            "timezone": "Asia/Karachi",
            "role": "user",
            "lastLoginAt": "2024-10-07T08:02:38.562Z",
            "consent": true,
            "createdAt": "2024-10-01T12:05:55.669Z",
            "updatedAt": "2024-10-07T08:02:38.569Z",
            "__v": 0
        }
    }
}
{
    "level": "INFO",
    "timestamp": "2024-10-07T08:11:04.039Z",
    "message": "Controller Response",
    "meta": {
        "success": true,
        "statusCode": 201,
        "request": {
            "ip": "::1",
            "method": "GET",
            "url": "/v1/user/me"
        },
        "message": "Operation is completed",
        "data": {
            "phoneNumber": {
                "isoCode": "PK",
                "countryCode": "92",
                "internationalNumber": "+92 333 1234567"
            },
            "accountConfimation": {
                "status": true,
                "token": "67fac7be-eec0-42ba-b990-2f51abdef488",
                "code": "987775",
                "timestamp": "2024-10-01T12:06:54.777Z"
            },
            "passwordReset": {
                "token": null,
                "expiry": null,
                "lastResetAt": null
            },
            "_id": "66fbe5a3a4dd77bb74b90767",
            "name": "A XYZ",
            "email": "onnexdevelopment@gmail.com",
            "timezone": "Asia/Karachi",
            "role": "user",
            "lastLoginAt": "2024-10-07T08:02:38.562Z",
            "consent": true,
            "createdAt": "2024-10-01T12:05:55.669Z",
            "updatedAt": "2024-10-07T08:02:38.569Z",
            "__v": 0
        }
    }
}
{
    "level": "INFO",
    "timestamp": "2024-10-07T08:11:04.448Z",
    "message": "Controller Response",
    "meta": {
        "success": true,
        "statusCode": 201,
        "request": {
            "ip": "::1",
            "method": "GET",
            "url": "/v1/user/me"
        },
        "message": "Operation is completed",
        "data": {
            "phoneNumber": {
                "isoCode": "PK",
                "countryCode": "92",
                "internationalNumber": "+92 333 1234567"
            },
            "accountConfimation": {
                "status": true,
                "token": "67fac7be-eec0-42ba-b990-2f51abdef488",
                "code": "987775",
                "timestamp": "2024-10-01T12:06:54.777Z"
            },
            "passwordReset": {
                "token": null,
                "expiry": null,
                "lastResetAt": null
            },
            "_id": "66fbe5a3a4dd77bb74b90767",
            "name": "A XYZ",
            "email": "onnexdevelopment@gmail.com",
            "timezone": "Asia/Karachi",
            "role": "user",
            "lastLoginAt": "2024-10-07T08:02:38.562Z",
            "consent": true,
            "createdAt": "2024-10-01T12:05:55.669Z",
            "updatedAt": "2024-10-07T08:02:38.569Z",
            "__v": 0
        }
    }
}
{
    "level": "INFO",
    "timestamp": "2024-10-07T08:11:06.807Z",
    "message": "Controller Response",
    "meta": {
        "success": true,
        "statusCode": 201,
        "request": {
            "ip": "::1",
            "method": "GET",
            "url": "/v1/user/me"
        },
        "message": "Operation is completed",
        "data": {
            "phoneNumber": {
                "isoCode": "PK",
                "countryCode": "92",
                "internationalNumber": "+92 333 1234567"
            },
            "accountConfimation": {
                "status": true,
                "token": "67fac7be-eec0-42ba-b990-2f51abdef488",
                "code": "987775",
                "timestamp": "2024-10-01T12:06:54.777Z"
            },
            "passwordReset": {
                "token": null,
                "expiry": null,
                "lastResetAt": null
            },
            "_id": "66fbe5a3a4dd77bb74b90767",
            "name": "A XYZ",
            "email": "onnexdevelopment@gmail.com",
            "timezone": "Asia/Karachi",
            "role": "user",
            "lastLoginAt": "2024-10-07T08:02:38.562Z",
            "consent": true,
            "createdAt": "2024-10-01T12:05:55.669Z",
            "updatedAt": "2024-10-07T08:02:38.569Z",
            "__v": 0
        }
    }
}
{
    "level": "INFO",
    "timestamp": "2024-10-07T08:11:16.996Z",
    "message": "Controller Response",
    "meta": {
        "success": true,
        "statusCode": 200,
        "request": {
            "ip": "::1",
            "method": "GET",
            "url": "/v1/self"
        },
        "message": "Operation is completed",
        "data": null
    }
}
{
    "level": "INFO",
    "timestamp": "2024-10-07T08:11:17.800Z",
    "message": "Controller Response",
    "meta": {
        "success": true,
        "statusCode": 200,
        "request": {
            "ip": "::1",
            "method": "GET",
            "url": "/v1/self"
        },
        "message": "Operation is completed",
        "data": null
    }
}
{
    "level": "INFO",
    "timestamp": "2024-10-07T08:11:18.489Z",
    "message": "Controller Response",
    "meta": {
        "success": true,
        "statusCode": 200,
        "request": {
            "ip": "::1",
            "method": "GET",
            "url": "/v1/self"
        },
        "message": "Operation is completed",
        "data": null
    }
}
{
    "level": "INFO",
    "timestamp": "2024-10-07T08:11:19.173Z",
    "message": "Controller Response",
    "meta": {
        "success": true,
        "statusCode": 200,
        "request": {
            "ip": "::1",
            "method": "GET",
            "url": "/v1/self"
        },
        "message": "Operation is completed",
        "data": null
    }
}
{
    "level": "INFO",
    "timestamp": "2024-10-07T08:11:19.771Z",
    "message": "Controller Response",
    "meta": {
        "success": true,
        "statusCode": 200,
        "request": {
            "ip": "::1",
            "method": "GET",
            "url": "/v1/self"
        },
        "message": "Operation is completed",
        "data": null
    }
}
{
    "level": "INFO",
    "timestamp": "2024-10-07T08:11:20.361Z",
    "message": "Controller Response",
    "meta": {
        "success": true,
        "statusCode": 200,
        "request": {
            "ip": "::1",
            "method": "GET",
            "url": "/v1/self"
        },
        "message": "Operation is completed",
        "data": null
    }
}
{
    "level": "INFO",
    "timestamp": "2024-10-07T08:11:20.921Z",
    "message": "Controller Response",
    "meta": {
        "success": true,
        "statusCode": 200,
        "request": {
            "ip": "::1",
            "method": "GET",
            "url": "/v1/self"
        },
        "message": "Operation is completed",
        "data": null
    }
}
{
    "level": "INFO",
    "timestamp": "2024-10-07T08:11:21.512Z",
    "message": "Controller Response",
    "meta": {
        "success": true,
        "statusCode": 200,
        "request": {
            "ip": "::1",
            "method": "GET",
            "url": "/v1/self"
        },
        "message": "Operation is completed",
        "data": null
    }
}
{
    "level": "INFO",
    "timestamp": "2024-10-07T08:11:22.181Z",
    "message": "Controller Response",
    "meta": {
        "success": true,
        "statusCode": 200,
        "request": {
            "ip": "::1",
            "method": "GET",
            "url": "/v1/self"
        },
        "message": "Operation is completed",
        "data": null
    }
}
{
    "level": "INFO",
    "timestamp": "2024-10-07T08:11:22.878Z",
    "message": "Controller Response",
    "meta": {
        "success": true,
        "statusCode": 200,
        "request": {
            "ip": "::1",
            "method": "GET",
            "url": "/v1/self"
        },
        "message": "Operation is completed",
        "data": null
    }
}
{
    "level": "INFO",
    "timestamp": "2024-10-07T08:11:23.474Z",
    "message": "Controller Response",
    "meta": {
        "success": true,
        "statusCode": 200,
        "request": {
            "ip": "::1",
            "method": "GET",
            "url": "/v1/self"
        },
        "message": "Operation is completed",
        "data": null
    }
}
{
    "level": "INFO",
    "timestamp": "2024-10-07T08:11:24.095Z",
    "message": "Controller Response",
    "meta": {
        "success": true,
        "statusCode": 200,
        "request": {
            "ip": "::1",
            "method": "GET",
            "url": "/v1/self"
        },
        "message": "Operation is completed",
        "data": null
    }
}
{
    "level": "INFO",
    "timestamp": "2024-10-07T08:11:24.760Z",
    "message": "Controller Response",
    "meta": {
        "success": true,
        "statusCode": 200,
        "request": {
            "ip": "::1",
            "method": "GET",
            "url": "/v1/self"
        },
        "message": "Operation is completed",
        "data": null
    }
}
{
    "level": "INFO",
    "timestamp": "2024-10-07T08:11:25.445Z",
    "message": "Controller Response",
    "meta": {
        "success": true,
        "statusCode": 200,
        "request": {
            "ip": "::1",
            "method": "GET",
            "url": "/v1/self"
        },
        "message": "Operation is completed",
        "data": null
    }
}
{
    "level": "INFO",
    "timestamp": "2024-10-07T08:11:26.198Z",
    "message": "Controller Response",
    "meta": {
        "success": true,
        "statusCode": 200,
        "request": {
            "ip": "::1",
            "method": "GET",
            "url": "/v1/self"
        },
        "message": "Operation is completed",
        "data": null
    }
}
{
    "level": "INFO",
    "timestamp": "2024-10-07T08:11:26.849Z",
    "message": "Controller Response",
    "meta": {
        "success": true,
        "statusCode": 200,
        "request": {
            "ip": "::1",
            "method": "GET",
            "url": "/v1/self"
        },
        "message": "Operation is completed",
        "data": null
    }
}
{
    "level": "INFO",
    "timestamp": "2024-10-07T08:11:27.474Z",
    "message": "Controller Response",
    "meta": {
        "success": true,
        "statusCode": 200,
        "request": {
            "ip": "::1",
            "method": "GET",
            "url": "/v1/self"
        },
        "message": "Operation is completed",
        "data": null
    }
}
{
    "level": "INFO",
    "timestamp": "2024-10-07T08:11:58.134Z",
    "message": "Controller Response",
    "meta": {
        "success": true,
        "statusCode": 200,
        "request": {
            "ip": "::1",
            "method": "GET",
            "url": "/v1/self"
        },
        "message": "Operation is completed",
        "data": null
    }
}
{
    "level": "INFO",
    "timestamp": "2024-10-07T08:11:59.222Z",
    "message": "Controller Response",
    "meta": {
        "success": true,
        "statusCode": 200,
        "request": {
            "ip": "::1",
            "method": "GET",
            "url": "/v1/self"
        },
        "message": "Operation is completed",
        "data": null
    }
}
{
    "level": "INFO",
    "timestamp": "2024-10-07T08:12:00.335Z",
    "message": "Controller Response",
    "meta": {
        "success": true,
        "statusCode": 200,
        "request": {
            "ip": "::1",
            "method": "GET",
            "url": "/v1/self"
        },
        "message": "Operation is completed",
        "data": null
    }
}
{
    "level": "INFO",
    "timestamp": "2024-10-07T08:12:01.409Z",
    "message": "Controller Response",
    "meta": {
        "success": true,
        "statusCode": 200,
        "request": {
            "ip": "::1",
            "method": "GET",
            "url": "/v1/self"
        },
        "message": "Operation is completed",
        "data": null
    }
}
{
    "level": "INFO",
    "timestamp": "2024-10-07T08:12:02.625Z",
    "message": "Controller Response",
    "meta": {
        "success": true,
        "statusCode": 200,
        "request": {
            "ip": "::1",
            "method": "GET",
            "url": "/v1/self"
        },
        "message": "Operation is completed",
        "data": null
    }
}
{
    "level": "INFO",
    "timestamp": "2024-10-07T08:12:03.635Z",
    "message": "Controller Response",
    "meta": {
        "success": true,
        "statusCode": 200,
        "request": {
            "ip": "::1",
            "method": "GET",
            "url": "/v1/self"
        },
        "message": "Operation is completed",
        "data": null
    }
}
{
    "level": "INFO",
    "timestamp": "2024-10-07T08:12:04.803Z",
    "message": "Controller Response",
    "meta": {
        "success": true,
        "statusCode": 200,
        "request": {
            "ip": "::1",
            "method": "GET",
            "url": "/v1/self"
        },
        "message": "Operation is completed",
        "data": null
    }
}
{
    "level": "INFO",
    "timestamp": "2024-10-07T08:12:06.068Z",
    "message": "Controller Response",
    "meta": {
        "success": true,
        "statusCode": 200,
        "request": {
            "ip": "::1",
            "method": "GET",
            "url": "/v1/self"
        },
        "message": "Operation is completed",
        "data": null
    }
}
{
    "level": "INFO",
    "timestamp": "2024-10-07T08:12:08.594Z",
    "message": "Controller Response",
    "meta": {
        "success": true,
        "statusCode": 200,
        "request": {
            "ip": "::1",
            "method": "GET",
            "url": "/v1/self"
        },
        "message": "Operation is completed",
        "data": null
    }
}
{
    "level": "INFO",
    "timestamp": "2024-10-07T08:12:10.013Z",
    "message": "Controller Response",
    "meta": {
        "success": true,
        "statusCode": 200,
        "request": {
            "ip": "::1",
            "method": "GET",
            "url": "/v1/self"
        },
        "message": "Operation is completed",
        "data": null
    }
}
{
    "level": "INFO",
    "timestamp": "2024-10-07T08:12:11.221Z",
    "message": "Controller Response",
    "meta": {
        "success": true,
        "statusCode": 200,
        "request": {
            "ip": "::1",
            "method": "GET",
            "url": "/v1/self"
        },
        "message": "Operation is completed",
        "data": null
    }
}
{
    "level": "INFO",
    "timestamp": "2024-10-07T08:12:12.455Z",
    "message": "Controller Response",
    "meta": {
        "success": true,
        "statusCode": 200,
        "request": {
            "ip": "::1",
            "method": "GET",
            "url": "/v1/self"
        },
        "message": "Operation is completed",
        "data": null
    }
}
{
    "level": "INFO",
    "timestamp": "2024-10-07T08:13:11.127Z",
    "message": "Database connection established",
    "meta": {
        "CONNECTION_NAME": "base"
    }
}
{
    "level": "INFO",
    "timestamp": "2024-10-07T08:13:11.135Z",
    "message": "Rate limiter initiated",
    "meta": {}
}
{
    "level": "INFO",
    "timestamp": "2024-10-07T08:13:11.137Z",
    "message": "Application started on port 3000",
    "meta": {
        "SERVER_URL": "http://localhost:3000"
    }
}
{
    "level": "INFO",
    "timestamp": "2024-10-07T08:13:13.773Z",
    "message": "Controller Response",
    "meta": {
        "success": true,
        "statusCode": 200,
        "request": {
            "ip": "::1",
            "method": "GET",
            "url": "/v1/self"
        },
        "message": "Operation is completed",
        "data": null
    }
}
{
    "level": "INFO",
    "timestamp": "2024-10-07T08:13:14.910Z",
    "message": "Controller Response",
    "meta": {
        "success": true,
        "statusCode": 200,
        "request": {
            "ip": "::1",
            "method": "GET",
            "url": "/v1/self"
        },
        "message": "Operation is completed",
        "data": null
    }
}
{
    "level": "INFO",
    "timestamp": "2024-10-07T08:13:15.990Z",
    "message": "Controller Response",
    "meta": {
        "success": true,
        "statusCode": 200,
        "request": {
            "ip": "::1",
            "method": "GET",
            "url": "/v1/self"
        },
        "message": "Operation is completed",
        "data": null
    }
}
{
    "level": "INFO",
    "timestamp": "2024-10-07T08:13:16.949Z",
    "message": "Controller Response",
    "meta": {
        "success": true,
        "statusCode": 200,
        "request": {
            "ip": "::1",
            "method": "GET",
            "url": "/v1/self"
        },
        "message": "Operation is completed",
        "data": null
    }
}
{
    "level": "INFO",
    "timestamp": "2024-10-07T08:13:17.907Z",
    "message": "Controller Response",
    "meta": {
        "success": true,
        "statusCode": 200,
        "request": {
            "ip": "::1",
            "method": "GET",
            "url": "/v1/self"
        },
        "message": "Operation is completed",
        "data": null
    }
}
{
    "level": "INFO",
    "timestamp": "2024-10-07T08:13:19.005Z",
    "message": "Controller Response",
    "meta": {
        "success": true,
        "statusCode": 200,
        "request": {
            "ip": "::1",
            "method": "GET",
            "url": "/v1/self"
        },
        "message": "Operation is completed",
        "data": null
    }
}
{
    "level": "INFO",
    "timestamp": "2024-10-07T08:13:19.991Z",
    "message": "Controller Response",
    "meta": {
        "success": true,
        "statusCode": 200,
        "request": {
            "ip": "::1",
            "method": "GET",
            "url": "/v1/self"
        },
        "message": "Operation is completed",
        "data": null
    }
}
{
    "level": "INFO",
    "timestamp": "2024-10-07T08:13:21.198Z",
    "message": "Controller Response",
    "meta": {
        "success": true,
        "statusCode": 200,
        "request": {
            "ip": "::1",
            "method": "GET",
            "url": "/v1/self"
        },
        "message": "Operation is completed",
        "data": null
    }
}
{
    "level": "INFO",
    "timestamp": "2024-10-07T08:13:22.367Z",
    "message": "Controller Response",
    "meta": {
        "success": true,
        "statusCode": 200,
        "request": {
            "ip": "::1",
            "method": "GET",
            "url": "/v1/self"
        },
        "message": "Operation is completed",
        "data": null
    }
}
{
    "level": "INFO",
    "timestamp": "2024-10-07T08:13:23.547Z",
    "message": "Controller Response",
    "meta": {
        "success": true,
        "statusCode": 200,
        "request": {
            "ip": "::1",
            "method": "GET",
            "url": "/v1/self"
        },
        "message": "Operation is completed",
        "data": null
    }
}
{
    "level": "INFO",
    "timestamp": "2024-10-07T08:13:25.792Z",
    "message": "Controller Response",
    "meta": {
        "success": true,
        "statusCode": 200,
        "request": {
            "ip": "::1",
            "method": "GET",
            "url": "/v1/self"
        },
        "message": "Operation is completed",
        "data": null
    }
}
{
    "level": "INFO",
    "timestamp": "2024-10-07T08:13:27.100Z",
    "message": "Controller Response",
    "meta": {
        "success": true,
        "statusCode": 200,
        "request": {
            "ip": "::1",
            "method": "GET",
            "url": "/v1/self"
        },
        "message": "Operation is completed",
        "data": null
    }
}
{
    "level": "INFO",
    "timestamp": "2024-10-07T08:14:17.377Z",
    "message": "Database connection established",
    "meta": {
        "CONNECTION_NAME": "base"
    }
}
{
    "level": "INFO",
    "timestamp": "2024-10-07T08:14:17.388Z",
    "message": "Rate limiter initiated",
    "meta": {}
}
{
    "level": "INFO",
    "timestamp": "2024-10-07T08:14:17.389Z",
    "message": "Application started on port 3000",
    "meta": {
        "SERVER_URL": "http://localhost:3000"
    }
}
{
    "level": "INFO",
    "timestamp": "2024-10-07T08:14:30.541Z",
    "message": "Controller Response",
    "meta": {
        "success": true,
        "statusCode": 200,
        "request": {
            "ip": "::1",
            "method": "GET",
            "url": "/v1/self"
        },
        "message": "Operation is completed",
        "data": null
    }
}
{
    "level": "INFO",
    "timestamp": "2024-10-07T08:14:31.710Z",
    "message": "Controller Response",
    "meta": {
        "success": true,
        "statusCode": 200,
        "request": {
            "ip": "::1",
            "method": "GET",
            "url": "/v1/self"
        },
        "message": "Operation is completed",
        "data": null
    }
}
{
    "level": "INFO",
    "timestamp": "2024-10-07T08:14:32.632Z",
    "message": "Controller Response",
    "meta": {
        "success": true,
        "statusCode": 200,
        "request": {
            "ip": "::1",
            "method": "GET",
            "url": "/v1/self"
        },
        "message": "Operation is completed",
        "data": null
    }
}
{
    "level": "INFO",
    "timestamp": "2024-10-07T08:14:33.452Z",
    "message": "Controller Response",
    "meta": {
        "success": true,
        "statusCode": 200,
        "request": {
            "ip": "::1",
            "method": "GET",
            "url": "/v1/self"
        },
        "message": "Operation is completed",
        "data": null
    }
}
{
    "level": "INFO",
    "timestamp": "2024-10-07T08:14:34.374Z",
    "message": "Controller Response",
    "meta": {
        "success": true,
        "statusCode": 200,
        "request": {
            "ip": "::1",
            "method": "GET",
            "url": "/v1/self"
        },
        "message": "Operation is completed",
        "data": null
    }
}
{
    "level": "INFO",
    "timestamp": "2024-10-07T08:14:35.032Z",
    "message": "Controller Response",
    "meta": {
        "success": true,
        "statusCode": 200,
        "request": {
            "ip": "::1",
            "method": "GET",
            "url": "/v1/self"
        },
        "message": "Operation is completed",
        "data": null
    }
}
{
    "level": "INFO",
    "timestamp": "2024-10-07T08:14:35.909Z",
    "message": "Controller Response",
    "meta": {
        "success": true,
        "statusCode": 200,
        "request": {
            "ip": "::1",
            "method": "GET",
            "url": "/v1/self"
        },
        "message": "Operation is completed",
        "data": null
    }
}
{
    "level": "INFO",
    "timestamp": "2024-10-07T08:14:36.627Z",
    "message": "Controller Response",
    "meta": {
        "success": true,
        "statusCode": 200,
        "request": {
            "ip": "::1",
            "method": "GET",
            "url": "/v1/self"
        },
        "message": "Operation is completed",
        "data": null
    }
}
{
    "level": "INFO",
    "timestamp": "2024-10-07T08:14:37.444Z",
    "message": "Controller Response",
    "meta": {
        "success": true,
        "statusCode": 200,
        "request": {
            "ip": "::1",
            "method": "GET",
            "url": "/v1/self"
        },
        "message": "Operation is completed",
        "data": null
    }
}
{
    "level": "INFO",
    "timestamp": "2024-10-07T08:14:38.105Z",
    "message": "Controller Response",
    "meta": {
        "success": true,
        "statusCode": 200,
        "request": {
            "ip": "::1",
            "method": "GET",
            "url": "/v1/self"
        },
        "message": "Operation is completed",
        "data": null
    }
}
{
    "level": "ERROR",
    "timestamp": "2024-10-07T08:14:39.165Z",
    "message": "Controller Response",
    "meta": {
        "success": false,
        "statusCode": 429,
        "request": {
            "ip": "::1",
            "method": "GET",
            "url": "/v1/self"
        },
        "message": "So many requests",
        "data": null,
        "trace": {
            "error": "Error: So many requests\n    at C:\\Users\\Administrator\\Desktop\\Projects\\workspace\\base_server\\base_server\\src\\middlewares\\rateLimiter.ts:21:33\n    at processTicksAndRejections (node:internal/process/task_queues:95:5)"
        }
    }
}
{
    "level": "INFO",
    "timestamp": "2024-10-07T08:15:06.906Z",
    "message": "Database connection established",
    "meta": {
        "CONNECTION_NAME": "base"
    }
}
{
    "level": "INFO",
    "timestamp": "2024-10-07T08:15:06.915Z",
    "message": "Rate limiter initiated",
    "meta": {}
}
{
    "level": "INFO",
    "timestamp": "2024-10-07T08:15:06.916Z",
    "message": "Application started on port 3000",
    "meta": {
        "SERVER_URL": "http://localhost:3000"
    }
}
{
    "level": "INFO",
    "timestamp": "2024-10-07T08:32:32.023Z",
    "message": "Controller Response",
    "meta": {
        "success": true,
        "statusCode": 200,
        "request": {
            "ip": "::1",
            "method": "GET",
            "url": "/v1/health"
        },
        "message": "Operation is completed",
        "data": {
            "application": {
                "environment": "development",
                "uptime": "1050.85 Second",
                "memoryUsage": {
                    "heapTotal": "193.13 MB",
                    "heapUsed": "188.40 MB"
                }
            },
            "system": {
                "cpuUsage": [
                    0,
                    0,
                    0
                ],
                "totalMemory": "7502.02 MB",
                "freeMemory": "473.76 MB"
            },
            "timeStamp": 1728289951999
        }
    }
}
{
    "level": "INFO",
    "timestamp": "2024-10-07T09:14:42.519Z",
    "message": "Database connection established",
    "meta": {
        "CONNECTION_NAME": "base"
    }
}
{
    "level": "INFO",
    "timestamp": "2024-10-07T09:14:42.531Z",
    "message": "Rate limiter initiated",
    "meta": {}
}
{
    "level": "INFO",
    "timestamp": "2024-10-07T09:14:42.532Z",
    "message": "Application started on port 3000",
    "meta": {
        "SERVER_URL": "http://localhost:3000"
    }
}
{
    "level": "INFO",
    "timestamp": "2024-10-07T09:57:11.756Z",
    "message": "Controller Response",
    "meta": {
        "success": true,
        "statusCode": 200,
        "request": {
            "ip": "::1",
            "method": "GET",
            "url": "/v1/self"
        },
        "message": "Operation is completed",
        "data": null
    }
}
{
    "level": "ERROR",
    "timestamp": "2024-10-07T09:58:52.024Z",
    "message": "Controller Response",
    "meta": {
        "success": false,
        "statusCode": 422,
        "request": {
            "ip": "::1",
            "method": "POST",
            "url": "/v1/register"
        },
        "message": "onnexdevelopment@gmail.com already exists for the user",
        "data": null,
        "trace": {
            "error": "Error: onnexdevelopment@gmail.com already exists for the user\n    at C:\\Users\\Administrator\\Desktop\\Projects\\workspace\\base_server\\base_server\\src\\APIs\\user\\authentication\\validation\\validations.ts:9:19\n    at Generator.next (<anonymous>)\n    at fulfilled (C:\\Users\\Administrator\\Desktop\\Projects\\workspace\\base_server\\base_server\\src\\APIs\\user\\authentication\\validation\\validations.ts:5:58)\n    at processTicksAndRejections (node:internal/process/task_queues:95:5)"
        }
    }
}
{
    "level": "ERROR",
    "timestamp": "2024-10-07T09:59:17.661Z",
    "message": "Controller Response",
    "meta": {
        "success": false,
        "statusCode": 404,
        "request": {
            "ip": "::1",
            "method": "POST",
            "url": "/v1/abdullah"
        },
        "message": "Route is not found",
        "data": null,
        "trace": {
            "error": "Error: Route is not found\n    at exports.default (C:\\Users\\Administrator\\Desktop\\Projects\\workspace\\base_server\\base_server\\src\\handlers\\notFound.ts:7:15)\n    at Layer.handle [as handle_request] (C:\\Users\\Administrator\\Desktop\\Projects\\workspace\\base_server\\base_server\\node_modules\\express\\lib\\router\\layer.js:95:5)\n    at trim_prefix (C:\\Users\\Administrator\\Desktop\\Projects\\workspace\\base_server\\base_server\\node_modules\\express\\lib\\router\\index.js:328:13)\n    at C:\\Users\\Administrator\\Desktop\\Projects\\workspace\\base_server\\base_server\\node_modules\\express\\lib\\router\\index.js:286:9\n    at Function.process_params (C:\\Users\\Administrator\\Desktop\\Projects\\workspace\\base_server\\base_server\\node_modules\\express\\lib\\router\\index.js:346:12)\n    at next (C:\\Users\\Administrator\\Desktop\\Projects\\workspace\\base_server\\base_server\\node_modules\\express\\lib\\router\\index.js:280:10)\n    at C:\\Users\\Administrator\\Desktop\\Projects\\workspace\\base_server\\base_server\\node_modules\\express\\lib\\router\\index.js:646:15\n    at next (C:\\Users\\Administrator\\Desktop\\Projects\\workspace\\base_server\\base_server\\node_modules\\express\\lib\\router\\index.js:265:14)\n    at Function.handle (C:\\Users\\Administrator\\Desktop\\Projects\\workspace\\base_server\\base_server\\node_modules\\express\\lib\\router\\index.js:175:3)\n    at router (C:\\Users\\Administrator\\Desktop\\Projects\\workspace\\base_server\\base_server\\node_modules\\express\\lib\\router\\index.js:47:12)"
        }
    }
}
{
    "level": "INFO",
    "timestamp": "2024-10-07T09:59:27.632Z",
    "message": "Controller Response",
    "meta": {
        "success": true,
        "statusCode": 200,
        "request": {
            "ip": "::1",
            "method": "POST",
            "url": "/v1/login"
        },
        "message": "Login successful",
        "data": {
            "success": true,
            "user": {
                "_id": "66fbe5a3a4dd77bb74b90767",
                "password": "$2b$10$fvBIxYM2jozV4XDPPV4q6.MQBhn3hRFvpqbk/kRtogOtPUufFht9.",
                "lastLoginAt": "2024-10-07T09:59:27.486Z",
                "updatedAt": "2024-10-07T09:59:27.509Z"
            },
            "accessToken": "eyJhbGciOiJIUzI1NiIsInR5cCI6IkpXVCJ9.eyJ1c2VySWQiOiI2NmZiZTVhM2E0ZGQ3N2JiNzRiOTA3NjciLCJpYXQiOjE3MjgyOTUxNjcsImV4cCI6MTcyODI5ODc2N30.ghO_ilgdyhqqNXP9HYWL3Diwto18TYqtRTYzTmjbp3s",
            "refreshToken": "eyJhbGciOiJIUzI1NiIsInR5cCI6IkpXVCJ9.eyJ1c2VySWQiOiI2NmZiZTVhM2E0ZGQ3N2JiNzRiOTA3NjciLCJpYXQiOjE3MjgyOTUxNjcsImV4cCI6MTc1OTgzMTE2N30.AsrAODsmvqM8qJAQSstDhiqpBj7TfiJg05kFzlQATQE"
        }
    }
}
{
    "level": "INFO",
    "timestamp": "2024-10-07T09:59:47.353Z",
    "message": "Controller Response",
    "meta": {
        "success": true,
        "statusCode": 201,
        "request": {
            "ip": "::1",
            "method": "GET",
            "url": "/v1/user/me"
        },
        "message": "Operation is completed",
        "data": {
            "phoneNumber": {
                "isoCode": "PK",
                "countryCode": "92",
                "internationalNumber": "+92 333 1234567"
            },
            "accountConfimation": {
                "status": true,
                "token": "67fac7be-eec0-42ba-b990-2f51abdef488",
                "code": "987775",
                "timestamp": "2024-10-01T12:06:54.777Z"
            },
            "passwordReset": {
                "token": null,
                "expiry": null,
                "lastResetAt": null
            },
            "_id": "66fbe5a3a4dd77bb74b90767",
            "name": "A XYZ",
            "email": "onnexdevelopment@gmail.com",
            "timezone": "Asia/Karachi",
            "role": "user",
            "lastLoginAt": "2024-10-07T09:59:27.486Z",
            "consent": true,
            "createdAt": "2024-10-01T12:05:55.669Z",
            "updatedAt": "2024-10-07T09:59:27.509Z",
            "__v": 0
        }
    }
}
{
    "level": "INFO",
    "timestamp": "2024-10-07T09:59:56.405Z",
    "message": "Controller Response",
    "meta": {
        "success": true,
        "statusCode": 200,
        "request": {
            "ip": "::1",
            "method": "PUT",
            "url": "/v1/logout"
        },
        "message": "Operation is completed",
        "data": null
    }
}
{
    "level": "ERROR",
    "timestamp": "2024-10-07T10:00:02.014Z",
    "message": "Controller Response",
    "meta": {
        "success": false,
        "statusCode": 401,
        "request": {
            "ip": "::1",
            "method": "GET",
            "url": "/v1/user/me"
        },
        "message": "You are not allowed to perform this task",
        "data": null,
        "trace": {
            "error": "Error: You are not allowed to perform this task\n    at C:\\Users\\Administrator\\Desktop\\Projects\\workspace\\base_server\\base_server\\src\\middlewares\\authenticate.ts:29:25\n    at Generator.next (<anonymous>)\n    at C:\\Users\\Administrator\\Desktop\\Projects\\workspace\\base_server\\base_server\\src\\middlewares\\authenticate.ts:8:71\n    at new Promise (<anonymous>)\n    at __awaiter (C:\\Users\\Administrator\\Desktop\\Projects\\workspace\\base_server\\base_server\\src\\middlewares\\authenticate.ts:4:12)\n    at C:\\Users\\Administrator\\Desktop\\Projects\\workspace\\base_server\\base_server\\src\\middlewares\\authenticate.ts:10:97\n    at C:\\Users\\Administrator\\Desktop\\Projects\\workspace\\base_server\\base_server\\src\\handlers\\async.ts:5:25\n    at Layer.handle [as handle_request] (C:\\Users\\Administrator\\Desktop\\Projects\\workspace\\base_server\\base_server\\node_modules\\express\\lib\\router\\layer.js:95:5)\n    at next (C:\\Users\\Administrator\\Desktop\\Projects\\workspace\\base_server\\base_server\\node_modules\\express\\lib\\router\\route.js:149:13)\n    at exports.default (C:\\Users\\Administrator\\Desktop\\Projects\\workspace\\base_server\\base_server\\src\\middlewares\\rateLimiter.ts:11:16)"
        }
    }
}
{
    "level": "INFO",
    "timestamp": "2024-10-07T10:19:18.548Z",
    "message": "Controller Response",
    "meta": {
        "success": true,
        "statusCode": 200,
        "request": {
            "ip": "::1",
            "method": "GET",
            "url": "/v1/self"
        },
        "message": "Operation is completed",
        "data": null
    }
}
{
    "level": "INFO",
    "timestamp": "2024-10-07T10:19:33.452Z",
    "message": "Controller Response",
    "meta": {
        "success": true,
        "statusCode": 200,
        "request": {
            "ip": "::1",
            "method": "GET",
            "url": "/v1/health"
        },
        "message": "Operation is completed",
        "data": {
            "application": {
                "environment": "development",
                "uptime": "3895.40 Second",
                "memoryUsage": {
                    "heapTotal": "197.38 MB",
                    "heapUsed": "192.66 MB"
                }
            },
            "system": {
                "cpuUsage": [
                    0,
                    0,
                    0
                ],
                "totalMemory": "7502.02 MB",
                "freeMemory": "702.99 MB"
            },
            "timeStamp": 1728296373452
        }
    }
}
{
    "level": "INFO",
    "timestamp": "2024-11-03T20:14:54.816Z",
    "message": "Database connection established",
    "meta": {
        "CONNECTION_NAME": "test"
    }
}
{
    "level": "INFO",
    "timestamp": "2024-11-03T20:14:54.845Z",
    "message": "Rate limiter initiated",
    "meta": {}
}
{
    "level": "INFO",
    "timestamp": "2024-11-03T20:14:54.849Z",
    "message": "Application started on port 3000",
    "meta": {
        "SERVER_URL": "http://localhost:3000"
    }
}
{
    "level": "INFO",
    "timestamp": "2024-11-03T20:28:36.885Z",
    "message": "Database connection established",
    "meta": {
        "CONNECTION_NAME": "test"
    }
}
{
    "level": "INFO",
    "timestamp": "2024-11-03T20:28:36.922Z",
    "message": "Rate limiter initiated",
    "meta": {}
}
{
    "level": "INFO",
    "timestamp": "2024-11-03T20:28:36.926Z",
    "message": "Application started on port 3000",
    "meta": {
        "SERVER_URL": "http://localhost:3000"
    }
}
{
    "level": "INFO",
    "timestamp": "2024-11-03T20:30:09.517Z",
    "message": "Database connection established",
    "meta": {
        "CONNECTION_NAME": "test"
    }
}
{
    "level": "INFO",
    "timestamp": "2024-11-03T20:30:09.546Z",
    "message": "Rate limiter initiated",
    "meta": {}
}
{
    "level": "INFO",
    "timestamp": "2024-11-03T20:30:09.549Z",
    "message": "Application started on port 3000",
    "meta": {
        "SERVER_URL": "http://localhost:3000"
    }
}
{
    "level": "ERROR",
    "timestamp": "2024-11-03T20:34:17.148Z",
    "message": "Controller Response",
    "meta": {
        "success": false,
        "statusCode": 404,
        "request": {
            "ip": "::1",
            "method": "GET",
            "url": "/v1/getCandidates/recruitment/recruitmentRoutes"
        },
        "message": "Route is not found",
        "data": null,
        "trace": {
            "error": "Error: Route is not found\n    at exports.default (E:\\Coderatory\\HRM\\base_server\\src\\handlers\\notFound.ts:7:15)\n    at Layer.handle [as handle_request] (E:\\Coderatory\\HRM\\base_server\\node_modules\\express\\lib\\router\\layer.js:95:5)\n    at trim_prefix (E:\\Coderatory\\HRM\\base_server\\node_modules\\express\\lib\\router\\index.js:328:13)\n    at E:\\Coderatory\\HRM\\base_server\\node_modules\\express\\lib\\router\\index.js:286:9\n    at Function.process_params (E:\\Coderatory\\HRM\\base_server\\node_modules\\express\\lib\\router\\index.js:346:12)\n    at next (E:\\Coderatory\\HRM\\base_server\\node_modules\\express\\lib\\router\\index.js:280:10)\n    at E:\\Coderatory\\HRM\\base_server\\node_modules\\express\\lib\\router\\index.js:646:15\n    at next (E:\\Coderatory\\HRM\\base_server\\node_modules\\express\\lib\\router\\index.js:265:14)\n    at Function.handle (E:\\Coderatory\\HRM\\base_server\\node_modules\\express\\lib\\router\\index.js:175:3)\n    at router (E:\\Coderatory\\HRM\\base_server\\node_modules\\express\\lib\\router\\index.js:47:12)"
        }
    }
}
{
    "level": "ERROR",
    "timestamp": "2024-11-03T20:35:51.598Z",
    "message": "Controller Response",
    "meta": {
        "success": false,
        "statusCode": 404,
        "request": {
            "ip": "::1",
            "method": "GET",
            "url": "/api/v1/recruitment"
        },
        "message": "Route is not found",
        "data": null,
        "trace": {
            "error": "Error: Route is not found\n    at exports.default (E:\\Coderatory\\HRM\\base_server\\src\\handlers\\notFound.ts:7:15)\n    at Layer.handle [as handle_request] (E:\\Coderatory\\HRM\\base_server\\node_modules\\express\\lib\\router\\layer.js:95:5)\n    at trim_prefix (E:\\Coderatory\\HRM\\base_server\\node_modules\\express\\lib\\router\\index.js:328:13)\n    at E:\\Coderatory\\HRM\\base_server\\node_modules\\express\\lib\\router\\index.js:286:9\n    at Function.process_params (E:\\Coderatory\\HRM\\base_server\\node_modules\\express\\lib\\router\\index.js:346:12)\n    at next (E:\\Coderatory\\HRM\\base_server\\node_modules\\express\\lib\\router\\index.js:280:10)\n    at SendStream.error (E:\\Coderatory\\HRM\\base_server\\node_modules\\serve-static\\index.js:121:7)\n    at SendStream.emit (node:events:519:28)\n    at SendStream.emit (node:domain:488:12)\n    at SendStream.error (E:\\Coderatory\\HRM\\base_server\\node_modules\\send\\index.js:270:17)"
        }
    }
}
{
    "level": "ERROR",
    "timestamp": "2024-11-03T20:36:14.399Z",
    "message": "Controller Response",
    "meta": {
        "success": false,
        "statusCode": 404,
        "request": {
            "ip": "::1",
            "method": "GET",
            "url": "/api/v1/addCandidates/recruitment"
        },
        "message": "Route is not found",
        "data": null,
        "trace": {
            "error": "Error: Route is not found\n    at exports.default (E:\\Coderatory\\HRM\\base_server\\src\\handlers\\notFound.ts:7:15)\n    at Layer.handle [as handle_request] (E:\\Coderatory\\HRM\\base_server\\node_modules\\express\\lib\\router\\layer.js:95:5)\n    at trim_prefix (E:\\Coderatory\\HRM\\base_server\\node_modules\\express\\lib\\router\\index.js:328:13)\n    at E:\\Coderatory\\HRM\\base_server\\node_modules\\express\\lib\\router\\index.js:286:9\n    at Function.process_params (E:\\Coderatory\\HRM\\base_server\\node_modules\\express\\lib\\router\\index.js:346:12)\n    at next (E:\\Coderatory\\HRM\\base_server\\node_modules\\express\\lib\\router\\index.js:280:10)\n    at SendStream.error (E:\\Coderatory\\HRM\\base_server\\node_modules\\serve-static\\index.js:121:7)\n    at SendStream.emit (node:events:519:28)\n    at SendStream.emit (node:domain:488:12)\n    at SendStream.error (E:\\Coderatory\\HRM\\base_server\\node_modules\\send\\index.js:270:17)"
        }
    }
}
{
    "level": "ERROR",
    "timestamp": "2024-11-03T20:36:16.339Z",
    "message": "Controller Response",
    "meta": {
        "success": false,
        "statusCode": 404,
        "request": {
            "ip": "::1",
            "method": "GET",
            "url": "/api/v1/addCandidates/recruitment"
        },
        "message": "Route is not found",
        "data": null,
        "trace": {
            "error": "Error: Route is not found\n    at exports.default (E:\\Coderatory\\HRM\\base_server\\src\\handlers\\notFound.ts:7:15)\n    at Layer.handle [as handle_request] (E:\\Coderatory\\HRM\\base_server\\node_modules\\express\\lib\\router\\layer.js:95:5)\n    at trim_prefix (E:\\Coderatory\\HRM\\base_server\\node_modules\\express\\lib\\router\\index.js:328:13)\n    at E:\\Coderatory\\HRM\\base_server\\node_modules\\express\\lib\\router\\index.js:286:9\n    at Function.process_params (E:\\Coderatory\\HRM\\base_server\\node_modules\\express\\lib\\router\\index.js:346:12)\n    at next (E:\\Coderatory\\HRM\\base_server\\node_modules\\express\\lib\\router\\index.js:280:10)\n    at SendStream.error (E:\\Coderatory\\HRM\\base_server\\node_modules\\serve-static\\index.js:121:7)\n    at SendStream.emit (node:events:519:28)\n    at SendStream.emit (node:domain:488:12)\n    at SendStream.error (E:\\Coderatory\\HRM\\base_server\\node_modules\\send\\index.js:270:17)"
        }
    }
}
{
    "level": "ERROR",
    "timestamp": "2024-11-03T20:39:03.067Z",
    "message": "Controller Response",
    "meta": {
        "success": false,
        "statusCode": 404,
        "request": {
            "ip": "::1",
            "method": "GET",
            "url": "/api/v1/recruitment"
        },
        "message": "Route is not found",
        "data": null,
        "trace": {
            "error": "Error: Route is not found\n    at exports.default (E:\\Coderatory\\HRM\\base_server\\src\\handlers\\notFound.ts:7:15)\n    at Layer.handle [as handle_request] (E:\\Coderatory\\HRM\\base_server\\node_modules\\express\\lib\\router\\layer.js:95:5)\n    at trim_prefix (E:\\Coderatory\\HRM\\base_server\\node_modules\\express\\lib\\router\\index.js:328:13)\n    at E:\\Coderatory\\HRM\\base_server\\node_modules\\express\\lib\\router\\index.js:286:9\n    at Function.process_params (E:\\Coderatory\\HRM\\base_server\\node_modules\\express\\lib\\router\\index.js:346:12)\n    at next (E:\\Coderatory\\HRM\\base_server\\node_modules\\express\\lib\\router\\index.js:280:10)\n    at SendStream.error (E:\\Coderatory\\HRM\\base_server\\node_modules\\serve-static\\index.js:121:7)\n    at SendStream.emit (node:events:519:28)\n    at SendStream.emit (node:domain:488:12)\n    at SendStream.error (E:\\Coderatory\\HRM\\base_server\\node_modules\\send\\index.js:270:17)"
        }
    }
}
{
    "level": "ERROR",
    "timestamp": "2024-11-03T20:41:08.871Z",
    "message": "Controller Response",
    "meta": {
        "success": false,
        "statusCode": 404,
        "request": {
            "ip": "::1",
            "method": "GET",
            "url": "/api/v1/recruitment%0A"
        },
        "message": "Route is not found",
        "data": null,
        "trace": {
            "error": "Error: Route is not found\n    at exports.default (E:\\Coderatory\\HRM\\base_server\\src\\handlers\\notFound.ts:7:15)\n    at Layer.handle [as handle_request] (E:\\Coderatory\\HRM\\base_server\\node_modules\\express\\lib\\router\\layer.js:95:5)\n    at trim_prefix (E:\\Coderatory\\HRM\\base_server\\node_modules\\express\\lib\\router\\index.js:328:13)\n    at E:\\Coderatory\\HRM\\base_server\\node_modules\\express\\lib\\router\\index.js:286:9\n    at Function.process_params (E:\\Coderatory\\HRM\\base_server\\node_modules\\express\\lib\\router\\index.js:346:12)\n    at next (E:\\Coderatory\\HRM\\base_server\\node_modules\\express\\lib\\router\\index.js:280:10)\n    at SendStream.error (E:\\Coderatory\\HRM\\base_server\\node_modules\\serve-static\\index.js:121:7)\n    at SendStream.emit (node:events:519:28)\n    at SendStream.emit (node:domain:488:12)\n    at SendStream.error (E:\\Coderatory\\HRM\\base_server\\node_modules\\send\\index.js:270:17)"
        }
    }
}
{
    "level": "ERROR",
    "timestamp": "2024-11-03T20:46:40.204Z",
    "message": "Controller Response",
    "meta": {
        "success": false,
        "statusCode": 404,
        "request": {
            "ip": "::1",
            "method": "GET",
            "url": "/api/v1/recruitment%0A"
        },
        "message": "Route is not found",
        "data": null,
        "trace": {
            "error": "Error: Route is not found\n    at exports.default (E:\\Coderatory\\HRM\\base_server\\src\\handlers\\notFound.ts:7:15)\n    at Layer.handle [as handle_request] (E:\\Coderatory\\HRM\\base_server\\node_modules\\express\\lib\\router\\layer.js:95:5)\n    at trim_prefix (E:\\Coderatory\\HRM\\base_server\\node_modules\\express\\lib\\router\\index.js:328:13)\n    at E:\\Coderatory\\HRM\\base_server\\node_modules\\express\\lib\\router\\index.js:286:9\n    at Function.process_params (E:\\Coderatory\\HRM\\base_server\\node_modules\\express\\lib\\router\\index.js:346:12)\n    at next (E:\\Coderatory\\HRM\\base_server\\node_modules\\express\\lib\\router\\index.js:280:10)\n    at SendStream.error (E:\\Coderatory\\HRM\\base_server\\node_modules\\serve-static\\index.js:121:7)\n    at SendStream.emit (node:events:519:28)\n    at SendStream.emit (node:domain:488:12)\n    at SendStream.error (E:\\Coderatory\\HRM\\base_server\\node_modules\\send\\index.js:270:17)"
        }
    }
}
{
    "level": "ERROR",
    "timestamp": "2024-11-03T20:48:28.733Z",
    "message": "Controller Response",
    "meta": {
        "success": false,
        "statusCode": 404,
        "request": {
            "ip": "::1",
            "method": "GET",
            "url": "/api/v1/recruitment%0A"
        },
        "message": "Route is not found",
        "data": null,
        "trace": {
            "error": "Error: Route is not found\n    at exports.default (E:\\Coderatory\\HRM\\base_server\\src\\handlers\\notFound.ts:7:15)\n    at Layer.handle [as handle_request] (E:\\Coderatory\\HRM\\base_server\\node_modules\\express\\lib\\router\\layer.js:95:5)\n    at trim_prefix (E:\\Coderatory\\HRM\\base_server\\node_modules\\express\\lib\\router\\index.js:328:13)\n    at E:\\Coderatory\\HRM\\base_server\\node_modules\\express\\lib\\router\\index.js:286:9\n    at Function.process_params (E:\\Coderatory\\HRM\\base_server\\node_modules\\express\\lib\\router\\index.js:346:12)\n    at next (E:\\Coderatory\\HRM\\base_server\\node_modules\\express\\lib\\router\\index.js:280:10)\n    at SendStream.error (E:\\Coderatory\\HRM\\base_server\\node_modules\\serve-static\\index.js:121:7)\n    at SendStream.emit (node:events:519:28)\n    at SendStream.emit (node:domain:488:12)\n    at SendStream.error (E:\\Coderatory\\HRM\\base_server\\node_modules\\send\\index.js:270:17)"
        }
    }
}
{
    "level": "ERROR",
    "timestamp": "2024-11-03T20:52:15.265Z",
    "message": "Controller Response",
    "meta": {
        "success": false,
        "statusCode": 404,
        "request": {
            "ip": "::1",
            "method": "GET",
            "url": "/api/v1/recruitment%0A"
        },
        "message": "Route is not found",
        "data": null,
        "trace": {
            "error": "Error: Route is not found\n    at exports.default (E:\\Coderatory\\HRM\\base_server\\src\\handlers\\notFound.ts:7:15)\n    at Layer.handle [as handle_request] (E:\\Coderatory\\HRM\\base_server\\node_modules\\express\\lib\\router\\layer.js:95:5)\n    at trim_prefix (E:\\Coderatory\\HRM\\base_server\\node_modules\\express\\lib\\router\\index.js:328:13)\n    at E:\\Coderatory\\HRM\\base_server\\node_modules\\express\\lib\\router\\index.js:286:9\n    at Function.process_params (E:\\Coderatory\\HRM\\base_server\\node_modules\\express\\lib\\router\\index.js:346:12)\n    at next (E:\\Coderatory\\HRM\\base_server\\node_modules\\express\\lib\\router\\index.js:280:10)\n    at SendStream.error (E:\\Coderatory\\HRM\\base_server\\node_modules\\serve-static\\index.js:121:7)\n    at SendStream.emit (node:events:519:28)\n    at SendStream.emit (node:domain:488:12)\n    at SendStream.error (E:\\Coderatory\\HRM\\base_server\\node_modules\\send\\index.js:270:17)"
        }
    }
}
{
    "level": "INFO",
    "timestamp": "2024-11-04T06:25:38.768Z",
    "message": "Database connection established",
    "meta": {
        "CONNECTION_NAME": "test"
    }
}
{
    "level": "INFO",
    "timestamp": "2024-11-04T06:25:38.777Z",
    "message": "Rate limiter initiated",
    "meta": {}
}
{
    "level": "INFO",
    "timestamp": "2024-11-04T06:25:38.779Z",
    "message": "Application started on port 3000",
    "meta": {
        "SERVER_URL": "http://localhost:3000"
    }
}
{
    "level": "ERROR",
    "timestamp": "2024-11-04T06:33:33.952Z",
    "message": "Controller Response",
    "meta": {
        "success": false,
        "statusCode": 404,
        "request": {
            "ip": "::1",
            "method": "GET",
            "url": "/api/v1/employee%0A"
        },
        "message": "Route is not found",
        "data": null,
        "trace": {
            "error": "Error: Route is not found\n    at exports.default (E:\\Coderatory\\HRM\\base_server\\src\\handlers\\notFound.ts:7:15)\n    at Layer.handle [as handle_request] (E:\\Coderatory\\HRM\\base_server\\node_modules\\express\\lib\\router\\layer.js:95:5)\n    at trim_prefix (E:\\Coderatory\\HRM\\base_server\\node_modules\\express\\lib\\router\\index.js:328:13)\n    at E:\\Coderatory\\HRM\\base_server\\node_modules\\express\\lib\\router\\index.js:286:9\n    at Function.process_params (E:\\Coderatory\\HRM\\base_server\\node_modules\\express\\lib\\router\\index.js:346:12)\n    at next (E:\\Coderatory\\HRM\\base_server\\node_modules\\express\\lib\\router\\index.js:280:10)\n    at SendStream.error (E:\\Coderatory\\HRM\\base_server\\node_modules\\serve-static\\index.js:121:7)\n    at SendStream.emit (node:events:519:28)\n    at SendStream.emit (node:domain:488:12)\n    at SendStream.error (E:\\Coderatory\\HRM\\base_server\\node_modules\\send\\index.js:270:17)"
        }
    }
}
{
    "level": "ERROR",
    "timestamp": "2024-11-04T06:36:14.381Z",
    "message": "Controller Response",
    "meta": {
        "success": false,
        "statusCode": 404,
        "request": {
            "ip": "::1",
            "method": "GET",
            "url": "/api/v1/employee/employees%0A"
        },
        "message": "Route is not found",
        "data": null,
        "trace": {
            "error": "Error: Route is not found\n    at exports.default (E:\\Coderatory\\HRM\\base_server\\src\\handlers\\notFound.ts:7:15)\n    at Layer.handle [as handle_request] (E:\\Coderatory\\HRM\\base_server\\node_modules\\express\\lib\\router\\layer.js:95:5)\n    at trim_prefix (E:\\Coderatory\\HRM\\base_server\\node_modules\\express\\lib\\router\\index.js:328:13)\n    at E:\\Coderatory\\HRM\\base_server\\node_modules\\express\\lib\\router\\index.js:286:9\n    at Function.process_params (E:\\Coderatory\\HRM\\base_server\\node_modules\\express\\lib\\router\\index.js:346:12)\n    at next (E:\\Coderatory\\HRM\\base_server\\node_modules\\express\\lib\\router\\index.js:280:10)\n    at SendStream.error (E:\\Coderatory\\HRM\\base_server\\node_modules\\serve-static\\index.js:121:7)\n    at SendStream.emit (node:events:519:28)\n    at SendStream.emit (node:domain:488:12)\n    at SendStream.error (E:\\Coderatory\\HRM\\base_server\\node_modules\\send\\index.js:270:17)"
        }
    }
}
{
    "level": "ERROR",
    "timestamp": "2024-11-04T06:36:26.823Z",
    "message": "Controller Response",
    "meta": {
        "success": false,
        "statusCode": 404,
        "request": {
            "ip": "::1",
            "method": "POST",
            "url": "/api/v1/employee/employees%0A"
        },
        "message": "Route is not found",
        "data": null,
        "trace": {
            "error": "Error: Route is not found\n    at exports.default (E:\\Coderatory\\HRM\\base_server\\src\\handlers\\notFound.ts:7:15)\n    at Layer.handle [as handle_request] (E:\\Coderatory\\HRM\\base_server\\node_modules\\express\\lib\\router\\layer.js:95:5)\n    at trim_prefix (E:\\Coderatory\\HRM\\base_server\\node_modules\\express\\lib\\router\\index.js:328:13)\n    at E:\\Coderatory\\HRM\\base_server\\node_modules\\express\\lib\\router\\index.js:286:9\n    at Function.process_params (E:\\Coderatory\\HRM\\base_server\\node_modules\\express\\lib\\router\\index.js:346:12)\n    at next (E:\\Coderatory\\HRM\\base_server\\node_modules\\express\\lib\\router\\index.js:280:10)\n    at serveStatic (E:\\Coderatory\\HRM\\base_server\\node_modules\\serve-static\\index.js:75:16)\n    at Layer.handle [as handle_request] (E:\\Coderatory\\HRM\\base_server\\node_modules\\express\\lib\\router\\layer.js:95:5)\n    at trim_prefix (E:\\Coderatory\\HRM\\base_server\\node_modules\\express\\lib\\router\\index.js:328:13)\n    at E:\\Coderatory\\HRM\\base_server\\node_modules\\express\\lib\\router\\index.js:286:9"
        }
    }
}
{
    "level": "ERROR",
    "timestamp": "2024-11-04T06:38:09.445Z",
    "message": "Controller Response",
    "meta": {
        "success": false,
        "statusCode": 404,
        "request": {
            "ip": "::1",
            "method": "POST",
            "url": "/v1/employee/employees%0A"
        },
        "message": "Route is not found",
        "data": null,
        "trace": {
            "error": "Error: Route is not found\n    at exports.default (E:\\Coderatory\\HRM\\base_server\\src\\handlers\\notFound.ts:7:15)\n    at Layer.handle [as handle_request] (E:\\Coderatory\\HRM\\base_server\\node_modules\\express\\lib\\router\\layer.js:95:5)\n    at trim_prefix (E:\\Coderatory\\HRM\\base_server\\node_modules\\express\\lib\\router\\index.js:328:13)\n    at E:\\Coderatory\\HRM\\base_server\\node_modules\\express\\lib\\router\\index.js:286:9\n    at Function.process_params (E:\\Coderatory\\HRM\\base_server\\node_modules\\express\\lib\\router\\index.js:346:12)\n    at next (E:\\Coderatory\\HRM\\base_server\\node_modules\\express\\lib\\router\\index.js:280:10)\n    at E:\\Coderatory\\HRM\\base_server\\node_modules\\express\\lib\\router\\index.js:646:15\n    at next (E:\\Coderatory\\HRM\\base_server\\node_modules\\express\\lib\\router\\index.js:265:14)\n    at Function.handle (E:\\Coderatory\\HRM\\base_server\\node_modules\\express\\lib\\router\\index.js:175:3)\n    at router (E:\\Coderatory\\HRM\\base_server\\node_modules\\express\\lib\\router\\index.js:47:12)"
        }
    }
}
{
    "level": "ERROR",
    "timestamp": "2024-11-04T06:38:19.493Z",
    "message": "Controller Response",
    "meta": {
        "success": false,
        "statusCode": 404,
        "request": {
            "ip": "::1",
            "method": "GET",
            "url": "/v1/employee/employees%0A"
        },
        "message": "Route is not found",
        "data": null,
        "trace": {
            "error": "Error: Route is not found\n    at exports.default (E:\\Coderatory\\HRM\\base_server\\src\\handlers\\notFound.ts:7:15)\n    at Layer.handle [as handle_request] (E:\\Coderatory\\HRM\\base_server\\node_modules\\express\\lib\\router\\layer.js:95:5)\n    at trim_prefix (E:\\Coderatory\\HRM\\base_server\\node_modules\\express\\lib\\router\\index.js:328:13)\n    at E:\\Coderatory\\HRM\\base_server\\node_modules\\express\\lib\\router\\index.js:286:9\n    at Function.process_params (E:\\Coderatory\\HRM\\base_server\\node_modules\\express\\lib\\router\\index.js:346:12)\n    at next (E:\\Coderatory\\HRM\\base_server\\node_modules\\express\\lib\\router\\index.js:280:10)\n    at E:\\Coderatory\\HRM\\base_server\\node_modules\\express\\lib\\router\\index.js:646:15\n    at next (E:\\Coderatory\\HRM\\base_server\\node_modules\\express\\lib\\router\\index.js:265:14)\n    at Function.handle (E:\\Coderatory\\HRM\\base_server\\node_modules\\express\\lib\\router\\index.js:175:3)\n    at router (E:\\Coderatory\\HRM\\base_server\\node_modules\\express\\lib\\router\\index.js:47:12)"
        }
    }
}
{
    "level": "ERROR",
    "timestamp": "2024-11-04T06:40:04.070Z",
    "message": "Controller Response",
    "meta": {
        "success": false,
        "statusCode": 404,
        "request": {
            "ip": "::1",
            "method": "GET",
            "url": "/v1/goal/goals%0A"
        },
        "message": "Route is not found",
        "data": null,
        "trace": {
            "error": "Error: Route is not found\n    at exports.default (E:\\Coderatory\\HRM\\base_server\\src\\handlers\\notFound.ts:7:15)\n    at Layer.handle [as handle_request] (E:\\Coderatory\\HRM\\base_server\\node_modules\\express\\lib\\router\\layer.js:95:5)\n    at trim_prefix (E:\\Coderatory\\HRM\\base_server\\node_modules\\express\\lib\\router\\index.js:328:13)\n    at E:\\Coderatory\\HRM\\base_server\\node_modules\\express\\lib\\router\\index.js:286:9\n    at Function.process_params (E:\\Coderatory\\HRM\\base_server\\node_modules\\express\\lib\\router\\index.js:346:12)\n    at next (E:\\Coderatory\\HRM\\base_server\\node_modules\\express\\lib\\router\\index.js:280:10)\n    at E:\\Coderatory\\HRM\\base_server\\node_modules\\express\\lib\\router\\index.js:646:15\n    at next (E:\\Coderatory\\HRM\\base_server\\node_modules\\express\\lib\\router\\index.js:265:14)\n    at Function.handle (E:\\Coderatory\\HRM\\base_server\\node_modules\\express\\lib\\router\\index.js:175:3)\n    at router (E:\\Coderatory\\HRM\\base_server\\node_modules\\express\\lib\\router\\index.js:47:12)"
        }
    }
}
{
    "level": "ERROR",
    "timestamp": "2024-11-04T06:48:56.290Z",
    "message": "Controller Response",
    "meta": {
        "success": false,
        "statusCode": 404,
        "request": {
            "ip": "::1",
            "method": "POST",
            "url": "/v1/goal/goals%0A"
        },
        "message": "Route is not found",
        "data": null,
        "trace": {
            "error": "Error: Route is not found\n    at exports.default (E:\\Coderatory\\HRM\\base_server\\src\\handlers\\notFound.ts:7:15)\n    at Layer.handle [as handle_request] (E:\\Coderatory\\HRM\\base_server\\node_modules\\express\\lib\\router\\layer.js:95:5)\n    at trim_prefix (E:\\Coderatory\\HRM\\base_server\\node_modules\\express\\lib\\router\\index.js:328:13)\n    at E:\\Coderatory\\HRM\\base_server\\node_modules\\express\\lib\\router\\index.js:286:9\n    at Function.process_params (E:\\Coderatory\\HRM\\base_server\\node_modules\\express\\lib\\router\\index.js:346:12)\n    at next (E:\\Coderatory\\HRM\\base_server\\node_modules\\express\\lib\\router\\index.js:280:10)\n    at E:\\Coderatory\\HRM\\base_server\\node_modules\\express\\lib\\router\\index.js:646:15\n    at next (E:\\Coderatory\\HRM\\base_server\\node_modules\\express\\lib\\router\\index.js:265:14)\n    at Function.handle (E:\\Coderatory\\HRM\\base_server\\node_modules\\express\\lib\\router\\index.js:175:3)\n    at router (E:\\Coderatory\\HRM\\base_server\\node_modules\\express\\lib\\router\\index.js:47:12)"
        }
    }
}
{
    "level": "ERROR",
    "timestamp": "2024-11-04T06:48:58.161Z",
    "message": "Controller Response",
    "meta": {
        "success": false,
        "statusCode": 404,
        "request": {
            "ip": "::1",
            "method": "POST",
            "url": "/v1/goal/goals%0A"
        },
        "message": "Route is not found",
        "data": null,
        "trace": {
            "error": "Error: Route is not found\n    at exports.default (E:\\Coderatory\\HRM\\base_server\\src\\handlers\\notFound.ts:7:15)\n    at Layer.handle [as handle_request] (E:\\Coderatory\\HRM\\base_server\\node_modules\\express\\lib\\router\\layer.js:95:5)\n    at trim_prefix (E:\\Coderatory\\HRM\\base_server\\node_modules\\express\\lib\\router\\index.js:328:13)\n    at E:\\Coderatory\\HRM\\base_server\\node_modules\\express\\lib\\router\\index.js:286:9\n    at Function.process_params (E:\\Coderatory\\HRM\\base_server\\node_modules\\express\\lib\\router\\index.js:346:12)\n    at next (E:\\Coderatory\\HRM\\base_server\\node_modules\\express\\lib\\router\\index.js:280:10)\n    at E:\\Coderatory\\HRM\\base_server\\node_modules\\express\\lib\\router\\index.js:646:15\n    at next (E:\\Coderatory\\HRM\\base_server\\node_modules\\express\\lib\\router\\index.js:265:14)\n    at Function.handle (E:\\Coderatory\\HRM\\base_server\\node_modules\\express\\lib\\router\\index.js:175:3)\n    at router (E:\\Coderatory\\HRM\\base_server\\node_modules\\express\\lib\\router\\index.js:47:12)"
        }
    }
}
{
    "level": "ERROR",
    "timestamp": "2024-11-04T06:59:48.873Z",
    "message": "Controller Response",
    "meta": {
        "success": false,
        "statusCode": 404,
        "request": {
            "ip": "::1",
            "method": "POST",
            "url": "/v1/goal/goals%0A"
        },
        "message": "Route is not found",
        "data": null,
        "trace": {
            "error": "Error: Route is not found\n    at exports.default (E:\\Coderatory\\HRM\\base_server\\src\\handlers\\notFound.ts:7:15)\n    at Layer.handle [as handle_request] (E:\\Coderatory\\HRM\\base_server\\node_modules\\express\\lib\\router\\layer.js:95:5)\n    at trim_prefix (E:\\Coderatory\\HRM\\base_server\\node_modules\\express\\lib\\router\\index.js:328:13)\n    at E:\\Coderatory\\HRM\\base_server\\node_modules\\express\\lib\\router\\index.js:286:9\n    at Function.process_params (E:\\Coderatory\\HRM\\base_server\\node_modules\\express\\lib\\router\\index.js:346:12)\n    at next (E:\\Coderatory\\HRM\\base_server\\node_modules\\express\\lib\\router\\index.js:280:10)\n    at E:\\Coderatory\\HRM\\base_server\\node_modules\\express\\lib\\router\\index.js:646:15\n    at next (E:\\Coderatory\\HRM\\base_server\\node_modules\\express\\lib\\router\\index.js:265:14)\n    at Function.handle (E:\\Coderatory\\HRM\\base_server\\node_modules\\express\\lib\\router\\index.js:175:3)\n    at router (E:\\Coderatory\\HRM\\base_server\\node_modules\\express\\lib\\router\\index.js:47:12)"
        }
    }
}
{
    "level": "INFO",
    "timestamp": "2024-11-04T07:04:55.059Z",
    "message": "Database connection established",
    "meta": {
        "CONNECTION_NAME": "test"
    }
}
{
    "level": "INFO",
    "timestamp": "2024-11-04T07:04:55.068Z",
    "message": "Rate limiter initiated",
    "meta": {}
}
{
    "level": "INFO",
    "timestamp": "2024-11-04T07:04:55.070Z",
    "message": "Application started on port 3000",
    "meta": {
        "SERVER_URL": "http://localhost:3000"
    }
}
{
    "level": "INFO",
    "timestamp": "2024-11-04T07:10:18.809Z",
    "message": "Database connection established",
    "meta": {
        "CONNECTION_NAME": "test"
    }
}
{
    "level": "INFO",
    "timestamp": "2024-11-04T07:10:18.818Z",
    "message": "Rate limiter initiated",
    "meta": {}
}
{
    "level": "INFO",
    "timestamp": "2024-11-04T07:10:18.820Z",
    "message": "Application started on port 3000",
    "meta": {
        "SERVER_URL": "http://localhost:3000"
    }
}
{
    "level": "ERROR",
    "timestamp": "2024-11-04T07:10:39.651Z",
    "message": "Controller Response",
    "meta": {
        "success": false,
        "statusCode": 404,
        "request": {
            "ip": "::1",
            "method": "POST",
            "url": "/reminders"
        },
        "message": "Route is not found",
        "data": null,
        "trace": {
            "error": "Error: Route is not found\n    at exports.default (E:\\Coderatory\\HRM\\base_server\\src\\handlers\\notFound.ts:7:15)\n    at Layer.handle [as handle_request] (E:\\Coderatory\\HRM\\base_server\\node_modules\\express\\lib\\router\\layer.js:95:5)\n    at trim_prefix (E:\\Coderatory\\HRM\\base_server\\node_modules\\express\\lib\\router\\index.js:328:13)\n    at E:\\Coderatory\\HRM\\base_server\\node_modules\\express\\lib\\router\\index.js:286:9\n    at Function.process_params (E:\\Coderatory\\HRM\\base_server\\node_modules\\express\\lib\\router\\index.js:346:12)\n    at next (E:\\Coderatory\\HRM\\base_server\\node_modules\\express\\lib\\router\\index.js:280:10)\n    at serveStatic (E:\\Coderatory\\HRM\\base_server\\node_modules\\serve-static\\index.js:75:16)\n    at Layer.handle [as handle_request] (E:\\Coderatory\\HRM\\base_server\\node_modules\\express\\lib\\router\\layer.js:95:5)\n    at trim_prefix (E:\\Coderatory\\HRM\\base_server\\node_modules\\express\\lib\\router\\index.js:328:13)\n    at E:\\Coderatory\\HRM\\base_server\\node_modules\\express\\lib\\router\\index.js:286:9"
        }
    }
}
{
    "level": "ERROR",
    "timestamp": "2024-11-04T07:10:55.210Z",
    "message": "Controller Response",
    "meta": {
        "success": false,
        "statusCode": 404,
        "request": {
            "ip": "::1",
            "method": "POST",
            "url": "/v1/goal/goals%0A"
        },
        "message": "Route is not found",
        "data": null,
        "trace": {
            "error": "Error: Route is not found\n    at exports.default (E:\\Coderatory\\HRM\\base_server\\src\\handlers\\notFound.ts:7:15)\n    at Layer.handle [as handle_request] (E:\\Coderatory\\HRM\\base_server\\node_modules\\express\\lib\\router\\layer.js:95:5)\n    at trim_prefix (E:\\Coderatory\\HRM\\base_server\\node_modules\\express\\lib\\router\\index.js:328:13)\n    at E:\\Coderatory\\HRM\\base_server\\node_modules\\express\\lib\\router\\index.js:286:9\n    at Function.process_params (E:\\Coderatory\\HRM\\base_server\\node_modules\\express\\lib\\router\\index.js:346:12)\n    at next (E:\\Coderatory\\HRM\\base_server\\node_modules\\express\\lib\\router\\index.js:280:10)\n    at E:\\Coderatory\\HRM\\base_server\\node_modules\\express\\lib\\router\\index.js:646:15\n    at next (E:\\Coderatory\\HRM\\base_server\\node_modules\\express\\lib\\router\\index.js:265:14)\n    at Function.handle (E:\\Coderatory\\HRM\\base_server\\node_modules\\express\\lib\\router\\index.js:175:3)\n    at router (E:\\Coderatory\\HRM\\base_server\\node_modules\\express\\lib\\router\\index.js:47:12)"
        }
    }
}
{
    "level": "ERROR",
    "timestamp": "2024-11-04T07:10:57.099Z",
    "message": "Controller Response",
    "meta": {
        "success": false,
        "statusCode": 404,
        "request": {
            "ip": "::1",
            "method": "POST",
            "url": "/v1/goal/goals%0A"
        },
        "message": "Route is not found",
        "data": null,
        "trace": {
            "error": "Error: Route is not found\n    at exports.default (E:\\Coderatory\\HRM\\base_server\\src\\handlers\\notFound.ts:7:15)\n    at Layer.handle [as handle_request] (E:\\Coderatory\\HRM\\base_server\\node_modules\\express\\lib\\router\\layer.js:95:5)\n    at trim_prefix (E:\\Coderatory\\HRM\\base_server\\node_modules\\express\\lib\\router\\index.js:328:13)\n    at E:\\Coderatory\\HRM\\base_server\\node_modules\\express\\lib\\router\\index.js:286:9\n    at Function.process_params (E:\\Coderatory\\HRM\\base_server\\node_modules\\express\\lib\\router\\index.js:346:12)\n    at next (E:\\Coderatory\\HRM\\base_server\\node_modules\\express\\lib\\router\\index.js:280:10)\n    at E:\\Coderatory\\HRM\\base_server\\node_modules\\express\\lib\\router\\index.js:646:15\n    at next (E:\\Coderatory\\HRM\\base_server\\node_modules\\express\\lib\\router\\index.js:265:14)\n    at Function.handle (E:\\Coderatory\\HRM\\base_server\\node_modules\\express\\lib\\router\\index.js:175:3)\n    at router (E:\\Coderatory\\HRM\\base_server\\node_modules\\express\\lib\\router\\index.js:47:12)"
        }
    }
}
{
    "level": "ERROR",
    "timestamp": "2024-11-04T07:11:03.185Z",
    "message": "Controller Response",
    "meta": {
        "success": false,
        "statusCode": 404,
        "request": {
            "ip": "::1",
            "method": "GET",
            "url": "/v1/goal/goals%0A"
        },
        "message": "Route is not found",
        "data": null,
        "trace": {
            "error": "Error: Route is not found\n    at exports.default (E:\\Coderatory\\HRM\\base_server\\src\\handlers\\notFound.ts:7:15)\n    at Layer.handle [as handle_request] (E:\\Coderatory\\HRM\\base_server\\node_modules\\express\\lib\\router\\layer.js:95:5)\n    at trim_prefix (E:\\Coderatory\\HRM\\base_server\\node_modules\\express\\lib\\router\\index.js:328:13)\n    at E:\\Coderatory\\HRM\\base_server\\node_modules\\express\\lib\\router\\index.js:286:9\n    at Function.process_params (E:\\Coderatory\\HRM\\base_server\\node_modules\\express\\lib\\router\\index.js:346:12)\n    at next (E:\\Coderatory\\HRM\\base_server\\node_modules\\express\\lib\\router\\index.js:280:10)\n    at E:\\Coderatory\\HRM\\base_server\\node_modules\\express\\lib\\router\\index.js:646:15\n    at next (E:\\Coderatory\\HRM\\base_server\\node_modules\\express\\lib\\router\\index.js:265:14)\n    at Function.handle (E:\\Coderatory\\HRM\\base_server\\node_modules\\express\\lib\\router\\index.js:175:3)\n    at router (E:\\Coderatory\\HRM\\base_server\\node_modules\\express\\lib\\router\\index.js:47:12)"
        }
    }
}
{
    "level": "ERROR",
    "timestamp": "2024-11-04T07:11:04.982Z",
    "message": "Controller Response",
    "meta": {
        "success": false,
        "statusCode": 404,
        "request": {
            "ip": "::1",
            "method": "GET",
            "url": "/v1/goal/goals%0A"
        },
        "message": "Route is not found",
        "data": null,
        "trace": {
            "error": "Error: Route is not found\n    at exports.default (E:\\Coderatory\\HRM\\base_server\\src\\handlers\\notFound.ts:7:15)\n    at Layer.handle [as handle_request] (E:\\Coderatory\\HRM\\base_server\\node_modules\\express\\lib\\router\\layer.js:95:5)\n    at trim_prefix (E:\\Coderatory\\HRM\\base_server\\node_modules\\express\\lib\\router\\index.js:328:13)\n    at E:\\Coderatory\\HRM\\base_server\\node_modules\\express\\lib\\router\\index.js:286:9\n    at Function.process_params (E:\\Coderatory\\HRM\\base_server\\node_modules\\express\\lib\\router\\index.js:346:12)\n    at next (E:\\Coderatory\\HRM\\base_server\\node_modules\\express\\lib\\router\\index.js:280:10)\n    at E:\\Coderatory\\HRM\\base_server\\node_modules\\express\\lib\\router\\index.js:646:15\n    at next (E:\\Coderatory\\HRM\\base_server\\node_modules\\express\\lib\\router\\index.js:265:14)\n    at Function.handle (E:\\Coderatory\\HRM\\base_server\\node_modules\\express\\lib\\router\\index.js:175:3)\n    at router (E:\\Coderatory\\HRM\\base_server\\node_modules\\express\\lib\\router\\index.js:47:12)"
        }
    }
}
{
    "level": "ERROR",
    "timestamp": "2024-11-04T07:11:08.518Z",
    "message": "Controller Response",
    "meta": {
        "success": false,
        "statusCode": 404,
        "request": {
            "ip": "::1",
            "method": "GET",
            "url": "/v1/goal/goals%0A"
        },
        "message": "Route is not found",
        "data": null,
        "trace": {
            "error": "Error: Route is not found\n    at exports.default (E:\\Coderatory\\HRM\\base_server\\src\\handlers\\notFound.ts:7:15)\n    at Layer.handle [as handle_request] (E:\\Coderatory\\HRM\\base_server\\node_modules\\express\\lib\\router\\layer.js:95:5)\n    at trim_prefix (E:\\Coderatory\\HRM\\base_server\\node_modules\\express\\lib\\router\\index.js:328:13)\n    at E:\\Coderatory\\HRM\\base_server\\node_modules\\express\\lib\\router\\index.js:286:9\n    at Function.process_params (E:\\Coderatory\\HRM\\base_server\\node_modules\\express\\lib\\router\\index.js:346:12)\n    at next (E:\\Coderatory\\HRM\\base_server\\node_modules\\express\\lib\\router\\index.js:280:10)\n    at E:\\Coderatory\\HRM\\base_server\\node_modules\\express\\lib\\router\\index.js:646:15\n    at next (E:\\Coderatory\\HRM\\base_server\\node_modules\\express\\lib\\router\\index.js:265:14)\n    at Function.handle (E:\\Coderatory\\HRM\\base_server\\node_modules\\express\\lib\\router\\index.js:175:3)\n    at router (E:\\Coderatory\\HRM\\base_server\\node_modules\\express\\lib\\router\\index.js:47:12)"
        }
    }
}
{
    "level": "ERROR",
    "timestamp": "2024-11-04T07:19:27.122Z",
    "message": "Controller Response",
    "meta": {
        "success": false,
        "statusCode": 404,
        "request": {
            "ip": "::1",
            "method": "POST",
            "url": "/v1/goal/goals%0A"
        },
        "message": "Route is not found",
        "data": null,
        "trace": {
            "error": "Error: Route is not found\n    at exports.default (E:\\Coderatory\\HRM\\base_server\\src\\handlers\\notFound.ts:7:15)\n    at Layer.handle [as handle_request] (E:\\Coderatory\\HRM\\base_server\\node_modules\\express\\lib\\router\\layer.js:95:5)\n    at trim_prefix (E:\\Coderatory\\HRM\\base_server\\node_modules\\express\\lib\\router\\index.js:328:13)\n    at E:\\Coderatory\\HRM\\base_server\\node_modules\\express\\lib\\router\\index.js:286:9\n    at Function.process_params (E:\\Coderatory\\HRM\\base_server\\node_modules\\express\\lib\\router\\index.js:346:12)\n    at next (E:\\Coderatory\\HRM\\base_server\\node_modules\\express\\lib\\router\\index.js:280:10)\n    at E:\\Coderatory\\HRM\\base_server\\node_modules\\express\\lib\\router\\index.js:646:15\n    at next (E:\\Coderatory\\HRM\\base_server\\node_modules\\express\\lib\\router\\index.js:265:14)\n    at Function.handle (E:\\Coderatory\\HRM\\base_server\\node_modules\\express\\lib\\router\\index.js:175:3)\n    at router (E:\\Coderatory\\HRM\\base_server\\node_modules\\express\\lib\\router\\index.js:47:12)"
        }
    }
}
{
    "level": "ERROR",
    "timestamp": "2024-11-04T07:19:28.646Z",
    "message": "Controller Response",
    "meta": {
        "success": false,
        "statusCode": 404,
        "request": {
            "ip": "::1",
            "method": "POST",
            "url": "/v1/goal/goals%0A"
        },
        "message": "Route is not found",
        "data": null,
        "trace": {
            "error": "Error: Route is not found\n    at exports.default (E:\\Coderatory\\HRM\\base_server\\src\\handlers\\notFound.ts:7:15)\n    at Layer.handle [as handle_request] (E:\\Coderatory\\HRM\\base_server\\node_modules\\express\\lib\\router\\layer.js:95:5)\n    at trim_prefix (E:\\Coderatory\\HRM\\base_server\\node_modules\\express\\lib\\router\\index.js:328:13)\n    at E:\\Coderatory\\HRM\\base_server\\node_modules\\express\\lib\\router\\index.js:286:9\n    at Function.process_params (E:\\Coderatory\\HRM\\base_server\\node_modules\\express\\lib\\router\\index.js:346:12)\n    at next (E:\\Coderatory\\HRM\\base_server\\node_modules\\express\\lib\\router\\index.js:280:10)\n    at E:\\Coderatory\\HRM\\base_server\\node_modules\\express\\lib\\router\\index.js:646:15\n    at next (E:\\Coderatory\\HRM\\base_server\\node_modules\\express\\lib\\router\\index.js:265:14)\n    at Function.handle (E:\\Coderatory\\HRM\\base_server\\node_modules\\express\\lib\\router\\index.js:175:3)\n    at router (E:\\Coderatory\\HRM\\base_server\\node_modules\\express\\lib\\router\\index.js:47:12)"
        }
    }
}
{
    "level": "ERROR",
    "timestamp": "2024-11-04T07:38:25.966Z",
    "message": "Controller Response",
    "meta": {
        "success": false,
        "statusCode": 404,
        "request": {
            "ip": "::1",
            "method": "POST",
            "url": "/v1/goal/goals%0A"
        },
        "message": "Route is not found",
        "data": null,
        "trace": {
            "error": "Error: Route is not found\n    at exports.default (E:\\Coderatory\\HRM\\base_server\\src\\handlers\\notFound.ts:7:15)\n    at Layer.handle [as handle_request] (E:\\Coderatory\\HRM\\base_server\\node_modules\\express\\lib\\router\\layer.js:95:5)\n    at trim_prefix (E:\\Coderatory\\HRM\\base_server\\node_modules\\express\\lib\\router\\index.js:328:13)\n    at E:\\Coderatory\\HRM\\base_server\\node_modules\\express\\lib\\router\\index.js:286:9\n    at Function.process_params (E:\\Coderatory\\HRM\\base_server\\node_modules\\express\\lib\\router\\index.js:346:12)\n    at next (E:\\Coderatory\\HRM\\base_server\\node_modules\\express\\lib\\router\\index.js:280:10)\n    at E:\\Coderatory\\HRM\\base_server\\node_modules\\express\\lib\\router\\index.js:646:15\n    at next (E:\\Coderatory\\HRM\\base_server\\node_modules\\express\\lib\\router\\index.js:265:14)\n    at Function.handle (E:\\Coderatory\\HRM\\base_server\\node_modules\\express\\lib\\router\\index.js:175:3)\n    at router (E:\\Coderatory\\HRM\\base_server\\node_modules\\express\\lib\\router\\index.js:47:12)"
        }
    }
}
{
    "level": "ERROR",
    "timestamp": "2024-11-04T15:59:13.427Z",
    "message": "Error during bootstrap:",
    "meta": {
        "message": "Could not connect to any servers in your MongoDB Atlas cluster. One common reason is that you're trying to access the database from an IP that isn't whitelisted. Make sure your current IP address is on your Atlas cluster's IP whitelist: https://www.mongodb.com/docs/atlas/security-whitelist/",
        "reason": {
            "type": "ReplicaSetNoPrimary",
            "servers": {
                "hrm-shard-00-02.kzoqx.mongodb.net:27017": {
                    "address": "hrm-shard-00-02.kzoqx.mongodb.net:27017",
                    "type": "Unknown",
                    "hosts": [],
                    "passives": [],
                    "arbiters": [],
                    "tags": {},
                    "minWireVersion": 0,
                    "maxWireVersion": 0,
                    "roundTripTime": -1,
                    "minRoundTripTime": 0,
                    "lastUpdateTime": 5182694,
                    "lastWriteDate": 0,
                    "error": {},
                    "topologyVersion": null,
                    "setName": null,
                    "setVersion": null,
                    "electionId": null,
                    "logicalSessionTimeoutMinutes": null,
                    "primary": null,
                    "me": null,
                    "$clusterTime": null
                },
                "hrm-shard-00-00.kzoqx.mongodb.net:27017": {
                    "address": "hrm-shard-00-00.kzoqx.mongodb.net:27017",
                    "type": "Unknown",
                    "hosts": [],
                    "passives": [],
                    "arbiters": [],
                    "tags": {},
                    "minWireVersion": 0,
                    "maxWireVersion": 0,
                    "roundTripTime": -1,
                    "minRoundTripTime": 0,
                    "lastUpdateTime": 5182600,
                    "lastWriteDate": 0,
                    "error": {},
                    "topologyVersion": null,
                    "setName": null,
                    "setVersion": null,
                    "electionId": null,
                    "logicalSessionTimeoutMinutes": null,
                    "primary": null,
                    "me": null,
                    "$clusterTime": null
                },
                "hrm-shard-00-01.kzoqx.mongodb.net:27017": {
                    "address": "hrm-shard-00-01.kzoqx.mongodb.net:27017",
                    "type": "Unknown",
                    "hosts": [],
                    "passives": [],
                    "arbiters": [],
                    "tags": {},
                    "minWireVersion": 0,
                    "maxWireVersion": 0,
                    "roundTripTime": -1,
                    "minRoundTripTime": 0,
                    "lastUpdateTime": 5182648,
                    "lastWriteDate": 0,
                    "error": {},
                    "topologyVersion": null,
                    "setName": null,
                    "setVersion": null,
                    "electionId": null,
                    "logicalSessionTimeoutMinutes": null,
                    "primary": null,
                    "me": null,
                    "$clusterTime": null
                }
            },
            "stale": false,
            "compatible": true,
            "heartbeatFrequencyMS": 10000,
            "localThresholdMS": 15,
            "setName": "atlas-pd8o8a-shard-0",
            "maxElectionId": null,
            "maxSetVersion": null,
            "commonWireVersion": 0,
            "logicalSessionTimeoutMinutes": null
        }
    }
}
{
    "level": "INFO",
    "timestamp": "2024-11-04T16:21:02.513Z",
    "message": "Database connection established",
    "meta": {
        "CONNECTION_NAME": "test"
    }
}
{
    "level": "INFO",
    "timestamp": "2024-11-04T16:21:02.520Z",
    "message": "Rate limiter initiated",
    "meta": {}
}
{
    "level": "INFO",
    "timestamp": "2024-11-04T16:21:02.526Z",
    "message": "Application started on port 3000",
    "meta": {
        "SERVER_URL": "http://localhost:3000"
    }
}
{
    "level": "ERROR",
    "timestamp": "2024-11-04T16:41:58.585Z",
    "message": "Error during bootstrap:",
    "meta": {
        "message": "connection timed out",
        "reason": {
            "type": "ReplicaSetNoPrimary",
            "servers": {
                "hrm-shard-00-01.kzoqx.mongodb.net:27017": {
                    "address": "hrm-shard-00-01.kzoqx.mongodb.net:27017",
                    "type": "RSSecondary",
                    "hosts": [
                        "hrm-shard-00-00.kzoqx.mongodb.net:27017",
                        "hrm-shard-00-01.kzoqx.mongodb.net:27017",
                        "hrm-shard-00-02.kzoqx.mongodb.net:27017"
                    ],
                    "passives": [],
                    "arbiters": [],
                    "tags": {
                        "nodeType": "ELECTABLE",
                        "diskState": "READY",
                        "region": "AP_SOUTH_1",
                        "workloadType": "OPERATIONAL",
                        "availabilityZone": "aps1-az3",
                        "provider": "AWS"
                    },
                    "minWireVersion": 0,
                    "maxWireVersion": 21,
                    "roundTripTime": 50,
                    "minRoundTripTime": 0,
                    "lastUpdateTime": 7508043,
                    "lastWriteDate": {
                        "$date": "2024-11-04T16:37:58Z"
                    },
                    "error": null,
                    "topologyVersion": {
                        "processId": {
                            "$oid": "67287829c92d87f25044bb9b"
                        },
                        "counter": 3
                    },
                    "setName": "atlas-pd8o8a-shard-0",
                    "setVersion": 131,
                    "electionId": null,
                    "logicalSessionTimeoutMinutes": 30,
                    "primary": "hrm-shard-00-02.kzoqx.mongodb.net:27017",
                    "me": "hrm-shard-00-01.kzoqx.mongodb.net:27017",
                    "$clusterTime": {
                        "clusterTime": {
                            "$timestamp": {
                                "t": 1730738278,
                                "i": 13
                            }
                        },
                        "signature": {
                            "hash": {
                                "0": 172,
                                "1": 68,
                                "2": 136,
                                "3": 240,
                                "4": 15,
                                "5": 74,
                                "6": 123,
                                "7": 212,
                                "8": 6,
                                "9": 254,
                                "10": 167,
                                "11": 205,
                                "12": 143,
                                "13": 212,
                                "14": 4,
                                "15": 242,
                                "16": 202,
                                "17": 37,
                                "18": 92,
                                "19": 137
                            },
                            "keyId": 7380641383935115000
                        }
                    }
                },
                "hrm-shard-00-00.kzoqx.mongodb.net:27017": {
                    "address": "hrm-shard-00-00.kzoqx.mongodb.net:27017",
                    "type": "RSSecondary",
                    "hosts": [
                        "hrm-shard-00-00.kzoqx.mongodb.net:27017",
                        "hrm-shard-00-01.kzoqx.mongodb.net:27017",
                        "hrm-shard-00-02.kzoqx.mongodb.net:27017"
                    ],
                    "passives": [],
                    "arbiters": [],
                    "tags": {
                        "region": "AP_SOUTH_1",
                        "availabilityZone": "aps1-az1",
                        "diskState": "READY",
                        "nodeType": "ELECTABLE",
                        "workloadType": "OPERATIONAL",
                        "provider": "AWS"
                    },
                    "minWireVersion": 0,
                    "maxWireVersion": 21,
                    "roundTripTime": 48,
                    "minRoundTripTime": 0,
                    "lastUpdateTime": 7508119,
                    "lastWriteDate": {
                        "$date": "2024-11-04T16:37:58Z"
                    },
                    "error": null,
                    "topologyVersion": {
                        "processId": {
                            "$oid": "6728770a3598944bbb0277f3"
                        },
                        "counter": 4
                    },
                    "setName": "atlas-pd8o8a-shard-0",
                    "setVersion": 131,
                    "electionId": null,
                    "logicalSessionTimeoutMinutes": 30,
                    "primary": "hrm-shard-00-02.kzoqx.mongodb.net:27017",
                    "me": "hrm-shard-00-00.kzoqx.mongodb.net:27017",
                    "$clusterTime": {
                        "clusterTime": {
                            "$timestamp": {
                                "t": 1730738278,
                                "i": 14
                            }
                        },
                        "signature": {
                            "hash": {
                                "0": 172,
                                "1": 68,
                                "2": 136,
                                "3": 240,
                                "4": 15,
                                "5": 74,
                                "6": 123,
                                "7": 212,
                                "8": 6,
                                "9": 254,
                                "10": 167,
                                "11": 205,
                                "12": 143,
                                "13": 212,
                                "14": 4,
                                "15": 242,
                                "16": 202,
                                "17": 37,
                                "18": 92,
                                "19": 137
                            },
                            "keyId": 7380641383935115000
                        }
                    }
                },
                "hrm-shard-00-02.kzoqx.mongodb.net:27017": {
                    "address": "hrm-shard-00-02.kzoqx.mongodb.net:27017",
                    "type": "Unknown",
                    "hosts": [],
                    "passives": [],
                    "arbiters": [],
                    "tags": {},
                    "minWireVersion": 0,
                    "maxWireVersion": 0,
                    "roundTripTime": -1,
                    "minRoundTripTime": 0,
                    "lastUpdateTime": 7748533,
                    "lastWriteDate": 0,
                    "error": {},
                    "topologyVersion": null,
                    "setName": null,
                    "setVersion": null,
                    "electionId": null,
                    "logicalSessionTimeoutMinutes": null,
                    "primary": null,
                    "me": null,
                    "$clusterTime": null
                }
            },
            "stale": false,
            "compatible": true,
            "heartbeatFrequencyMS": 10000,
            "localThresholdMS": 15,
            "setName": "atlas-pd8o8a-shard-0",
            "maxElectionId": null,
            "maxSetVersion": null,
            "commonWireVersion": 0,
            "logicalSessionTimeoutMinutes": 30
        }
    }
}
{
    "level": "INFO",
    "timestamp": "2024-11-04T17:06:25.917Z",
    "message": "Database connection established",
    "meta": {
        "CONNECTION_NAME": "test"
    }
}
{
    "level": "INFO",
    "timestamp": "2024-11-04T17:06:25.936Z",
    "message": "Rate limiter initiated",
    "meta": {}
}
{
    "level": "INFO",
    "timestamp": "2024-11-04T17:06:25.938Z",
    "message": "Application started on port 3000",
    "meta": {
        "SERVER_URL": "http://localhost:3000"
    }
}
{
    "level": "ERROR",
    "timestamp": "2024-11-04T17:24:17.862Z",
    "message": "Controller Response",
    "meta": {
        "success": false,
        "statusCode": 404,
        "request": {
            "ip": "::1",
            "method": "POST",
            "url": "/v1/recruitment/getCandidates%0A"
        },
        "message": "Route is not found",
        "data": null,
        "trace": {
            "error": "Error: Route is not found\n    at exports.default (E:\\Coderatory\\HRM\\base_server\\src\\handlers\\notFound.ts:7:15)\n    at Layer.handle [as handle_request] (E:\\Coderatory\\HRM\\base_server\\node_modules\\express\\lib\\router\\layer.js:95:5)\n    at trim_prefix (E:\\Coderatory\\HRM\\base_server\\node_modules\\express\\lib\\router\\index.js:328:13)\n    at E:\\Coderatory\\HRM\\base_server\\node_modules\\express\\lib\\router\\index.js:286:9\n    at Function.process_params (E:\\Coderatory\\HRM\\base_server\\node_modules\\express\\lib\\router\\index.js:346:12)\n    at next (E:\\Coderatory\\HRM\\base_server\\node_modules\\express\\lib\\router\\index.js:280:10)\n    at E:\\Coderatory\\HRM\\base_server\\node_modules\\express\\lib\\router\\index.js:646:15\n    at next (E:\\Coderatory\\HRM\\base_server\\node_modules\\express\\lib\\router\\index.js:265:14)\n    at Function.handle (E:\\Coderatory\\HRM\\base_server\\node_modules\\express\\lib\\router\\index.js:175:3)\n    at router (E:\\Coderatory\\HRM\\base_server\\node_modules\\express\\lib\\router\\index.js:47:12)"
        }
    }
}
{
    "level": "ERROR",
    "timestamp": "2024-11-04T17:24:22.488Z",
    "message": "Controller Response",
    "meta": {
        "success": false,
        "statusCode": 404,
        "request": {
            "ip": "::1",
            "method": "GET",
            "url": "/v1/recruitment/getCandidates%0A"
        },
        "message": "Route is not found",
        "data": null,
        "trace": {
            "error": "Error: Route is not found\n    at exports.default (E:\\Coderatory\\HRM\\base_server\\src\\handlers\\notFound.ts:7:15)\n    at Layer.handle [as handle_request] (E:\\Coderatory\\HRM\\base_server\\node_modules\\express\\lib\\router\\layer.js:95:5)\n    at trim_prefix (E:\\Coderatory\\HRM\\base_server\\node_modules\\express\\lib\\router\\index.js:328:13)\n    at E:\\Coderatory\\HRM\\base_server\\node_modules\\express\\lib\\router\\index.js:286:9\n    at Function.process_params (E:\\Coderatory\\HRM\\base_server\\node_modules\\express\\lib\\router\\index.js:346:12)\n    at next (E:\\Coderatory\\HRM\\base_server\\node_modules\\express\\lib\\router\\index.js:280:10)\n    at E:\\Coderatory\\HRM\\base_server\\node_modules\\express\\lib\\router\\index.js:646:15\n    at next (E:\\Coderatory\\HRM\\base_server\\node_modules\\express\\lib\\router\\index.js:265:14)\n    at Function.handle (E:\\Coderatory\\HRM\\base_server\\node_modules\\express\\lib\\router\\index.js:175:3)\n    at router (E:\\Coderatory\\HRM\\base_server\\node_modules\\express\\lib\\router\\index.js:47:12)"
        }
    }
}
{
    "level": "ERROR",
    "timestamp": "2024-11-04T17:25:46.797Z",
    "message": "Controller Response",
    "meta": {
        "success": false,
        "statusCode": 404,
        "request": {
            "ip": "::1",
            "method": "GET",
            "url": "/v1/recruitment/getCandidates%0A"
        },
        "message": "Route is not found",
        "data": null,
        "trace": {
            "error": "Error: Route is not found\n    at exports.default (E:\\Coderatory\\HRM\\base_server\\src\\handlers\\notFound.ts:7:15)\n    at Layer.handle [as handle_request] (E:\\Coderatory\\HRM\\base_server\\node_modules\\express\\lib\\router\\layer.js:95:5)\n    at trim_prefix (E:\\Coderatory\\HRM\\base_server\\node_modules\\express\\lib\\router\\index.js:328:13)\n    at E:\\Coderatory\\HRM\\base_server\\node_modules\\express\\lib\\router\\index.js:286:9\n    at Function.process_params (E:\\Coderatory\\HRM\\base_server\\node_modules\\express\\lib\\router\\index.js:346:12)\n    at next (E:\\Coderatory\\HRM\\base_server\\node_modules\\express\\lib\\router\\index.js:280:10)\n    at E:\\Coderatory\\HRM\\base_server\\node_modules\\express\\lib\\router\\index.js:646:15\n    at next (E:\\Coderatory\\HRM\\base_server\\node_modules\\express\\lib\\router\\index.js:265:14)\n    at Function.handle (E:\\Coderatory\\HRM\\base_server\\node_modules\\express\\lib\\router\\index.js:175:3)\n    at router (E:\\Coderatory\\HRM\\base_server\\node_modules\\express\\lib\\router\\index.js:47:12)"
        }
    }
}
{
    "level": "ERROR",
    "timestamp": "2024-11-04T17:31:10.446Z",
    "message": "Controller Response",
    "meta": {
        "success": false,
        "statusCode": 404,
        "request": {
            "ip": "::1",
            "method": "GET",
            "url": "/v1/recruitment/getCandidates%0A"
        },
        "message": "Route is not found",
        "data": null,
        "trace": {
            "error": "Error: Route is not found\n    at exports.default (E:\\Coderatory\\HRM\\base_server\\src\\handlers\\notFound.ts:7:15)\n    at Layer.handle [as handle_request] (E:\\Coderatory\\HRM\\base_server\\node_modules\\express\\lib\\router\\layer.js:95:5)\n    at trim_prefix (E:\\Coderatory\\HRM\\base_server\\node_modules\\express\\lib\\router\\index.js:328:13)\n    at E:\\Coderatory\\HRM\\base_server\\node_modules\\express\\lib\\router\\index.js:286:9\n    at Function.process_params (E:\\Coderatory\\HRM\\base_server\\node_modules\\express\\lib\\router\\index.js:346:12)\n    at next (E:\\Coderatory\\HRM\\base_server\\node_modules\\express\\lib\\router\\index.js:280:10)\n    at E:\\Coderatory\\HRM\\base_server\\node_modules\\express\\lib\\router\\index.js:646:15\n    at next (E:\\Coderatory\\HRM\\base_server\\node_modules\\express\\lib\\router\\index.js:265:14)\n    at Function.handle (E:\\Coderatory\\HRM\\base_server\\node_modules\\express\\lib\\router\\index.js:175:3)\n    at router (E:\\Coderatory\\HRM\\base_server\\node_modules\\express\\lib\\router\\index.js:47:12)"
        }
    }
}
{
    "level": "ERROR",
    "timestamp": "2024-11-04T17:31:20.858Z",
    "message": "Controller Response",
    "meta": {
        "success": false,
        "statusCode": 404,
        "request": {
            "ip": "::1",
            "method": "GET",
            "url": "/v1/goal/goals%0A"
        },
        "message": "Route is not found",
        "data": null,
        "trace": {
            "error": "Error: Route is not found\n    at exports.default (E:\\Coderatory\\HRM\\base_server\\src\\handlers\\notFound.ts:7:15)\n    at Layer.handle [as handle_request] (E:\\Coderatory\\HRM\\base_server\\node_modules\\express\\lib\\router\\layer.js:95:5)\n    at trim_prefix (E:\\Coderatory\\HRM\\base_server\\node_modules\\express\\lib\\router\\index.js:328:13)\n    at E:\\Coderatory\\HRM\\base_server\\node_modules\\express\\lib\\router\\index.js:286:9\n    at Function.process_params (E:\\Coderatory\\HRM\\base_server\\node_modules\\express\\lib\\router\\index.js:346:12)\n    at next (E:\\Coderatory\\HRM\\base_server\\node_modules\\express\\lib\\router\\index.js:280:10)\n    at E:\\Coderatory\\HRM\\base_server\\node_modules\\express\\lib\\router\\index.js:646:15\n    at next (E:\\Coderatory\\HRM\\base_server\\node_modules\\express\\lib\\router\\index.js:265:14)\n    at Function.handle (E:\\Coderatory\\HRM\\base_server\\node_modules\\express\\lib\\router\\index.js:175:3)\n    at router (E:\\Coderatory\\HRM\\base_server\\node_modules\\express\\lib\\router\\index.js:47:12)"
        }
    }
}
{
    "level": "ERROR",
    "timestamp": "2024-11-04T17:31:25.200Z",
    "message": "Controller Response",
    "meta": {
        "success": false,
        "statusCode": 404,
        "request": {
            "ip": "::1",
            "method": "POST",
            "url": "/v1/goal/goals%0A"
        },
        "message": "Route is not found",
        "data": null,
        "trace": {
            "error": "Error: Route is not found\n    at exports.default (E:\\Coderatory\\HRM\\base_server\\src\\handlers\\notFound.ts:7:15)\n    at Layer.handle [as handle_request] (E:\\Coderatory\\HRM\\base_server\\node_modules\\express\\lib\\router\\layer.js:95:5)\n    at trim_prefix (E:\\Coderatory\\HRM\\base_server\\node_modules\\express\\lib\\router\\index.js:328:13)\n    at E:\\Coderatory\\HRM\\base_server\\node_modules\\express\\lib\\router\\index.js:286:9\n    at Function.process_params (E:\\Coderatory\\HRM\\base_server\\node_modules\\express\\lib\\router\\index.js:346:12)\n    at next (E:\\Coderatory\\HRM\\base_server\\node_modules\\express\\lib\\router\\index.js:280:10)\n    at E:\\Coderatory\\HRM\\base_server\\node_modules\\express\\lib\\router\\index.js:646:15\n    at next (E:\\Coderatory\\HRM\\base_server\\node_modules\\express\\lib\\router\\index.js:265:14)\n    at Function.handle (E:\\Coderatory\\HRM\\base_server\\node_modules\\express\\lib\\router\\index.js:175:3)\n    at router (E:\\Coderatory\\HRM\\base_server\\node_modules\\express\\lib\\router\\index.js:47:12)"
        }
    }
}
{
    "level": "ERROR",
    "timestamp": "2024-11-04T17:31:51.896Z",
    "message": "Controller Response",
    "meta": {
        "success": false,
        "statusCode": 404,
        "request": {
            "ip": "::1",
            "method": "POST",
            "url": "/v1/recruitment/getCandidates%0A"
        },
        "message": "Route is not found",
        "data": null,
        "trace": {
            "error": "Error: Route is not found\n    at exports.default (E:\\Coderatory\\HRM\\base_server\\src\\handlers\\notFound.ts:7:15)\n    at Layer.handle [as handle_request] (E:\\Coderatory\\HRM\\base_server\\node_modules\\express\\lib\\router\\layer.js:95:5)\n    at trim_prefix (E:\\Coderatory\\HRM\\base_server\\node_modules\\express\\lib\\router\\index.js:328:13)\n    at E:\\Coderatory\\HRM\\base_server\\node_modules\\express\\lib\\router\\index.js:286:9\n    at Function.process_params (E:\\Coderatory\\HRM\\base_server\\node_modules\\express\\lib\\router\\index.js:346:12)\n    at next (E:\\Coderatory\\HRM\\base_server\\node_modules\\express\\lib\\router\\index.js:280:10)\n    at E:\\Coderatory\\HRM\\base_server\\node_modules\\express\\lib\\router\\index.js:646:15\n    at next (E:\\Coderatory\\HRM\\base_server\\node_modules\\express\\lib\\router\\index.js:265:14)\n    at Function.handle (E:\\Coderatory\\HRM\\base_server\\node_modules\\express\\lib\\router\\index.js:175:3)\n    at router (E:\\Coderatory\\HRM\\base_server\\node_modules\\express\\lib\\router\\index.js:47:12)"
        }
    }
}
{
    "level": "ERROR",
    "timestamp": "2024-11-04T17:31:55.962Z",
    "message": "Controller Response",
    "meta": {
        "success": false,
        "statusCode": 404,
        "request": {
            "ip": "::1",
            "method": "GET",
            "url": "/v1/recruitment/getCandidates%0A"
        },
        "message": "Route is not found",
        "data": null,
        "trace": {
            "error": "Error: Route is not found\n    at exports.default (E:\\Coderatory\\HRM\\base_server\\src\\handlers\\notFound.ts:7:15)\n    at Layer.handle [as handle_request] (E:\\Coderatory\\HRM\\base_server\\node_modules\\express\\lib\\router\\layer.js:95:5)\n    at trim_prefix (E:\\Coderatory\\HRM\\base_server\\node_modules\\express\\lib\\router\\index.js:328:13)\n    at E:\\Coderatory\\HRM\\base_server\\node_modules\\express\\lib\\router\\index.js:286:9\n    at Function.process_params (E:\\Coderatory\\HRM\\base_server\\node_modules\\express\\lib\\router\\index.js:346:12)\n    at next (E:\\Coderatory\\HRM\\base_server\\node_modules\\express\\lib\\router\\index.js:280:10)\n    at E:\\Coderatory\\HRM\\base_server\\node_modules\\express\\lib\\router\\index.js:646:15\n    at next (E:\\Coderatory\\HRM\\base_server\\node_modules\\express\\lib\\router\\index.js:265:14)\n    at Function.handle (E:\\Coderatory\\HRM\\base_server\\node_modules\\express\\lib\\router\\index.js:175:3)\n    at router (E:\\Coderatory\\HRM\\base_server\\node_modules\\express\\lib\\router\\index.js:47:12)"
        }
    }
}
{
    "level": "ERROR",
    "timestamp": "2024-11-04T17:32:04.994Z",
    "message": "Controller Response",
    "meta": {
        "success": false,
        "statusCode": 404,
        "request": {
            "ip": "::1",
            "method": "GET",
            "url": "/v1/recruitment/getCandidates%0A"
        },
        "message": "Route is not found",
        "data": null,
        "trace": {
            "error": "Error: Route is not found\n    at exports.default (E:\\Coderatory\\HRM\\base_server\\src\\handlers\\notFound.ts:7:15)\n    at Layer.handle [as handle_request] (E:\\Coderatory\\HRM\\base_server\\node_modules\\express\\lib\\router\\layer.js:95:5)\n    at trim_prefix (E:\\Coderatory\\HRM\\base_server\\node_modules\\express\\lib\\router\\index.js:328:13)\n    at E:\\Coderatory\\HRM\\base_server\\node_modules\\express\\lib\\router\\index.js:286:9\n    at Function.process_params (E:\\Coderatory\\HRM\\base_server\\node_modules\\express\\lib\\router\\index.js:346:12)\n    at next (E:\\Coderatory\\HRM\\base_server\\node_modules\\express\\lib\\router\\index.js:280:10)\n    at E:\\Coderatory\\HRM\\base_server\\node_modules\\express\\lib\\router\\index.js:646:15\n    at next (E:\\Coderatory\\HRM\\base_server\\node_modules\\express\\lib\\router\\index.js:265:14)\n    at Function.handle (E:\\Coderatory\\HRM\\base_server\\node_modules\\express\\lib\\router\\index.js:175:3)\n    at router (E:\\Coderatory\\HRM\\base_server\\node_modules\\express\\lib\\router\\index.js:47:12)"
        }
    }
}
{
    "level": "ERROR",
    "timestamp": "2024-11-04T17:32:19.747Z",
    "message": "Controller Response",
    "meta": {
        "success": false,
        "statusCode": 404,
        "request": {
            "ip": "::1",
            "method": "GET",
            "url": "/v1/recruitment/getCandidates%0A"
        },
        "message": "Route is not found",
        "data": null,
        "trace": {
            "error": "Error: Route is not found\n    at exports.default (E:\\Coderatory\\HRM\\base_server\\src\\handlers\\notFound.ts:7:15)\n    at Layer.handle [as handle_request] (E:\\Coderatory\\HRM\\base_server\\node_modules\\express\\lib\\router\\layer.js:95:5)\n    at trim_prefix (E:\\Coderatory\\HRM\\base_server\\node_modules\\express\\lib\\router\\index.js:328:13)\n    at E:\\Coderatory\\HRM\\base_server\\node_modules\\express\\lib\\router\\index.js:286:9\n    at Function.process_params (E:\\Coderatory\\HRM\\base_server\\node_modules\\express\\lib\\router\\index.js:346:12)\n    at next (E:\\Coderatory\\HRM\\base_server\\node_modules\\express\\lib\\router\\index.js:280:10)\n    at E:\\Coderatory\\HRM\\base_server\\node_modules\\express\\lib\\router\\index.js:646:15\n    at next (E:\\Coderatory\\HRM\\base_server\\node_modules\\express\\lib\\router\\index.js:265:14)\n    at Function.handle (E:\\Coderatory\\HRM\\base_server\\node_modules\\express\\lib\\router\\index.js:175:3)\n    at router (E:\\Coderatory\\HRM\\base_server\\node_modules\\express\\lib\\router\\index.js:47:12)"
        }
    }
}
{
    "level": "ERROR",
    "timestamp": "2024-11-04T17:34:54.663Z",
    "message": "Controller Response",
    "meta": {
        "success": false,
        "statusCode": 404,
        "request": {
            "ip": "::1",
            "method": "POST",
            "url": "/v1/recruitment/addCandidate"
        },
        "message": "Route is not found",
        "data": null,
        "trace": {
            "error": "Error: Route is not found\n    at exports.default (E:\\Coderatory\\HRM\\base_server\\src\\handlers\\notFound.ts:7:15)\n    at Layer.handle [as handle_request] (E:\\Coderatory\\HRM\\base_server\\node_modules\\express\\lib\\router\\layer.js:95:5)\n    at trim_prefix (E:\\Coderatory\\HRM\\base_server\\node_modules\\express\\lib\\router\\index.js:328:13)\n    at E:\\Coderatory\\HRM\\base_server\\node_modules\\express\\lib\\router\\index.js:286:9\n    at Function.process_params (E:\\Coderatory\\HRM\\base_server\\node_modules\\express\\lib\\router\\index.js:346:12)\n    at next (E:\\Coderatory\\HRM\\base_server\\node_modules\\express\\lib\\router\\index.js:280:10)\n    at E:\\Coderatory\\HRM\\base_server\\node_modules\\express\\lib\\router\\index.js:646:15\n    at next (E:\\Coderatory\\HRM\\base_server\\node_modules\\express\\lib\\router\\index.js:265:14)\n    at Function.handle (E:\\Coderatory\\HRM\\base_server\\node_modules\\express\\lib\\router\\index.js:175:3)\n    at router (E:\\Coderatory\\HRM\\base_server\\node_modules\\express\\lib\\router\\index.js:47:12)"
        }
    }
}
{
    "level": "INFO",
    "timestamp": "2024-11-04T18:29:13.155Z",
    "message": "Database connection established",
    "meta": {
        "CONNECTION_NAME": "test"
    }
}
{
    "level": "INFO",
    "timestamp": "2024-11-04T18:29:13.165Z",
    "message": "Rate limiter initiated",
    "meta": {}
}
{
    "level": "INFO",
    "timestamp": "2024-11-04T18:29:13.166Z",
    "message": "Application started on port 3000",
    "meta": {
        "SERVER_URL": "http://localhost:3000"
    }
}
{
    "level": "INFO",
    "timestamp": "2024-11-04T18:37:01.522Z",
    "message": "Database connection established",
    "meta": {
        "CONNECTION_NAME": "test"
    }
}
{
    "level": "INFO",
    "timestamp": "2024-11-04T18:37:01.546Z",
    "message": "Rate limiter initiated",
    "meta": {}
}
{
    "level": "INFO",
    "timestamp": "2024-11-04T18:37:01.549Z",
    "message": "Application started on port 3000",
    "meta": {
        "SERVER_URL": "http://localhost:3000"
    }
}
{
    "level": "INFO",
    "timestamp": "2024-11-05T04:43:44.839Z",
    "message": "Database connection established",
    "meta": {
        "CONNECTION_NAME": "test"
    }
}
{
    "level": "INFO",
    "timestamp": "2024-11-05T04:43:44.868Z",
    "message": "Rate limiter initiated",
    "meta": {}
}
{
    "level": "INFO",
    "timestamp": "2024-11-05T04:43:44.871Z",
    "message": "Application started on port 3000",
    "meta": {
        "SERVER_URL": "http://localhost:3000"
    }
}
{
    "level": "INFO",
    "timestamp": "2024-11-05T04:52:24.851Z",
    "message": "Database connection established",
    "meta": {
        "CONNECTION_NAME": "test"
    }
}
{
    "level": "INFO",
    "timestamp": "2024-11-05T04:52:24.873Z",
    "message": "Rate limiter initiated",
    "meta": {}
}
{
    "level": "INFO",
    "timestamp": "2024-11-05T04:52:24.876Z",
    "message": "Application started on port 3000",
    "meta": {
        "SERVER_URL": "http://localhost:3000"
    }
}
{
    "level": "ERROR",
    "timestamp": "2024-11-05T04:53:32.311Z",
    "message": "Controller Response",
    "meta": {
        "success": false,
        "statusCode": 404,
        "request": {
            "ip": "::1",
            "method": "GET",
            "url": "/v1/recruitment/addCandidates"
        },
        "message": "Route is not found",
        "data": null,
        "trace": {
            "error": "Error: Route is not found\n    at exports.default (E:\\Coderatory\\HRM\\base_server\\src\\handlers\\notFound.ts:7:15)\n    at Layer.handle [as handle_request] (E:\\Coderatory\\HRM\\base_server\\node_modules\\express\\lib\\router\\layer.js:95:5)\n    at trim_prefix (E:\\Coderatory\\HRM\\base_server\\node_modules\\express\\lib\\router\\index.js:328:13)\n    at E:\\Coderatory\\HRM\\base_server\\node_modules\\express\\lib\\router\\index.js:286:9\n    at Function.process_params (E:\\Coderatory\\HRM\\base_server\\node_modules\\express\\lib\\router\\index.js:346:12)\n    at next (E:\\Coderatory\\HRM\\base_server\\node_modules\\express\\lib\\router\\index.js:280:10)\n    at E:\\Coderatory\\HRM\\base_server\\node_modules\\express\\lib\\router\\index.js:646:15\n    at next (E:\\Coderatory\\HRM\\base_server\\node_modules\\express\\lib\\router\\index.js:265:14)\n    at Function.handle (E:\\Coderatory\\HRM\\base_server\\node_modules\\express\\lib\\router\\index.js:175:3)\n    at router (E:\\Coderatory\\HRM\\base_server\\node_modules\\express\\lib\\router\\index.js:47:12)"
        }
    }
}
{
    "level": "ERROR",
    "timestamp": "2024-11-05T04:53:41.883Z",
    "message": "Controller Response",
    "meta": {
        "success": false,
        "statusCode": 404,
        "request": {
            "ip": "::1",
            "method": "POST",
            "url": "/v1/recruitment/addCandidates"
        },
        "message": "Route is not found",
        "data": null,
        "trace": {
            "error": "Error: Route is not found\n    at exports.default (E:\\Coderatory\\HRM\\base_server\\src\\handlers\\notFound.ts:7:15)\n    at Layer.handle [as handle_request] (E:\\Coderatory\\HRM\\base_server\\node_modules\\express\\lib\\router\\layer.js:95:5)\n    at trim_prefix (E:\\Coderatory\\HRM\\base_server\\node_modules\\express\\lib\\router\\index.js:328:13)\n    at E:\\Coderatory\\HRM\\base_server\\node_modules\\express\\lib\\router\\index.js:286:9\n    at Function.process_params (E:\\Coderatory\\HRM\\base_server\\node_modules\\express\\lib\\router\\index.js:346:12)\n    at next (E:\\Coderatory\\HRM\\base_server\\node_modules\\express\\lib\\router\\index.js:280:10)\n    at E:\\Coderatory\\HRM\\base_server\\node_modules\\express\\lib\\router\\index.js:646:15\n    at next (E:\\Coderatory\\HRM\\base_server\\node_modules\\express\\lib\\router\\index.js:265:14)\n    at Function.handle (E:\\Coderatory\\HRM\\base_server\\node_modules\\express\\lib\\router\\index.js:175:3)\n    at router (E:\\Coderatory\\HRM\\base_server\\node_modules\\express\\lib\\router\\index.js:47:12)"
        }
    }
}
{
    "level": "ERROR",
    "timestamp": "2024-11-05T04:53:44.146Z",
    "message": "Controller Response",
    "meta": {
        "success": false,
        "statusCode": 404,
        "request": {
            "ip": "::1",
            "method": "POST",
            "url": "/v1/recruitment/addCandidates"
        },
        "message": "Route is not found",
        "data": null,
        "trace": {
            "error": "Error: Route is not found\n    at exports.default (E:\\Coderatory\\HRM\\base_server\\src\\handlers\\notFound.ts:7:15)\n    at Layer.handle [as handle_request] (E:\\Coderatory\\HRM\\base_server\\node_modules\\express\\lib\\router\\layer.js:95:5)\n    at trim_prefix (E:\\Coderatory\\HRM\\base_server\\node_modules\\express\\lib\\router\\index.js:328:13)\n    at E:\\Coderatory\\HRM\\base_server\\node_modules\\express\\lib\\router\\index.js:286:9\n    at Function.process_params (E:\\Coderatory\\HRM\\base_server\\node_modules\\express\\lib\\router\\index.js:346:12)\n    at next (E:\\Coderatory\\HRM\\base_server\\node_modules\\express\\lib\\router\\index.js:280:10)\n    at E:\\Coderatory\\HRM\\base_server\\node_modules\\express\\lib\\router\\index.js:646:15\n    at next (E:\\Coderatory\\HRM\\base_server\\node_modules\\express\\lib\\router\\index.js:265:14)\n    at Function.handle (E:\\Coderatory\\HRM\\base_server\\node_modules\\express\\lib\\router\\index.js:175:3)\n    at router (E:\\Coderatory\\HRM\\base_server\\node_modules\\express\\lib\\router\\index.js:47:12)"
        }
    }
}
{
    "level": "INFO",
    "timestamp": "2024-11-05T05:40:49.305Z",
    "message": "Database connection established",
    "meta": {
        "CONNECTION_NAME": "test"
    }
}
{
    "level": "INFO",
    "timestamp": "2024-11-05T05:40:49.327Z",
    "message": "Rate limiter initiated",
    "meta": {}
}
{
    "level": "INFO",
    "timestamp": "2024-11-05T05:40:49.330Z",
    "message": "Application started on port 3000",
    "meta": {
        "SERVER_URL": "http://localhost:3000"
    }
}
{
    "level": "ERROR",
    "timestamp": "2024-11-05T05:40:58.776Z",
    "message": "Controller Response",
    "meta": {
        "success": false,
        "statusCode": 401,
        "request": {
            "ip": "::1",
            "method": "POST",
            "url": "/v1/recruitment/addCandidate"
        },
        "message": "You are not allowed to perform this task",
        "data": null,
        "trace": {
            "error": "Error: You are not allowed to perform this task\n    at E:\\Coderatory\\HRM\\base_server\\src\\middlewares\\authenticate.ts:18:36\n    at Generator.next (<anonymous>)\n    at E:\\Coderatory\\HRM\\base_server\\src\\middlewares\\authenticate.ts:8:71\n    at new Promise (<anonymous>)\n    at __awaiter (E:\\Coderatory\\HRM\\base_server\\src\\middlewares\\authenticate.ts:4:12)\n    at E:\\Coderatory\\HRM\\base_server\\src\\middlewares\\authenticate.ts:10:105\n    at E:\\Coderatory\\HRM\\base_server\\src\\handlers\\async.ts:5:25\n    at Layer.handle [as handle_request] (E:\\Coderatory\\HRM\\base_server\\node_modules\\express\\lib\\router\\layer.js:95:5)\n    at next (E:\\Coderatory\\HRM\\base_server\\node_modules\\express\\lib\\router\\route.js:149:13)\n    at Route.dispatch (E:\\Coderatory\\HRM\\base_server\\node_modules\\express\\lib\\router\\route.js:119:3)"
        }
    }
}
{
    "level": "ERROR",
    "timestamp": "2024-11-05T05:41:14.720Z",
    "message": "Controller Response",
    "meta": {
        "success": false,
        "statusCode": 401,
        "request": {
            "ip": "::1",
            "method": "POST",
            "url": "/v1/recruitment/addCandidate"
        },
        "message": "You are not allowed to perform this task",
        "data": null,
        "trace": {
            "error": "Error: You are not allowed to perform this task\n    at E:\\Coderatory\\HRM\\base_server\\src\\middlewares\\authenticate.ts:18:36\n    at Generator.next (<anonymous>)\n    at E:\\Coderatory\\HRM\\base_server\\src\\middlewares\\authenticate.ts:8:71\n    at new Promise (<anonymous>)\n    at __awaiter (E:\\Coderatory\\HRM\\base_server\\src\\middlewares\\authenticate.ts:4:12)\n    at E:\\Coderatory\\HRM\\base_server\\src\\middlewares\\authenticate.ts:10:105\n    at E:\\Coderatory\\HRM\\base_server\\src\\handlers\\async.ts:5:25\n    at Layer.handle [as handle_request] (E:\\Coderatory\\HRM\\base_server\\node_modules\\express\\lib\\router\\layer.js:95:5)\n    at next (E:\\Coderatory\\HRM\\base_server\\node_modules\\express\\lib\\router\\route.js:149:13)\n    at Route.dispatch (E:\\Coderatory\\HRM\\base_server\\node_modules\\express\\lib\\router\\route.js:119:3)"
        }
    }
}
{
    "level": "ERROR",
    "timestamp": "2024-11-05T05:41:25.535Z",
    "message": "Controller Response",
    "meta": {
        "success": false,
        "statusCode": 401,
        "request": {
            "ip": "::1",
            "method": "POST",
            "url": "/v1/recruitment/addCandidate"
        },
        "message": "You are not allowed to perform this task",
        "data": null,
        "trace": {
            "error": "Error: You are not allowed to perform this task\n    at E:\\Coderatory\\HRM\\base_server\\src\\middlewares\\authenticate.ts:18:36\n    at Generator.next (<anonymous>)\n    at E:\\Coderatory\\HRM\\base_server\\src\\middlewares\\authenticate.ts:8:71\n    at new Promise (<anonymous>)\n    at __awaiter (E:\\Coderatory\\HRM\\base_server\\src\\middlewares\\authenticate.ts:4:12)\n    at E:\\Coderatory\\HRM\\base_server\\src\\middlewares\\authenticate.ts:10:105\n    at E:\\Coderatory\\HRM\\base_server\\src\\handlers\\async.ts:5:25\n    at Layer.handle [as handle_request] (E:\\Coderatory\\HRM\\base_server\\node_modules\\express\\lib\\router\\layer.js:95:5)\n    at next (E:\\Coderatory\\HRM\\base_server\\node_modules\\express\\lib\\router\\route.js:149:13)\n    at Route.dispatch (E:\\Coderatory\\HRM\\base_server\\node_modules\\express\\lib\\router\\route.js:119:3)"
        }
    }
}
{
    "level": "ERROR",
    "timestamp": "2024-11-05T05:41:43.614Z",
    "message": "Controller Response",
    "meta": {
        "success": false,
        "statusCode": 401,
        "request": {
            "ip": "::1",
            "method": "GET",
            "url": "/v1/recruitment/getCandidates"
        },
        "message": "You are not allowed to perform this task",
        "data": null,
        "trace": {
            "error": "Error: You are not allowed to perform this task\n    at E:\\Coderatory\\HRM\\base_server\\src\\middlewares\\authenticate.ts:18:36\n    at Generator.next (<anonymous>)\n    at E:\\Coderatory\\HRM\\base_server\\src\\middlewares\\authenticate.ts:8:71\n    at new Promise (<anonymous>)\n    at __awaiter (E:\\Coderatory\\HRM\\base_server\\src\\middlewares\\authenticate.ts:4:12)\n    at E:\\Coderatory\\HRM\\base_server\\src\\middlewares\\authenticate.ts:10:105\n    at E:\\Coderatory\\HRM\\base_server\\src\\handlers\\async.ts:5:25\n    at Layer.handle [as handle_request] (E:\\Coderatory\\HRM\\base_server\\node_modules\\express\\lib\\router\\layer.js:95:5)\n    at next (E:\\Coderatory\\HRM\\base_server\\node_modules\\express\\lib\\router\\route.js:149:13)\n    at Route.dispatch (E:\\Coderatory\\HRM\\base_server\\node_modules\\express\\lib\\router\\route.js:119:3)"
        }
    }
}
{
    "level": "INFO",
    "timestamp": "2024-11-05T05:58:36.878Z",
    "message": "Database connection established",
    "meta": {
        "CONNECTION_NAME": "test"
    }
}
{
    "level": "INFO",
    "timestamp": "2024-11-05T05:58:36.904Z",
    "message": "Rate limiter initiated",
    "meta": {}
}
{
    "level": "INFO",
    "timestamp": "2024-11-05T05:58:36.907Z",
    "message": "Application started on port 3000",
    "meta": {
        "SERVER_URL": "http://localhost:3000"
    }
}
{
    "level": "ERROR",
    "timestamp": "2024-11-05T06:15:06.194Z",
    "message": "Controller Response",
    "meta": {
        "success": false,
        "statusCode": 404,
        "request": {
            "ip": "::1",
            "method": "POST",
            "url": "/v1/recruitment/addCandidates"
        },
        "message": "Route is not found",
        "data": null,
        "trace": {
            "error": "Error: Route is not found\n    at exports.default (E:\\Coderatory\\HRM\\base_server\\src\\handlers\\notFound.ts:7:15)\n    at Layer.handle [as handle_request] (E:\\Coderatory\\HRM\\base_server\\node_modules\\express\\lib\\router\\layer.js:95:5)\n    at trim_prefix (E:\\Coderatory\\HRM\\base_server\\node_modules\\express\\lib\\router\\index.js:328:13)\n    at E:\\Coderatory\\HRM\\base_server\\node_modules\\express\\lib\\router\\index.js:286:9\n    at Function.process_params (E:\\Coderatory\\HRM\\base_server\\node_modules\\express\\lib\\router\\index.js:346:12)\n    at next (E:\\Coderatory\\HRM\\base_server\\node_modules\\express\\lib\\router\\index.js:280:10)\n    at E:\\Coderatory\\HRM\\base_server\\node_modules\\express\\lib\\router\\index.js:646:15\n    at next (E:\\Coderatory\\HRM\\base_server\\node_modules\\express\\lib\\router\\index.js:265:14)\n    at Function.handle (E:\\Coderatory\\HRM\\base_server\\node_modules\\express\\lib\\router\\index.js:175:3)\n    at router (E:\\Coderatory\\HRM\\base_server\\node_modules\\express\\lib\\router\\index.js:47:12)"
        }
    }
}
{
    "level": "ERROR",
    "timestamp": "2024-11-05T06:15:11.241Z",
    "message": "Controller Response",
    "meta": {
        "success": false,
        "statusCode": 404,
        "request": {
            "ip": "::1",
            "method": "POST",
            "url": "/v1/recruitment/addCandidates"
        },
        "message": "Route is not found",
        "data": null,
        "trace": {
            "error": "Error: Route is not found\n    at exports.default (E:\\Coderatory\\HRM\\base_server\\src\\handlers\\notFound.ts:7:15)\n    at Layer.handle [as handle_request] (E:\\Coderatory\\HRM\\base_server\\node_modules\\express\\lib\\router\\layer.js:95:5)\n    at trim_prefix (E:\\Coderatory\\HRM\\base_server\\node_modules\\express\\lib\\router\\index.js:328:13)\n    at E:\\Coderatory\\HRM\\base_server\\node_modules\\express\\lib\\router\\index.js:286:9\n    at Function.process_params (E:\\Coderatory\\HRM\\base_server\\node_modules\\express\\lib\\router\\index.js:346:12)\n    at next (E:\\Coderatory\\HRM\\base_server\\node_modules\\express\\lib\\router\\index.js:280:10)\n    at E:\\Coderatory\\HRM\\base_server\\node_modules\\express\\lib\\router\\index.js:646:15\n    at next (E:\\Coderatory\\HRM\\base_server\\node_modules\\express\\lib\\router\\index.js:265:14)\n    at Function.handle (E:\\Coderatory\\HRM\\base_server\\node_modules\\express\\lib\\router\\index.js:175:3)\n    at router (E:\\Coderatory\\HRM\\base_server\\node_modules\\express\\lib\\router\\index.js:47:12)"
        }
    }
}
{
    "level": "ERROR",
    "timestamp": "2024-11-05T06:15:14.003Z",
    "message": "Controller Response",
    "meta": {
        "success": false,
        "statusCode": 404,
        "request": {
            "ip": "::1",
            "method": "POST",
            "url": "/v1/recruitment/addCandidates"
        },
        "message": "Route is not found",
        "data": null,
        "trace": {
            "error": "Error: Route is not found\n    at exports.default (E:\\Coderatory\\HRM\\base_server\\src\\handlers\\notFound.ts:7:15)\n    at Layer.handle [as handle_request] (E:\\Coderatory\\HRM\\base_server\\node_modules\\express\\lib\\router\\layer.js:95:5)\n    at trim_prefix (E:\\Coderatory\\HRM\\base_server\\node_modules\\express\\lib\\router\\index.js:328:13)\n    at E:\\Coderatory\\HRM\\base_server\\node_modules\\express\\lib\\router\\index.js:286:9\n    at Function.process_params (E:\\Coderatory\\HRM\\base_server\\node_modules\\express\\lib\\router\\index.js:346:12)\n    at next (E:\\Coderatory\\HRM\\base_server\\node_modules\\express\\lib\\router\\index.js:280:10)\n    at E:\\Coderatory\\HRM\\base_server\\node_modules\\express\\lib\\router\\index.js:646:15\n    at next (E:\\Coderatory\\HRM\\base_server\\node_modules\\express\\lib\\router\\index.js:265:14)\n    at Function.handle (E:\\Coderatory\\HRM\\base_server\\node_modules\\express\\lib\\router\\index.js:175:3)\n    at router (E:\\Coderatory\\HRM\\base_server\\node_modules\\express\\lib\\router\\index.js:47:12)"
        }
    }
}
{
    "level": "INFO",
    "timestamp": "2024-11-05T06:15:33.955Z",
    "message": "Database connection established",
    "meta": {
        "CONNECTION_NAME": "test"
    }
}
{
    "level": "INFO",
    "timestamp": "2024-11-05T06:15:33.969Z",
    "message": "Rate limiter initiated",
    "meta": {}
}
{
    "level": "INFO",
    "timestamp": "2024-11-05T06:15:33.971Z",
    "message": "Application started on port 3000",
    "meta": {
        "SERVER_URL": "http://localhost:3000"
    }
}
{
    "level": "ERROR",
    "timestamp": "2024-11-05T06:15:52.592Z",
    "message": "Controller Response",
    "meta": {
        "success": false,
        "statusCode": 404,
        "request": {
            "ip": "::1",
            "method": "POST",
            "url": "/v1/recruitment/addCandidates"
        },
        "message": "Route is not found",
        "data": null,
        "trace": {
            "error": "Error: Route is not found\n    at exports.default (E:\\Coderatory\\HRM\\base_server\\src\\handlers\\notFound.ts:7:15)\n    at Layer.handle [as handle_request] (E:\\Coderatory\\HRM\\base_server\\node_modules\\express\\lib\\router\\layer.js:95:5)\n    at trim_prefix (E:\\Coderatory\\HRM\\base_server\\node_modules\\express\\lib\\router\\index.js:328:13)\n    at E:\\Coderatory\\HRM\\base_server\\node_modules\\express\\lib\\router\\index.js:286:9\n    at Function.process_params (E:\\Coderatory\\HRM\\base_server\\node_modules\\express\\lib\\router\\index.js:346:12)\n    at next (E:\\Coderatory\\HRM\\base_server\\node_modules\\express\\lib\\router\\index.js:280:10)\n    at E:\\Coderatory\\HRM\\base_server\\node_modules\\express\\lib\\router\\index.js:646:15\n    at next (E:\\Coderatory\\HRM\\base_server\\node_modules\\express\\lib\\router\\index.js:265:14)\n    at Function.handle (E:\\Coderatory\\HRM\\base_server\\node_modules\\express\\lib\\router\\index.js:175:3)\n    at router (E:\\Coderatory\\HRM\\base_server\\node_modules\\express\\lib\\router\\index.js:47:12)"
        }
    }
}
{
    "level": "ERROR",
    "timestamp": "2024-11-05T06:15:54.476Z",
    "message": "Controller Response",
    "meta": {
        "success": false,
        "statusCode": 404,
        "request": {
            "ip": "::1",
            "method": "POST",
            "url": "/v1/recruitment/addCandidates"
        },
        "message": "Route is not found",
        "data": null,
        "trace": {
            "error": "Error: Route is not found\n    at exports.default (E:\\Coderatory\\HRM\\base_server\\src\\handlers\\notFound.ts:7:15)\n    at Layer.handle [as handle_request] (E:\\Coderatory\\HRM\\base_server\\node_modules\\express\\lib\\router\\layer.js:95:5)\n    at trim_prefix (E:\\Coderatory\\HRM\\base_server\\node_modules\\express\\lib\\router\\index.js:328:13)\n    at E:\\Coderatory\\HRM\\base_server\\node_modules\\express\\lib\\router\\index.js:286:9\n    at Function.process_params (E:\\Coderatory\\HRM\\base_server\\node_modules\\express\\lib\\router\\index.js:346:12)\n    at next (E:\\Coderatory\\HRM\\base_server\\node_modules\\express\\lib\\router\\index.js:280:10)\n    at E:\\Coderatory\\HRM\\base_server\\node_modules\\express\\lib\\router\\index.js:646:15\n    at next (E:\\Coderatory\\HRM\\base_server\\node_modules\\express\\lib\\router\\index.js:265:14)\n    at Function.handle (E:\\Coderatory\\HRM\\base_server\\node_modules\\express\\lib\\router\\index.js:175:3)\n    at router (E:\\Coderatory\\HRM\\base_server\\node_modules\\express\\lib\\router\\index.js:47:12)"
        }
    }
}
{
    "level": "ERROR",
    "timestamp": "2024-11-05T06:16:53.019Z",
    "message": "Controller Response",
    "meta": {
        "success": false,
        "statusCode": 404,
        "request": {
            "ip": "::1",
            "method": "POST",
            "url": "/v1/recruitment/addCandidates"
        },
        "message": "Route is not found",
        "data": null,
        "trace": {
            "error": "Error: Route is not found\n    at exports.default (E:\\Coderatory\\HRM\\base_server\\src\\handlers\\notFound.ts:7:15)\n    at Layer.handle [as handle_request] (E:\\Coderatory\\HRM\\base_server\\node_modules\\express\\lib\\router\\layer.js:95:5)\n    at trim_prefix (E:\\Coderatory\\HRM\\base_server\\node_modules\\express\\lib\\router\\index.js:328:13)\n    at E:\\Coderatory\\HRM\\base_server\\node_modules\\express\\lib\\router\\index.js:286:9\n    at Function.process_params (E:\\Coderatory\\HRM\\base_server\\node_modules\\express\\lib\\router\\index.js:346:12)\n    at next (E:\\Coderatory\\HRM\\base_server\\node_modules\\express\\lib\\router\\index.js:280:10)\n    at E:\\Coderatory\\HRM\\base_server\\node_modules\\express\\lib\\router\\index.js:646:15\n    at next (E:\\Coderatory\\HRM\\base_server\\node_modules\\express\\lib\\router\\index.js:265:14)\n    at Function.handle (E:\\Coderatory\\HRM\\base_server\\node_modules\\express\\lib\\router\\index.js:175:3)\n    at router (E:\\Coderatory\\HRM\\base_server\\node_modules\\express\\lib\\router\\index.js:47:12)"
        }
    }
}
{
    "level": "ERROR",
    "timestamp": "2024-11-05T06:30:56.688Z",
    "message": "Controller Response",
    "meta": {
        "success": false,
        "statusCode": 404,
        "request": {
            "ip": "::1",
            "method": "POST",
            "url": "/v1/recruitment/addCandidates"
        },
        "message": "Route is not found",
        "data": null,
        "trace": {
            "error": "Error: Route is not found\n    at exports.default (E:\\Coderatory\\HRM\\base_server\\src\\handlers\\notFound.ts:7:15)\n    at Layer.handle [as handle_request] (E:\\Coderatory\\HRM\\base_server\\node_modules\\express\\lib\\router\\layer.js:95:5)\n    at trim_prefix (E:\\Coderatory\\HRM\\base_server\\node_modules\\express\\lib\\router\\index.js:328:13)\n    at E:\\Coderatory\\HRM\\base_server\\node_modules\\express\\lib\\router\\index.js:286:9\n    at Function.process_params (E:\\Coderatory\\HRM\\base_server\\node_modules\\express\\lib\\router\\index.js:346:12)\n    at next (E:\\Coderatory\\HRM\\base_server\\node_modules\\express\\lib\\router\\index.js:280:10)\n    at E:\\Coderatory\\HRM\\base_server\\node_modules\\express\\lib\\router\\index.js:646:15\n    at next (E:\\Coderatory\\HRM\\base_server\\node_modules\\express\\lib\\router\\index.js:265:14)\n    at Function.handle (E:\\Coderatory\\HRM\\base_server\\node_modules\\express\\lib\\router\\index.js:175:3)\n    at router (E:\\Coderatory\\HRM\\base_server\\node_modules\\express\\lib\\router\\index.js:47:12)"
        }
    }
}
{
    "level": "INFO",
    "timestamp": "2024-11-05T07:11:29.403Z",
    "message": "Database connection established",
    "meta": {
        "CONNECTION_NAME": "test"
    }
}
{
    "level": "INFO",
    "timestamp": "2024-11-05T07:11:29.410Z",
    "message": "Rate limiter initiated",
    "meta": {}
}
{
    "level": "INFO",
    "timestamp": "2024-11-05T07:11:29.411Z",
    "message": "Application started on port 3000",
    "meta": {
        "SERVER_URL": "http://localhost:3000"
    }
}
{
    "level": "ERROR",
    "timestamp": "2024-11-05T07:19:58.861Z",
    "message": "Controller Response",
    "meta": {
        "success": false,
        "statusCode": 404,
        "request": {
            "ip": "::1",
            "method": "POST",
            "url": "/v1/auth/login"
        },
        "message": "Route is not found",
        "data": null,
        "trace": {
            "error": "Error: Route is not found\n    at exports.default (E:\\Coderatory\\HRM\\base_server\\src\\handlers\\notFound.ts:7:15)\n    at Layer.handle [as handle_request] (E:\\Coderatory\\HRM\\base_server\\node_modules\\express\\lib\\router\\layer.js:95:5)\n    at trim_prefix (E:\\Coderatory\\HRM\\base_server\\node_modules\\express\\lib\\router\\index.js:328:13)\n    at E:\\Coderatory\\HRM\\base_server\\node_modules\\express\\lib\\router\\index.js:286:9\n    at Function.process_params (E:\\Coderatory\\HRM\\base_server\\node_modules\\express\\lib\\router\\index.js:346:12)\n    at next (E:\\Coderatory\\HRM\\base_server\\node_modules\\express\\lib\\router\\index.js:280:10)\n    at E:\\Coderatory\\HRM\\base_server\\node_modules\\express\\lib\\router\\index.js:646:15\n    at next (E:\\Coderatory\\HRM\\base_server\\node_modules\\express\\lib\\router\\index.js:265:14)\n    at Function.handle (E:\\Coderatory\\HRM\\base_server\\node_modules\\express\\lib\\router\\index.js:175:3)\n    at router (E:\\Coderatory\\HRM\\base_server\\node_modules\\express\\lib\\router\\index.js:47:12)"
        }
    }
}
{
    "level": "ERROR",
    "timestamp": "2024-11-05T07:22:36.277Z",
    "message": "Controller Response",
    "meta": {
        "success": false,
        "statusCode": 404,
        "request": {
            "ip": "::1",
            "method": "GET",
            "url": "/v1/user/login"
        },
        "message": "Route is not found",
        "data": null,
        "trace": {
            "error": "Error: Route is not found\n    at exports.default (E:\\Coderatory\\HRM\\base_server\\src\\handlers\\notFound.ts:7:15)\n    at Layer.handle [as handle_request] (E:\\Coderatory\\HRM\\base_server\\node_modules\\express\\lib\\router\\layer.js:95:5)\n    at trim_prefix (E:\\Coderatory\\HRM\\base_server\\node_modules\\express\\lib\\router\\index.js:328:13)\n    at E:\\Coderatory\\HRM\\base_server\\node_modules\\express\\lib\\router\\index.js:286:9\n    at Function.process_params (E:\\Coderatory\\HRM\\base_server\\node_modules\\express\\lib\\router\\index.js:346:12)\n    at next (E:\\Coderatory\\HRM\\base_server\\node_modules\\express\\lib\\router\\index.js:280:10)\n    at E:\\Coderatory\\HRM\\base_server\\node_modules\\express\\lib\\router\\index.js:646:15\n    at next (E:\\Coderatory\\HRM\\base_server\\node_modules\\express\\lib\\router\\index.js:265:14)\n    at Function.handle (E:\\Coderatory\\HRM\\base_server\\node_modules\\express\\lib\\router\\index.js:175:3)\n    at router (E:\\Coderatory\\HRM\\base_server\\node_modules\\express\\lib\\router\\index.js:47:12)"
        }
    }
}
{
    "level": "INFO",
    "timestamp": "2024-11-05T07:33:58.959Z",
    "message": "Database connection established",
    "meta": {
        "CONNECTION_NAME": "test"
    }
}
{
    "level": "INFO",
    "timestamp": "2024-11-05T07:33:58.970Z",
    "message": "Rate limiter initiated",
    "meta": {}
}
{
    "level": "INFO",
    "timestamp": "2024-11-05T07:33:58.972Z",
    "message": "Application started on port 3000",
    "meta": {
        "SERVER_URL": "http://localhost:3000"
    }
}
{
    "level": "INFO",
    "timestamp": "2024-11-06T04:22:45.691Z",
    "message": "Database connection established",
    "meta": {
        "CONNECTION_NAME": "test"
    }
}
{
    "level": "INFO",
    "timestamp": "2024-11-06T04:22:45.705Z",
    "message": "Rate limiter initiated",
    "meta": {}
}
{
    "level": "INFO",
    "timestamp": "2024-11-06T04:22:45.709Z",
    "message": "Application started on port 3000",
    "meta": {
        "SERVER_URL": "http://localhost:3000"
    }
}
{
    "level": "ERROR",
    "timestamp": "2024-11-06T04:25:14.174Z",
    "message": "Controller Response",
    "meta": {
        "success": false,
        "statusCode": 404,
        "request": {
            "ip": "::1",
            "method": "GET",
            "url": "/v1/user/auth/register"
        },
        "message": "Route is not found",
        "data": null,
        "trace": {
            "error": "Error: Route is not found\n    at exports.default (E:\\Coderatory\\HRM\\base_server\\src\\handlers\\notFound.ts:7:15)\n    at Layer.handle [as handle_request] (E:\\Coderatory\\HRM\\base_server\\node_modules\\express\\lib\\router\\layer.js:95:5)\n    at trim_prefix (E:\\Coderatory\\HRM\\base_server\\node_modules\\express\\lib\\router\\index.js:328:13)\n    at E:\\Coderatory\\HRM\\base_server\\node_modules\\express\\lib\\router\\index.js:286:9\n    at Function.process_params (E:\\Coderatory\\HRM\\base_server\\node_modules\\express\\lib\\router\\index.js:346:12)\n    at next (E:\\Coderatory\\HRM\\base_server\\node_modules\\express\\lib\\router\\index.js:280:10)\n    at E:\\Coderatory\\HRM\\base_server\\node_modules\\express\\lib\\router\\index.js:646:15\n    at next (E:\\Coderatory\\HRM\\base_server\\node_modules\\express\\lib\\router\\index.js:265:14)\n    at Function.handle (E:\\Coderatory\\HRM\\base_server\\node_modules\\express\\lib\\router\\index.js:175:3)\n    at router (E:\\Coderatory\\HRM\\base_server\\node_modules\\express\\lib\\router\\index.js:47:12)"
        }
    }
}
{
    "level": "INFO",
    "timestamp": "2024-11-06T04:31:34.902Z",
    "message": "Database connection established",
    "meta": {
        "CONNECTION_NAME": "test"
    }
}
{
    "level": "INFO",
    "timestamp": "2024-11-06T04:31:34.923Z",
    "message": "Rate limiter initiated",
    "meta": {}
}
{
    "level": "INFO",
    "timestamp": "2024-11-06T04:31:34.927Z",
    "message": "Application started on port 3000",
    "meta": {
        "SERVER_URL": "http://localhost:3000"
    }
}
{
    "level": "INFO",
    "timestamp": "2024-11-06T08:26:27.585Z",
    "message": "Database connection established",
    "meta": {
        "CONNECTION_NAME": "test"
    }
}
{
    "level": "INFO",
    "timestamp": "2024-11-06T08:26:27.591Z",
    "message": "Rate limiter initiated",
    "meta": {}
}
{
    "level": "INFO",
    "timestamp": "2024-11-06T08:26:27.592Z",
    "message": "Application started on port 3000",
    "meta": {
        "SERVER_URL": "http://localhost:3000"
    }
}
{
    "level": "INFO",
    "timestamp": "2024-11-08T06:32:29.006Z",
    "message": "Database connection established",
    "meta": {
        "CONNECTION_NAME": "test"
    }
}
{
    "level": "INFO",
    "timestamp": "2024-11-08T06:32:29.012Z",
    "message": "Rate limiter initiated",
    "meta": {}
}
{
    "level": "INFO",
    "timestamp": "2024-11-08T06:32:29.013Z",
    "message": "Application started on port 3000",
    "meta": {
        "SERVER_URL": "http://localhost:3000"
    }
}
{
    "level": "ERROR",
    "timestamp": "2024-11-08T06:42:30.590Z",
    "message": "Controller Response",
    "meta": {
        "success": false,
        "statusCode": 404,
        "request": {
            "ip": "::1",
            "method": "POST",
            "url": "/v1/employees/employee"
        },
        "message": "Route is not found",
        "data": null,
        "trace": {
            "error": "Error: Route is not found\n    at exports.default (E:\\Coderatory\\HRM\\base_server\\src\\handlers\\notFound.ts:7:15)\n    at Layer.handle [as handle_request] (E:\\Coderatory\\HRM\\base_server\\node_modules\\express\\lib\\router\\layer.js:95:5)\n    at trim_prefix (E:\\Coderatory\\HRM\\base_server\\node_modules\\express\\lib\\router\\index.js:328:13)\n    at E:\\Coderatory\\HRM\\base_server\\node_modules\\express\\lib\\router\\index.js:286:9\n    at Function.process_params (E:\\Coderatory\\HRM\\base_server\\node_modules\\express\\lib\\router\\index.js:346:12)\n    at next (E:\\Coderatory\\HRM\\base_server\\node_modules\\express\\lib\\router\\index.js:280:10)\n    at E:\\Coderatory\\HRM\\base_server\\node_modules\\express\\lib\\router\\index.js:646:15\n    at next (E:\\Coderatory\\HRM\\base_server\\node_modules\\express\\lib\\router\\index.js:265:14)\n    at Function.handle (E:\\Coderatory\\HRM\\base_server\\node_modules\\express\\lib\\router\\index.js:175:3)\n    at router (E:\\Coderatory\\HRM\\base_server\\node_modules\\express\\lib\\router\\index.js:47:12)"
        }
    }
}
{
    "level": "INFO",
    "timestamp": "2024-11-08T06:45:39.662Z",
    "message": "Database connection established",
    "meta": {
        "CONNECTION_NAME": "test"
    }
}
{
    "level": "INFO",
    "timestamp": "2024-11-08T06:45:39.669Z",
    "message": "Rate limiter initiated",
    "meta": {}
}
{
    "level": "INFO",
    "timestamp": "2024-11-08T06:45:39.671Z",
    "message": "Application started on port 3000",
    "meta": {
        "SERVER_URL": "http://localhost:3000"
    }
}
{
    "level": "INFO",
    "timestamp": "2024-11-08T06:50:32.210Z",
    "message": "Database connection established",
    "meta": {
        "CONNECTION_NAME": "test"
    }
}
{
    "level": "INFO",
    "timestamp": "2024-11-08T06:50:32.217Z",
    "message": "Rate limiter initiated",
    "meta": {}
}
{
    "level": "INFO",
    "timestamp": "2024-11-08T06:50:32.218Z",
    "message": "Application started on port 3000",
    "meta": {
        "SERVER_URL": "http://localhost:3000"
    }
}
{
    "level": "ERROR",
    "timestamp": "2024-11-08T22:11:57.907Z",
    "message": "Error during bootstrap:",
    "meta": {
        "message": "Could not connect to any servers in your MongoDB Atlas cluster. One common reason is that you're trying to access the database from an IP that isn't whitelisted. Make sure your current IP address is on your Atlas cluster's IP whitelist: https://www.mongodb.com/docs/atlas/security-whitelist/",
        "reason": {
            "type": "ReplicaSetNoPrimary",
            "servers": {
                "hrm-shard-00-00.kzoqx.mongodb.net:27017": {
                    "address": "hrm-shard-00-00.kzoqx.mongodb.net:27017",
                    "type": "Unknown",
                    "hosts": [],
                    "passives": [],
                    "arbiters": [],
                    "tags": {},
                    "minWireVersion": 0,
                    "maxWireVersion": 0,
                    "roundTripTime": -1,
                    "minRoundTripTime": 0,
                    "lastUpdateTime": 4054021,
                    "lastWriteDate": 0,
                    "error": {},
                    "topologyVersion": null,
                    "setName": null,
                    "setVersion": null,
                    "electionId": null,
                    "logicalSessionTimeoutMinutes": null,
                    "maxMessageSizeBytes": null,
                    "maxWriteBatchSize": null,
                    "maxBsonObjectSize": null,
                    "primary": null,
                    "me": null,
                    "$clusterTime": null
                },
                "hrm-shard-00-02.kzoqx.mongodb.net:27017": {
                    "address": "hrm-shard-00-02.kzoqx.mongodb.net:27017",
                    "type": "Unknown",
                    "hosts": [],
                    "passives": [],
                    "arbiters": [],
                    "tags": {},
                    "minWireVersion": 0,
                    "maxWireVersion": 0,
                    "roundTripTime": -1,
                    "minRoundTripTime": 0,
                    "lastUpdateTime": 4054371,
                    "lastWriteDate": 0,
                    "error": {},
                    "topologyVersion": null,
                    "setName": null,
                    "setVersion": null,
                    "electionId": null,
                    "logicalSessionTimeoutMinutes": null,
                    "maxMessageSizeBytes": null,
                    "maxWriteBatchSize": null,
                    "maxBsonObjectSize": null,
                    "primary": null,
                    "me": null,
                    "$clusterTime": null
                },
                "hrm-shard-00-01.kzoqx.mongodb.net:27017": {
                    "address": "hrm-shard-00-01.kzoqx.mongodb.net:27017",
                    "type": "Unknown",
                    "hosts": [],
                    "passives": [],
                    "arbiters": [],
                    "tags": {},
                    "minWireVersion": 0,
                    "maxWireVersion": 0,
                    "roundTripTime": -1,
                    "minRoundTripTime": 0,
                    "lastUpdateTime": 4053781,
                    "lastWriteDate": 0,
                    "error": {},
                    "topologyVersion": null,
                    "setName": null,
                    "setVersion": null,
                    "electionId": null,
                    "logicalSessionTimeoutMinutes": null,
                    "maxMessageSizeBytes": null,
                    "maxWriteBatchSize": null,
                    "maxBsonObjectSize": null,
                    "primary": null,
                    "me": null,
                    "$clusterTime": null
                }
            },
            "stale": false,
            "compatible": true,
            "heartbeatFrequencyMS": 10000,
            "localThresholdMS": 15,
            "setName": "atlas-pd8o8a-shard-0",
            "maxElectionId": null,
            "maxSetVersion": null,
            "commonWireVersion": 0,
            "logicalSessionTimeoutMinutes": null
        }
    }
}
{
    "level": "INFO",
    "timestamp": "2024-11-08T22:26:58.468Z",
    "message": "Database connection established",
    "meta": {
        "CONNECTION_NAME": "test"
    }
}
{
    "level": "INFO",
    "timestamp": "2024-11-08T22:26:58.496Z",
    "message": "Rate limiter initiated",
    "meta": {}
}
{
    "level": "INFO",
    "timestamp": "2024-11-08T22:26:58.500Z",
    "message": "Application started on port 3000",
    "meta": {
        "SERVER_URL": "http://localhost:3000"
    }
}
{
    "level": "ERROR",
    "timestamp": "2024-11-08T22:34:13.730Z",
    "message": "Controller Response",
    "meta": {
        "success": false,
        "statusCode": 404,
        "request": {
            "ip": "::1",
            "method": "POST",
            "url": "/v1//recruitment/addCandidate"
        },
        "message": "Route is not found",
        "data": null,
        "trace": {
            "error": "Error: Route is not found\n    at exports.default (E:\\Coderatory\\HRM\\base_server\\src\\handlers\\notFound.ts:7:15)\n    at Layer.handle [as handle_request] (E:\\Coderatory\\HRM\\base_server\\node_modules\\express\\lib\\router\\layer.js:95:5)\n    at trim_prefix (E:\\Coderatory\\HRM\\base_server\\node_modules\\express\\lib\\router\\index.js:328:13)\n    at E:\\Coderatory\\HRM\\base_server\\node_modules\\express\\lib\\router\\index.js:286:9\n    at Function.process_params (E:\\Coderatory\\HRM\\base_server\\node_modules\\express\\lib\\router\\index.js:346:12)\n    at next (E:\\Coderatory\\HRM\\base_server\\node_modules\\express\\lib\\router\\index.js:280:10)\n    at E:\\Coderatory\\HRM\\base_server\\node_modules\\express\\lib\\router\\index.js:646:15\n    at next (E:\\Coderatory\\HRM\\base_server\\node_modules\\express\\lib\\router\\index.js:265:14)\n    at Function.handle (E:\\Coderatory\\HRM\\base_server\\node_modules\\express\\lib\\router\\index.js:175:3)\n    at router (E:\\Coderatory\\HRM\\base_server\\node_modules\\express\\lib\\router\\index.js:47:12)"
        }
    }
}
{
    "level": "INFO",
    "timestamp": "2024-11-08T22:35:34.789Z",
    "message": "Database connection established",
    "meta": {
        "CONNECTION_NAME": "test"
    }
}
{
    "level": "INFO",
    "timestamp": "2024-11-08T22:35:34.825Z",
    "message": "Rate limiter initiated",
    "meta": {}
}
{
    "level": "INFO",
    "timestamp": "2024-11-08T22:35:34.831Z",
    "message": "Application started on port 3000",
    "meta": {
        "SERVER_URL": "http://localhost:3000"
    }
}
{
    "level": "ERROR",
    "timestamp": "2024-11-08T22:47:12.164Z",
    "message": "Controller Response",
    "meta": {
        "success": false,
        "statusCode": 404,
        "request": {
            "ip": "::1",
            "method": "GET",
            "url": "/v1/employee/addemployees"
        },
        "message": "Route is not found",
        "data": null,
        "trace": {
            "error": "Error: Route is not found\n    at exports.default (E:\\Coderatory\\HRM\\base_server\\src\\handlers\\notFound.ts:7:15)\n    at Layer.handle [as handle_request] (E:\\Coderatory\\HRM\\base_server\\node_modules\\express\\lib\\router\\layer.js:95:5)\n    at trim_prefix (E:\\Coderatory\\HRM\\base_server\\node_modules\\express\\lib\\router\\index.js:328:13)\n    at E:\\Coderatory\\HRM\\base_server\\node_modules\\express\\lib\\router\\index.js:286:9\n    at Function.process_params (E:\\Coderatory\\HRM\\base_server\\node_modules\\express\\lib\\router\\index.js:346:12)\n    at next (E:\\Coderatory\\HRM\\base_server\\node_modules\\express\\lib\\router\\index.js:280:10)\n    at E:\\Coderatory\\HRM\\base_server\\node_modules\\express\\lib\\router\\index.js:646:15\n    at next (E:\\Coderatory\\HRM\\base_server\\node_modules\\express\\lib\\router\\index.js:265:14)\n    at Function.handle (E:\\Coderatory\\HRM\\base_server\\node_modules\\express\\lib\\router\\index.js:175:3)\n    at router (E:\\Coderatory\\HRM\\base_server\\node_modules\\express\\lib\\router\\index.js:47:12)"
        }
    }
}
{
    "level": "INFO",
    "timestamp": "2024-11-08T22:47:43.712Z",
    "message": "Database connection established",
    "meta": {
        "CONNECTION_NAME": "test"
    }
}
{
    "level": "INFO",
    "timestamp": "2024-11-08T22:47:43.758Z",
    "message": "Rate limiter initiated",
    "meta": {}
}
{
    "level": "INFO",
    "timestamp": "2024-11-08T22:47:43.765Z",
    "message": "Application started on port 3000",
    "meta": {
        "SERVER_URL": "http://localhost:3000"
    }
}
{
    "level": "ERROR",
    "timestamp": "2024-11-08T22:48:08.692Z",
    "message": "Controller Response",
    "meta": {
        "success": false,
        "statusCode": 404,
        "request": {
            "ip": "::1",
            "method": "POST",
            "url": "/v1/employee/employees"
        },
        "message": "Route is not found",
        "data": null,
        "trace": {
            "error": "Error: Route is not found\n    at exports.default (E:\\Coderatory\\HRM\\base_server\\src\\handlers\\notFound.ts:7:15)\n    at Layer.handle [as handle_request] (E:\\Coderatory\\HRM\\base_server\\node_modules\\express\\lib\\router\\layer.js:95:5)\n    at trim_prefix (E:\\Coderatory\\HRM\\base_server\\node_modules\\express\\lib\\router\\index.js:328:13)\n    at E:\\Coderatory\\HRM\\base_server\\node_modules\\express\\lib\\router\\index.js:286:9\n    at Function.process_params (E:\\Coderatory\\HRM\\base_server\\node_modules\\express\\lib\\router\\index.js:346:12)\n    at next (E:\\Coderatory\\HRM\\base_server\\node_modules\\express\\lib\\router\\index.js:280:10)\n    at E:\\Coderatory\\HRM\\base_server\\node_modules\\express\\lib\\router\\index.js:646:15\n    at next (E:\\Coderatory\\HRM\\base_server\\node_modules\\express\\lib\\router\\index.js:265:14)\n    at Function.handle (E:\\Coderatory\\HRM\\base_server\\node_modules\\express\\lib\\router\\index.js:175:3)\n    at router (E:\\Coderatory\\HRM\\base_server\\node_modules\\express\\lib\\router\\index.js:47:12)"
        }
    }
}
{
    "level": "ERROR",
    "timestamp": "2024-11-08T22:51:16.304Z",
    "message": "Controller Response",
    "meta": {
        "success": false,
        "statusCode": 404,
        "request": {
            "ip": "::1",
            "method": "POST",
            "url": "/v1/employee/employees"
        },
        "message": "Route is not found",
        "data": null,
        "trace": {
            "error": "Error: Route is not found\n    at exports.default (E:\\Coderatory\\HRM\\base_server\\src\\handlers\\notFound.ts:7:15)\n    at Layer.handle [as handle_request] (E:\\Coderatory\\HRM\\base_server\\node_modules\\express\\lib\\router\\layer.js:95:5)\n    at trim_prefix (E:\\Coderatory\\HRM\\base_server\\node_modules\\express\\lib\\router\\index.js:328:13)\n    at E:\\Coderatory\\HRM\\base_server\\node_modules\\express\\lib\\router\\index.js:286:9\n    at Function.process_params (E:\\Coderatory\\HRM\\base_server\\node_modules\\express\\lib\\router\\index.js:346:12)\n    at next (E:\\Coderatory\\HRM\\base_server\\node_modules\\express\\lib\\router\\index.js:280:10)\n    at E:\\Coderatory\\HRM\\base_server\\node_modules\\express\\lib\\router\\index.js:646:15\n    at next (E:\\Coderatory\\HRM\\base_server\\node_modules\\express\\lib\\router\\index.js:265:14)\n    at Function.handle (E:\\Coderatory\\HRM\\base_server\\node_modules\\express\\lib\\router\\index.js:175:3)\n    at router (E:\\Coderatory\\HRM\\base_server\\node_modules\\express\\lib\\router\\index.js:47:12)"
        }
    }
}
{
    "level": "ERROR",
    "timestamp": "2024-11-08T22:51:18.691Z",
    "message": "Controller Response",
    "meta": {
        "success": false,
        "statusCode": 404,
        "request": {
            "ip": "::1",
            "method": "POST",
            "url": "/v1/employee/employees"
        },
        "message": "Route is not found",
        "data": null,
        "trace": {
            "error": "Error: Route is not found\n    at exports.default (E:\\Coderatory\\HRM\\base_server\\src\\handlers\\notFound.ts:7:15)\n    at Layer.handle [as handle_request] (E:\\Coderatory\\HRM\\base_server\\node_modules\\express\\lib\\router\\layer.js:95:5)\n    at trim_prefix (E:\\Coderatory\\HRM\\base_server\\node_modules\\express\\lib\\router\\index.js:328:13)\n    at E:\\Coderatory\\HRM\\base_server\\node_modules\\express\\lib\\router\\index.js:286:9\n    at Function.process_params (E:\\Coderatory\\HRM\\base_server\\node_modules\\express\\lib\\router\\index.js:346:12)\n    at next (E:\\Coderatory\\HRM\\base_server\\node_modules\\express\\lib\\router\\index.js:280:10)\n    at E:\\Coderatory\\HRM\\base_server\\node_modules\\express\\lib\\router\\index.js:646:15\n    at next (E:\\Coderatory\\HRM\\base_server\\node_modules\\express\\lib\\router\\index.js:265:14)\n    at Function.handle (E:\\Coderatory\\HRM\\base_server\\node_modules\\express\\lib\\router\\index.js:175:3)\n    at router (E:\\Coderatory\\HRM\\base_server\\node_modules\\express\\lib\\router\\index.js:47:12)"
        }
    }
}
{
    "level": "ERROR",
    "timestamp": "2024-11-08T22:51:40.620Z",
    "message": "Controller Response",
    "meta": {
        "success": false,
        "statusCode": 404,
        "request": {
            "ip": "::1",
            "method": "POST",
            "url": "/v1/employee/employees/addEmployee"
        },
        "message": "Route is not found",
        "data": null,
        "trace": {
            "error": "Error: Route is not found\n    at exports.default (E:\\Coderatory\\HRM\\base_server\\src\\handlers\\notFound.ts:7:15)\n    at Layer.handle [as handle_request] (E:\\Coderatory\\HRM\\base_server\\node_modules\\express\\lib\\router\\layer.js:95:5)\n    at trim_prefix (E:\\Coderatory\\HRM\\base_server\\node_modules\\express\\lib\\router\\index.js:328:13)\n    at E:\\Coderatory\\HRM\\base_server\\node_modules\\express\\lib\\router\\index.js:286:9\n    at Function.process_params (E:\\Coderatory\\HRM\\base_server\\node_modules\\express\\lib\\router\\index.js:346:12)\n    at next (E:\\Coderatory\\HRM\\base_server\\node_modules\\express\\lib\\router\\index.js:280:10)\n    at E:\\Coderatory\\HRM\\base_server\\node_modules\\express\\lib\\router\\index.js:646:15\n    at next (E:\\Coderatory\\HRM\\base_server\\node_modules\\express\\lib\\router\\index.js:265:14)\n    at Function.handle (E:\\Coderatory\\HRM\\base_server\\node_modules\\express\\lib\\router\\index.js:175:3)\n    at router (E:\\Coderatory\\HRM\\base_server\\node_modules\\express\\lib\\router\\index.js:47:12)"
        }
    }
}
{
    "level": "ERROR",
    "timestamp": "2024-11-09T07:56:29.645Z",
    "message": "Error during bootstrap:",
    "meta": {
        "message": "Could not connect to any servers in your MongoDB Atlas cluster. One common reason is that you're trying to access the database from an IP that isn't whitelisted. Make sure your current IP address is on your Atlas cluster's IP whitelist: https://www.mongodb.com/docs/atlas/security-whitelist/",
        "reason": {
            "type": "ReplicaSetNoPrimary",
            "servers": {
                "hrm-shard-00-01.kzoqx.mongodb.net:27017": {
                    "address": "hrm-shard-00-01.kzoqx.mongodb.net:27017",
                    "type": "Unknown",
                    "hosts": [],
                    "passives": [],
                    "arbiters": [],
                    "tags": {},
                    "minWireVersion": 0,
                    "maxWireVersion": 0,
                    "roundTripTime": -1,
                    "minRoundTripTime": 0,
                    "lastUpdateTime": 263897,
                    "lastWriteDate": 0,
                    "error": {},
                    "topologyVersion": null,
                    "setName": null,
                    "setVersion": null,
                    "electionId": null,
                    "logicalSessionTimeoutMinutes": null,
                    "maxMessageSizeBytes": null,
                    "maxWriteBatchSize": null,
                    "maxBsonObjectSize": null,
                    "primary": null,
                    "me": null,
                    "$clusterTime": null
                },
                "hrm-shard-00-00.kzoqx.mongodb.net:27017": {
                    "address": "hrm-shard-00-00.kzoqx.mongodb.net:27017",
                    "type": "Unknown",
                    "hosts": [],
                    "passives": [],
                    "arbiters": [],
                    "tags": {},
                    "minWireVersion": 0,
                    "maxWireVersion": 0,
                    "roundTripTime": -1,
                    "minRoundTripTime": 0,
                    "lastUpdateTime": 263899,
                    "lastWriteDate": 0,
                    "error": {},
                    "topologyVersion": null,
                    "setName": null,
                    "setVersion": null,
                    "electionId": null,
                    "logicalSessionTimeoutMinutes": null,
                    "maxMessageSizeBytes": null,
                    "maxWriteBatchSize": null,
                    "maxBsonObjectSize": null,
                    "primary": null,
                    "me": null,
                    "$clusterTime": null
                },
                "hrm-shard-00-02.kzoqx.mongodb.net:27017": {
                    "address": "hrm-shard-00-02.kzoqx.mongodb.net:27017",
                    "type": "Unknown",
                    "hosts": [],
                    "passives": [],
                    "arbiters": [],
                    "tags": {},
                    "minWireVersion": 0,
                    "maxWireVersion": 0,
                    "roundTripTime": -1,
                    "minRoundTripTime": 0,
                    "lastUpdateTime": 263924,
                    "lastWriteDate": 0,
                    "error": {},
                    "topologyVersion": null,
                    "setName": null,
                    "setVersion": null,
                    "electionId": null,
                    "logicalSessionTimeoutMinutes": null,
                    "maxMessageSizeBytes": null,
                    "maxWriteBatchSize": null,
                    "maxBsonObjectSize": null,
                    "primary": null,
                    "me": null,
                    "$clusterTime": null
                }
            },
            "stale": false,
            "compatible": true,
            "heartbeatFrequencyMS": 10000,
            "localThresholdMS": 15,
            "setName": "atlas-pd8o8a-shard-0",
            "maxElectionId": null,
            "maxSetVersion": null,
            "commonWireVersion": 0,
            "logicalSessionTimeoutMinutes": null
        }
    }
}
{
    "level": "INFO",
    "timestamp": "2024-11-09T07:59:08.297Z",
    "message": "Database connection established",
    "meta": {
        "CONNECTION_NAME": "test"
    }
}
{
    "level": "INFO",
    "timestamp": "2024-11-09T07:59:08.308Z",
    "message": "Rate limiter initiated",
    "meta": {}
}
{
    "level": "INFO",
    "timestamp": "2024-11-09T07:59:08.309Z",
    "message": "Application started on port 3000",
    "meta": {
        "SERVER_URL": "http://localhost:3000"
    }
}
{
    "level": "ERROR",
    "timestamp": "2024-11-09T08:00:04.602Z",
    "message": "Controller Response",
    "meta": {
        "success": false,
        "statusCode": 404,
        "request": {
            "ip": "::1",
            "method": "POST",
            "url": "/v1/employee/employees/addEmployee"
        },
        "message": "Route is not found",
        "data": null,
        "trace": {
            "error": "Error: Route is not found\n    at exports.default (E:\\Coderatory\\HRM\\base_server\\src\\handlers\\notFound.ts:7:15)\n    at Layer.handle [as handle_request] (E:\\Coderatory\\HRM\\base_server\\node_modules\\express\\lib\\router\\layer.js:95:5)\n    at trim_prefix (E:\\Coderatory\\HRM\\base_server\\node_modules\\express\\lib\\router\\index.js:328:13)\n    at E:\\Coderatory\\HRM\\base_server\\node_modules\\express\\lib\\router\\index.js:286:9\n    at Function.process_params (E:\\Coderatory\\HRM\\base_server\\node_modules\\express\\lib\\router\\index.js:346:12)\n    at next (E:\\Coderatory\\HRM\\base_server\\node_modules\\express\\lib\\router\\index.js:280:10)\n    at E:\\Coderatory\\HRM\\base_server\\node_modules\\express\\lib\\router\\index.js:646:15\n    at next (E:\\Coderatory\\HRM\\base_server\\node_modules\\express\\lib\\router\\index.js:265:14)\n    at Function.handle (E:\\Coderatory\\HRM\\base_server\\node_modules\\express\\lib\\router\\index.js:175:3)\n    at router (E:\\Coderatory\\HRM\\base_server\\node_modules\\express\\lib\\router\\index.js:47:12)"
        }
    }
}
{
    "level": "INFO",
    "timestamp": "2024-11-09T08:01:05.847Z",
    "message": "Database connection established",
    "meta": {
        "CONNECTION_NAME": "test"
    }
}
{
    "level": "INFO",
    "timestamp": "2024-11-09T08:01:05.862Z",
    "message": "Rate limiter initiated",
    "meta": {}
}
{
    "level": "INFO",
    "timestamp": "2024-11-09T08:01:05.864Z",
    "message": "Application started on port 3000",
    "meta": {
        "SERVER_URL": "http://localhost:3000"
    }
}
{
    "level": "INFO",
    "timestamp": "2024-11-09T21:17:20.663Z",
    "message": "Database connection established",
    "meta": {
        "CONNECTION_NAME": "test"
    }
}
{
    "level": "INFO",
    "timestamp": "2024-11-09T21:17:20.679Z",
    "message": "Rate limiter initiated",
    "meta": {}
}
{
    "level": "INFO",
    "timestamp": "2024-11-09T21:17:20.681Z",
    "message": "Application started on port 3000",
    "meta": {
        "SERVER_URL": "http://localhost:3000"
    }
}
{
    "level": "ERROR",
    "timestamp": "2024-11-11T15:29:09.481Z",
    "message": "Error during bootstrap:",
    "meta": {
        "message": "Could not connect to any servers in your MongoDB Atlas cluster. One common reason is that you're trying to access the database from an IP that isn't whitelisted. Make sure your current IP address is on your Atlas cluster's IP whitelist: https://www.mongodb.com/docs/atlas/security-whitelist/",
        "reason": {
            "type": "ReplicaSetNoPrimary",
            "servers": {
                "hrm-shard-00-00.kzoqx.mongodb.net:27017": {
                    "address": "hrm-shard-00-00.kzoqx.mongodb.net:27017",
                    "type": "Unknown",
                    "hosts": [],
                    "passives": [],
                    "arbiters": [],
                    "tags": {},
                    "minWireVersion": 0,
                    "maxWireVersion": 0,
                    "roundTripTime": -1,
                    "minRoundTripTime": 0,
                    "lastUpdateTime": 740395,
                    "lastWriteDate": 0,
                    "error": {},
                    "topologyVersion": null,
                    "setName": null,
                    "setVersion": null,
                    "electionId": null,
                    "logicalSessionTimeoutMinutes": null,
                    "maxMessageSizeBytes": null,
                    "maxWriteBatchSize": null,
                    "maxBsonObjectSize": null,
                    "primary": null,
                    "me": null,
                    "$clusterTime": null
                },
                "hrm-shard-00-02.kzoqx.mongodb.net:27017": {
                    "address": "hrm-shard-00-02.kzoqx.mongodb.net:27017",
                    "type": "Unknown",
                    "hosts": [],
                    "passives": [],
                    "arbiters": [],
                    "tags": {},
                    "minWireVersion": 0,
                    "maxWireVersion": 0,
                    "roundTripTime": -1,
                    "minRoundTripTime": 0,
                    "lastUpdateTime": 740395,
                    "lastWriteDate": 0,
                    "error": {},
                    "topologyVersion": null,
                    "setName": null,
                    "setVersion": null,
                    "electionId": null,
                    "logicalSessionTimeoutMinutes": null,
                    "maxMessageSizeBytes": null,
                    "maxWriteBatchSize": null,
                    "maxBsonObjectSize": null,
                    "primary": null,
                    "me": null,
                    "$clusterTime": null
                },
                "hrm-shard-00-01.kzoqx.mongodb.net:27017": {
                    "address": "hrm-shard-00-01.kzoqx.mongodb.net:27017",
                    "type": "Unknown",
                    "hosts": [],
                    "passives": [],
                    "arbiters": [],
                    "tags": {},
                    "minWireVersion": 0,
                    "maxWireVersion": 0,
                    "roundTripTime": -1,
                    "minRoundTripTime": 0,
                    "lastUpdateTime": 740396,
                    "lastWriteDate": 0,
                    "error": {},
                    "topologyVersion": null,
                    "setName": null,
                    "setVersion": null,
                    "electionId": null,
                    "logicalSessionTimeoutMinutes": null,
                    "maxMessageSizeBytes": null,
                    "maxWriteBatchSize": null,
                    "maxBsonObjectSize": null,
                    "primary": null,
                    "me": null,
                    "$clusterTime": null
                }
            },
            "stale": false,
            "compatible": true,
            "heartbeatFrequencyMS": 10000,
            "localThresholdMS": 15,
            "setName": "atlas-pd8o8a-shard-0",
            "maxElectionId": null,
            "maxSetVersion": null,
            "commonWireVersion": 0,
            "logicalSessionTimeoutMinutes": null
        }
    }
}
{
    "level": "INFO",
    "timestamp": "2024-11-11T15:34:25.985Z",
    "message": "Database connection established",
    "meta": {
        "CONNECTION_NAME": "test"
    }
}
{
    "level": "INFO",
    "timestamp": "2024-11-11T15:34:26.019Z",
    "message": "Rate limiter initiated",
    "meta": {}
}
{
    "level": "INFO",
    "timestamp": "2024-11-11T15:34:26.024Z",
    "message": "Application started on port 3000",
    "meta": {
        "SERVER_URL": "http://localhost:3000"
    }
}
{
    "level": "ERROR",
    "timestamp": "2024-11-12T17:20:17.061Z",
    "message": "Error during bootstrap:",
    "meta": {
        "message": "Could not connect to any servers in your MongoDB Atlas cluster. One common reason is that you're trying to access the database from an IP that isn't whitelisted. Make sure your current IP address is on your Atlas cluster's IP whitelist: https://www.mongodb.com/docs/atlas/security-whitelist/",
        "reason": {
            "type": "ReplicaSetNoPrimary",
            "servers": {
                "hrm-shard-00-01.kzoqx.mongodb.net:27017": {
                    "address": "hrm-shard-00-01.kzoqx.mongodb.net:27017",
                    "type": "Unknown",
                    "hosts": [],
                    "passives": [],
                    "arbiters": [],
                    "tags": {},
                    "minWireVersion": 0,
                    "maxWireVersion": 0,
                    "roundTripTime": -1,
                    "minRoundTripTime": 0,
                    "lastUpdateTime": 3957640,
                    "lastWriteDate": 0,
                    "error": {},
                    "topologyVersion": null,
                    "setName": null,
                    "setVersion": null,
                    "electionId": null,
                    "logicalSessionTimeoutMinutes": null,
                    "maxMessageSizeBytes": null,
                    "maxWriteBatchSize": null,
                    "maxBsonObjectSize": null,
                    "primary": null,
                    "me": null,
                    "$clusterTime": null
                },
                "hrm-shard-00-02.kzoqx.mongodb.net:27017": {
                    "address": "hrm-shard-00-02.kzoqx.mongodb.net:27017",
                    "type": "Unknown",
                    "hosts": [],
                    "passives": [],
                    "arbiters": [],
                    "tags": {},
                    "minWireVersion": 0,
                    "maxWireVersion": 0,
                    "roundTripTime": -1,
                    "minRoundTripTime": 0,
                    "lastUpdateTime": 3957741,
                    "lastWriteDate": 0,
                    "error": {},
                    "topologyVersion": null,
                    "setName": null,
                    "setVersion": null,
                    "electionId": null,
                    "logicalSessionTimeoutMinutes": null,
                    "maxMessageSizeBytes": null,
                    "maxWriteBatchSize": null,
                    "maxBsonObjectSize": null,
                    "primary": null,
                    "me": null,
                    "$clusterTime": null
                },
                "hrm-shard-00-00.kzoqx.mongodb.net:27017": {
                    "address": "hrm-shard-00-00.kzoqx.mongodb.net:27017",
                    "type": "Unknown",
                    "hosts": [],
                    "passives": [],
                    "arbiters": [],
                    "tags": {},
                    "minWireVersion": 0,
                    "maxWireVersion": 0,
                    "roundTripTime": -1,
                    "minRoundTripTime": 0,
                    "lastUpdateTime": 3957283,
                    "lastWriteDate": 0,
                    "error": {},
                    "topologyVersion": null,
                    "setName": null,
                    "setVersion": null,
                    "electionId": null,
                    "logicalSessionTimeoutMinutes": null,
                    "maxMessageSizeBytes": null,
                    "maxWriteBatchSize": null,
                    "maxBsonObjectSize": null,
                    "primary": null,
                    "me": null,
                    "$clusterTime": null
                }
            },
            "stale": false,
            "compatible": true,
            "heartbeatFrequencyMS": 10000,
            "localThresholdMS": 15,
            "setName": "atlas-pd8o8a-shard-0",
            "maxElectionId": null,
            "maxSetVersion": null,
            "commonWireVersion": 0,
            "logicalSessionTimeoutMinutes": null
        }
    }
}
{
    "level": "ERROR",
    "timestamp": "2024-11-12T17:27:14.567Z",
    "message": "Error during bootstrap:",
    "meta": {
        "message": "Could not connect to any servers in your MongoDB Atlas cluster. One common reason is that you're trying to access the database from an IP that isn't whitelisted. Make sure your current IP address is on your Atlas cluster's IP whitelist: https://www.mongodb.com/docs/atlas/security-whitelist/",
        "reason": {
            "type": "ReplicaSetNoPrimary",
            "servers": {
                "hrm-shard-00-00.kzoqx.mongodb.net:27017": {
                    "address": "hrm-shard-00-00.kzoqx.mongodb.net:27017",
                    "type": "Unknown",
                    "hosts": [],
                    "passives": [],
                    "arbiters": [],
                    "tags": {},
                    "minWireVersion": 0,
                    "maxWireVersion": 0,
                    "roundTripTime": -1,
                    "minRoundTripTime": 0,
                    "lastUpdateTime": 4374979,
                    "lastWriteDate": 0,
                    "error": {},
                    "topologyVersion": null,
                    "setName": null,
                    "setVersion": null,
                    "electionId": null,
                    "logicalSessionTimeoutMinutes": null,
                    "maxMessageSizeBytes": null,
                    "maxWriteBatchSize": null,
                    "maxBsonObjectSize": null,
                    "primary": null,
                    "me": null,
                    "$clusterTime": null
                },
                "hrm-shard-00-01.kzoqx.mongodb.net:27017": {
                    "address": "hrm-shard-00-01.kzoqx.mongodb.net:27017",
                    "type": "Unknown",
                    "hosts": [],
                    "passives": [],
                    "arbiters": [],
                    "tags": {},
                    "minWireVersion": 0,
                    "maxWireVersion": 0,
                    "roundTripTime": -1,
                    "minRoundTripTime": 0,
                    "lastUpdateTime": 4375470,
                    "lastWriteDate": 0,
                    "error": {},
                    "topologyVersion": null,
                    "setName": null,
                    "setVersion": null,
                    "electionId": null,
                    "logicalSessionTimeoutMinutes": null,
                    "maxMessageSizeBytes": null,
                    "maxWriteBatchSize": null,
                    "maxBsonObjectSize": null,
                    "primary": null,
                    "me": null,
                    "$clusterTime": null
                },
                "hrm-shard-00-02.kzoqx.mongodb.net:27017": {
                    "address": "hrm-shard-00-02.kzoqx.mongodb.net:27017",
                    "type": "Unknown",
                    "hosts": [],
                    "passives": [],
                    "arbiters": [],
                    "tags": {},
                    "minWireVersion": 0,
                    "maxWireVersion": 0,
                    "roundTripTime": -1,
                    "minRoundTripTime": 0,
                    "lastUpdateTime": 4374980,
                    "lastWriteDate": 0,
                    "error": {},
                    "topologyVersion": null,
                    "setName": null,
                    "setVersion": null,
                    "electionId": null,
                    "logicalSessionTimeoutMinutes": null,
                    "maxMessageSizeBytes": null,
                    "maxWriteBatchSize": null,
                    "maxBsonObjectSize": null,
                    "primary": null,
                    "me": null,
                    "$clusterTime": null
                }
            },
            "stale": false,
            "compatible": true,
            "heartbeatFrequencyMS": 10000,
            "localThresholdMS": 15,
            "setName": "atlas-pd8o8a-shard-0",
            "maxElectionId": null,
            "maxSetVersion": null,
            "commonWireVersion": 0,
            "logicalSessionTimeoutMinutes": null
        }
    }
}
{
    "level": "INFO",
    "timestamp": "2024-11-12T17:29:03.648Z",
    "message": "Database connection established",
    "meta": {
        "CONNECTION_NAME": "test"
    }
}
{
    "level": "INFO",
    "timestamp": "2024-11-12T17:29:03.681Z",
    "message": "Rate limiter initiated",
    "meta": {}
}
{
    "level": "INFO",
    "timestamp": "2024-11-12T17:29:03.688Z",
    "message": "Application started on port 3000",
    "meta": {
        "SERVER_URL": "http://localhost:3000"
    }
}
{
    "level": "INFO",
    "timestamp": "2024-11-12T21:17:38.877Z",
    "message": "Database connection established",
    "meta": {
        "CONNECTION_NAME": "test"
    }
}
{
    "level": "INFO",
    "timestamp": "2024-11-12T21:17:38.902Z",
    "message": "Rate limiter initiated",
    "meta": {}
}
{
    "level": "INFO",
    "timestamp": "2024-11-12T21:17:38.906Z",
    "message": "Application started on port 3000",
    "meta": {
        "SERVER_URL": "http://localhost:3000"
    }
}
{
    "level": "ERROR",
    "timestamp": "2024-11-13T14:39:12.914Z",
    "message": "Error during bootstrap:",
    "meta": {
        "message": "Could not connect to any servers in your MongoDB Atlas cluster. One common reason is that you're trying to access the database from an IP that isn't whitelisted. Make sure your current IP address is on your Atlas cluster's IP whitelist: https://www.mongodb.com/docs/atlas/security-whitelist/",
        "reason": {
            "type": "ReplicaSetNoPrimary",
            "servers": {
                "hrm-shard-00-00.kzoqx.mongodb.net:27017": {
                    "address": "hrm-shard-00-00.kzoqx.mongodb.net:27017",
                    "type": "Unknown",
                    "hosts": [],
                    "passives": [],
                    "arbiters": [],
                    "tags": {},
                    "minWireVersion": 0,
                    "maxWireVersion": 0,
                    "roundTripTime": -1,
                    "minRoundTripTime": 0,
                    "lastUpdateTime": 235682,
                    "lastWriteDate": 0,
                    "error": {},
                    "topologyVersion": null,
                    "setName": null,
                    "setVersion": null,
                    "electionId": null,
                    "logicalSessionTimeoutMinutes": null,
                    "maxMessageSizeBytes": null,
                    "maxWriteBatchSize": null,
                    "maxBsonObjectSize": null,
                    "primary": null,
                    "me": null,
                    "$clusterTime": null
                },
                "hrm-shard-00-01.kzoqx.mongodb.net:27017": {
                    "address": "hrm-shard-00-01.kzoqx.mongodb.net:27017",
                    "type": "Unknown",
                    "hosts": [],
                    "passives": [],
                    "arbiters": [],
                    "tags": {},
                    "minWireVersion": 0,
                    "maxWireVersion": 0,
                    "roundTripTime": -1,
                    "minRoundTripTime": 0,
                    "lastUpdateTime": 235742,
                    "lastWriteDate": 0,
                    "error": {},
                    "topologyVersion": null,
                    "setName": null,
                    "setVersion": null,
                    "electionId": null,
                    "logicalSessionTimeoutMinutes": null,
                    "maxMessageSizeBytes": null,
                    "maxWriteBatchSize": null,
                    "maxBsonObjectSize": null,
                    "primary": null,
                    "me": null,
                    "$clusterTime": null
                },
                "hrm-shard-00-02.kzoqx.mongodb.net:27017": {
                    "address": "hrm-shard-00-02.kzoqx.mongodb.net:27017",
                    "type": "Unknown",
                    "hosts": [],
                    "passives": [],
                    "arbiters": [],
                    "tags": {},
                    "minWireVersion": 0,
                    "maxWireVersion": 0,
                    "roundTripTime": -1,
                    "minRoundTripTime": 0,
                    "lastUpdateTime": 235397,
                    "lastWriteDate": 0,
                    "error": {},
                    "topologyVersion": null,
                    "setName": null,
                    "setVersion": null,
                    "electionId": null,
                    "logicalSessionTimeoutMinutes": null,
                    "maxMessageSizeBytes": null,
                    "maxWriteBatchSize": null,
                    "maxBsonObjectSize": null,
                    "primary": null,
                    "me": null,
                    "$clusterTime": null
                }
            },
            "stale": false,
            "compatible": true,
            "heartbeatFrequencyMS": 10000,
            "localThresholdMS": 15,
            "setName": "atlas-pd8o8a-shard-0",
            "maxElectionId": null,
            "maxSetVersion": null,
            "commonWireVersion": 0,
            "logicalSessionTimeoutMinutes": null
        }
    }
}
{
    "level": "INFO",
    "timestamp": "2024-11-13T14:43:12.200Z",
    "message": "Database connection established",
    "meta": {
        "CONNECTION_NAME": "test"
    }
}
{
    "level": "INFO",
    "timestamp": "2024-11-13T14:43:12.218Z",
    "message": "Rate limiter initiated",
    "meta": {}
}
{
    "level": "INFO",
    "timestamp": "2024-11-13T14:43:12.221Z",
    "message": "Application started on port 3000",
    "meta": {
        "SERVER_URL": "http://localhost:3000"
    }
}
{
    "level": "INFO",
    "timestamp": "2024-11-16T09:34:46.688Z",
    "message": "Database connection established",
    "meta": {
        "CONNECTION_NAME": "test"
    }
}
{
    "level": "INFO",
    "timestamp": "2024-11-16T09:34:46.697Z",
    "message": "Rate limiter initiated",
    "meta": {}
}
{
    "level": "INFO",
    "timestamp": "2024-11-16T09:34:46.699Z",
    "message": "Application started on port 3000",
    "meta": {
        "SERVER_URL": "http://localhost:3000"
    }
}
{
    "level": "INFO",
    "timestamp": "2024-11-16T15:14:21.747Z",
    "message": "Database connection established",
    "meta": {
        "CONNECTION_NAME": "test"
    }
}
{
    "level": "INFO",
    "timestamp": "2024-11-16T15:14:21.761Z",
    "message": "Rate limiter initiated",
    "meta": {}
}
{
    "level": "INFO",
    "timestamp": "2024-11-16T15:14:21.762Z",
    "message": "Application started on port 3000",
    "meta": {
        "SERVER_URL": "http://localhost:3000"
    }
}
{
    "level": "INFO",
    "timestamp": "2024-11-16T15:25:42.254Z",
    "message": "Database connection established",
    "meta": {
        "CONNECTION_NAME": "test"
    }
}
{
    "level": "INFO",
    "timestamp": "2024-11-16T15:25:42.271Z",
    "message": "Rate limiter initiated",
    "meta": {}
}
{
    "level": "INFO",
    "timestamp": "2024-11-16T15:25:42.273Z",
    "message": "Application started on port 3000",
    "meta": {
        "SERVER_URL": "http://localhost:3000"
    }
}
{
    "level": "INFO",
    "timestamp": "2024-11-16T15:28:33.158Z",
    "message": "Database connection established",
    "meta": {
        "CONNECTION_NAME": "test"
    }
}
{
    "level": "INFO",
    "timestamp": "2024-11-16T15:28:33.172Z",
    "message": "Rate limiter initiated",
    "meta": {}
}
{
    "level": "INFO",
    "timestamp": "2024-11-16T15:28:33.175Z",
    "message": "Application started on port 3000",
    "meta": {
        "SERVER_URL": "http://localhost:3000"
    }
}
{
    "level": "ERROR",
    "timestamp": "2024-11-16T15:29:25.542Z",
    "message": "Controller Response",
    "meta": {
        "success": false,
        "statusCode": 404,
        "request": {
            "ip": "::1",
            "method": "GET",
            "url": "/favicon.ico"
        },
        "message": "Route is not found",
        "data": null,
        "trace": {
            "error": "Error: Route is not found\n    at exports.default (E:\\Coderatory\\HRM\\base_server\\src\\handlers\\notFound.ts:7:15)\n    at Layer.handle [as handle_request] (E:\\Coderatory\\HRM\\base_server\\node_modules\\express\\lib\\router\\layer.js:95:5)\n    at trim_prefix (E:\\Coderatory\\HRM\\base_server\\node_modules\\express\\lib\\router\\index.js:328:13)\n    at E:\\Coderatory\\HRM\\base_server\\node_modules\\express\\lib\\router\\index.js:286:9\n    at Function.process_params (E:\\Coderatory\\HRM\\base_server\\node_modules\\express\\lib\\router\\index.js:346:12)\n    at next (E:\\Coderatory\\HRM\\base_server\\node_modules\\express\\lib\\router\\index.js:280:10)\n    at SendStream.error (E:\\Coderatory\\HRM\\base_server\\node_modules\\serve-static\\index.js:121:7)\n    at SendStream.emit (node:events:519:28)\n    at SendStream.emit (node:domain:488:12)\n    at SendStream.error (E:\\Coderatory\\HRM\\base_server\\node_modules\\send\\index.js:270:17)"
        }
    }
}
{
    "level": "INFO",
    "timestamp": "2024-11-16T15:51:04.912Z",
    "message": "Database connection established",
    "meta": {
        "CONNECTION_NAME": "test"
    }
}
{
    "level": "INFO",
    "timestamp": "2024-11-16T15:51:04.921Z",
    "message": "Rate limiter initiated",
    "meta": {}
}
{
    "level": "INFO",
    "timestamp": "2024-11-16T15:51:04.922Z",
    "message": "Application started on port 3000",
    "meta": {
        "SERVER_URL": "http://localhost:3000"
    }
}
{
    "level": "INFO",
    "timestamp": "2024-11-16T15:54:03.106Z",
    "message": "Database connection established",
    "meta": {
        "CONNECTION_NAME": "test"
    }
}
{
    "level": "INFO",
    "timestamp": "2024-11-16T15:54:03.113Z",
    "message": "Rate limiter initiated",
    "meta": {}
}
{
    "level": "INFO",
    "timestamp": "2024-11-16T15:54:03.115Z",
    "message": "Application started on port 3000",
    "meta": {
        "SERVER_URL": "http://localhost:3000"
    }
}
{
    "level": "ERROR",
    "timestamp": "2024-11-16T16:55:12.609Z",
    "message": "Controller Response",
    "meta": {
        "success": false,
        "statusCode": 404,
        "request": {
            "ip": "::1",
            "method": "POST",
            "url": "/api/users/signup"
        },
        "message": "Route is not found",
        "data": null,
        "trace": {
            "error": "Error: Route is not found\n    at exports.default (E:\\Coderatory\\HRM\\base_server\\src\\handlers\\notFound.ts:7:15)\n    at Layer.handle [as handle_request] (E:\\Coderatory\\HRM\\base_server\\node_modules\\express\\lib\\router\\layer.js:95:5)\n    at trim_prefix (E:\\Coderatory\\HRM\\base_server\\node_modules\\express\\lib\\router\\index.js:328:13)\n    at E:\\Coderatory\\HRM\\base_server\\node_modules\\express\\lib\\router\\index.js:286:9\n    at Function.process_params (E:\\Coderatory\\HRM\\base_server\\node_modules\\express\\lib\\router\\index.js:346:12)\n    at next (E:\\Coderatory\\HRM\\base_server\\node_modules\\express\\lib\\router\\index.js:280:10)\n    at serveStatic (E:\\Coderatory\\HRM\\base_server\\node_modules\\serve-static\\index.js:75:16)\n    at Layer.handle [as handle_request] (E:\\Coderatory\\HRM\\base_server\\node_modules\\express\\lib\\router\\layer.js:95:5)\n    at trim_prefix (E:\\Coderatory\\HRM\\base_server\\node_modules\\express\\lib\\router\\index.js:328:13)\n    at E:\\Coderatory\\HRM\\base_server\\node_modules\\express\\lib\\router\\index.js:286:9"
        }
    }
}
{
    "level": "INFO",
    "timestamp": "2024-11-16T18:11:19.711Z",
    "message": "Database connection established",
    "meta": {
        "CONNECTION_NAME": "test"
    }
}
{
    "level": "INFO",
    "timestamp": "2024-11-16T18:11:19.727Z",
    "message": "Rate limiter initiated",
    "meta": {}
}
{
    "level": "INFO",
    "timestamp": "2024-11-16T18:11:19.729Z",
    "message": "Application started on port 3000",
    "meta": {
        "SERVER_URL": "http://localhost:3000"
    }
}
{
    "level": "ERROR",
    "timestamp": "2024-11-16T21:52:34.492Z",
    "message": "Error during bootstrap:",
    "meta": {
        "message": "Could not connect to any servers in your MongoDB Atlas cluster. One common reason is that you're trying to access the database from an IP that isn't whitelisted. Make sure your current IP address is on your Atlas cluster's IP whitelist: https://www.mongodb.com/docs/atlas/security-whitelist/",
        "reason": {
            "type": "ReplicaSetNoPrimary",
            "servers": {
                "hrm-shard-00-01.kzoqx.mongodb.net:27017": {
                    "address": "hrm-shard-00-01.kzoqx.mongodb.net:27017",
                    "type": "Unknown",
                    "hosts": [],
                    "passives": [],
                    "arbiters": [],
                    "tags": {},
                    "minWireVersion": 0,
                    "maxWireVersion": 0,
                    "roundTripTime": -1,
                    "minRoundTripTime": 0,
                    "lastUpdateTime": 2900675,
                    "lastWriteDate": 0,
                    "error": {},
                    "topologyVersion": null,
                    "setName": null,
                    "setVersion": null,
                    "electionId": null,
                    "logicalSessionTimeoutMinutes": null,
                    "maxMessageSizeBytes": null,
                    "maxWriteBatchSize": null,
                    "maxBsonObjectSize": null,
                    "primary": null,
                    "me": null,
                    "$clusterTime": null
                },
                "hrm-shard-00-00.kzoqx.mongodb.net:27017": {
                    "address": "hrm-shard-00-00.kzoqx.mongodb.net:27017",
                    "type": "Unknown",
                    "hosts": [],
                    "passives": [],
                    "arbiters": [],
                    "tags": {},
                    "minWireVersion": 0,
                    "maxWireVersion": 0,
                    "roundTripTime": -1,
                    "minRoundTripTime": 0,
                    "lastUpdateTime": 2900737,
                    "lastWriteDate": 0,
                    "error": {},
                    "topologyVersion": null,
                    "setName": null,
                    "setVersion": null,
                    "electionId": null,
                    "logicalSessionTimeoutMinutes": null,
                    "maxMessageSizeBytes": null,
                    "maxWriteBatchSize": null,
                    "maxBsonObjectSize": null,
                    "primary": null,
                    "me": null,
                    "$clusterTime": null
                },
                "hrm-shard-00-02.kzoqx.mongodb.net:27017": {
                    "address": "hrm-shard-00-02.kzoqx.mongodb.net:27017",
                    "type": "Unknown",
                    "hosts": [],
                    "passives": [],
                    "arbiters": [],
                    "tags": {},
                    "minWireVersion": 0,
                    "maxWireVersion": 0,
                    "roundTripTime": -1,
                    "minRoundTripTime": 0,
                    "lastUpdateTime": 2900723,
                    "lastWriteDate": 0,
                    "error": {},
                    "topologyVersion": null,
                    "setName": null,
                    "setVersion": null,
                    "electionId": null,
                    "logicalSessionTimeoutMinutes": null,
                    "maxMessageSizeBytes": null,
                    "maxWriteBatchSize": null,
                    "maxBsonObjectSize": null,
                    "primary": null,
                    "me": null,
                    "$clusterTime": null
                }
            },
            "stale": false,
            "compatible": true,
            "heartbeatFrequencyMS": 10000,
            "localThresholdMS": 15,
            "setName": "atlas-pd8o8a-shard-0",
            "maxElectionId": null,
            "maxSetVersion": null,
            "commonWireVersion": 0,
            "logicalSessionTimeoutMinutes": null
        }
    }
}
{
    "level": "INFO",
    "timestamp": "2024-11-16T21:56:03.488Z",
    "message": "Database connection established",
    "meta": {
        "CONNECTION_NAME": "test"
    }
}
{
    "level": "INFO",
    "timestamp": "2024-11-16T21:56:03.499Z",
    "message": "Rate limiter initiated",
    "meta": {}
}
{
    "level": "INFO",
    "timestamp": "2024-11-16T21:56:03.500Z",
    "message": "Application started on port 3000",
    "meta": {
        "SERVER_URL": "http://localhost:3000"
    }
}
{
    "level": "ERROR",
    "timestamp": "2024-11-16T22:41:36.701Z",
    "message": "Controller Response",
    "meta": {
        "success": false,
        "statusCode": 404,
        "request": {
            "ip": "::1",
            "method": "GET",
            "url": "/v1/Attendance/attendance"
        },
        "message": "Route is not found",
        "data": null,
        "trace": {
            "error": "Error: Route is not found\n    at exports.default (E:\\Coderatory\\HRM\\base_server\\src\\handlers\\notFound.ts:7:15)\n    at Layer.handle [as handle_request] (E:\\Coderatory\\HRM\\base_server\\node_modules\\express\\lib\\router\\layer.js:95:5)\n    at trim_prefix (E:\\Coderatory\\HRM\\base_server\\node_modules\\express\\lib\\router\\index.js:328:13)\n    at E:\\Coderatory\\HRM\\base_server\\node_modules\\express\\lib\\router\\index.js:286:9\n    at Function.process_params (E:\\Coderatory\\HRM\\base_server\\node_modules\\express\\lib\\router\\index.js:346:12)\n    at next (E:\\Coderatory\\HRM\\base_server\\node_modules\\express\\lib\\router\\index.js:280:10)\n    at E:\\Coderatory\\HRM\\base_server\\node_modules\\express\\lib\\router\\index.js:646:15\n    at next (E:\\Coderatory\\HRM\\base_server\\node_modules\\express\\lib\\router\\index.js:265:14)\n    at Function.handle (E:\\Coderatory\\HRM\\base_server\\node_modules\\express\\lib\\router\\index.js:175:3)\n    at router (E:\\Coderatory\\HRM\\base_server\\node_modules\\express\\lib\\router\\index.js:47:12)"
        }
    }
}
{
    "level": "ERROR",
    "timestamp": "2024-11-16T22:42:25.028Z",
    "message": "Controller Response",
    "meta": {
        "success": false,
        "statusCode": 404,
        "request": {
            "ip": "::1",
            "method": "GET",
            "url": "/v1/Attendance/attendance"
        },
        "message": "Route is not found",
        "data": null,
        "trace": {
            "error": "Error: Route is not found\n    at exports.default (E:\\Coderatory\\HRM\\base_server\\src\\handlers\\notFound.ts:7:15)\n    at Layer.handle [as handle_request] (E:\\Coderatory\\HRM\\base_server\\node_modules\\express\\lib\\router\\layer.js:95:5)\n    at trim_prefix (E:\\Coderatory\\HRM\\base_server\\node_modules\\express\\lib\\router\\index.js:328:13)\n    at E:\\Coderatory\\HRM\\base_server\\node_modules\\express\\lib\\router\\index.js:286:9\n    at Function.process_params (E:\\Coderatory\\HRM\\base_server\\node_modules\\express\\lib\\router\\index.js:346:12)\n    at next (E:\\Coderatory\\HRM\\base_server\\node_modules\\express\\lib\\router\\index.js:280:10)\n    at E:\\Coderatory\\HRM\\base_server\\node_modules\\express\\lib\\router\\index.js:646:15\n    at next (E:\\Coderatory\\HRM\\base_server\\node_modules\\express\\lib\\router\\index.js:265:14)\n    at Function.handle (E:\\Coderatory\\HRM\\base_server\\node_modules\\express\\lib\\router\\index.js:175:3)\n    at router (E:\\Coderatory\\HRM\\base_server\\node_modules\\express\\lib\\router\\index.js:47:12)"
        }
    }
}
{
    "level": "ERROR",
    "timestamp": "2024-11-16T22:51:36.939Z",
    "message": "Controller Response",
    "meta": {
        "success": false,
        "statusCode": 404,
        "request": {
            "ip": "::1",
            "method": "GET",
            "url": "/v1/attendance/employee/12345"
        },
        "message": "Route is not found",
        "data": null,
        "trace": {
            "error": "Error: Route is not found\n    at exports.default (E:\\Coderatory\\HRM\\base_server\\src\\handlers\\notFound.ts:7:15)\n    at Layer.handle [as handle_request] (E:\\Coderatory\\HRM\\base_server\\node_modules\\express\\lib\\router\\layer.js:95:5)\n    at trim_prefix (E:\\Coderatory\\HRM\\base_server\\node_modules\\express\\lib\\router\\index.js:328:13)\n    at E:\\Coderatory\\HRM\\base_server\\node_modules\\express\\lib\\router\\index.js:286:9\n    at Function.process_params (E:\\Coderatory\\HRM\\base_server\\node_modules\\express\\lib\\router\\index.js:346:12)\n    at next (E:\\Coderatory\\HRM\\base_server\\node_modules\\express\\lib\\router\\index.js:280:10)\n    at E:\\Coderatory\\HRM\\base_server\\node_modules\\express\\lib\\router\\index.js:646:15\n    at next (E:\\Coderatory\\HRM\\base_server\\node_modules\\express\\lib\\router\\index.js:265:14)\n    at Function.handle (E:\\Coderatory\\HRM\\base_server\\node_modules\\express\\lib\\router\\index.js:175:3)\n    at router (E:\\Coderatory\\HRM\\base_server\\node_modules\\express\\lib\\router\\index.js:47:12)"
        }
    }
}
{
    "level": "ERROR",
    "timestamp": "2024-11-16T22:51:38.478Z",
    "message": "Controller Response",
    "meta": {
        "success": false,
        "statusCode": 404,
        "request": {
            "ip": "::1",
            "method": "POST",
            "url": "/v1/attendance"
        },
        "message": "Route is not found",
        "data": null,
        "trace": {
            "error": "Error: Route is not found\n    at exports.default (E:\\Coderatory\\HRM\\base_server\\src\\handlers\\notFound.ts:7:15)\n    at Layer.handle [as handle_request] (E:\\Coderatory\\HRM\\base_server\\node_modules\\express\\lib\\router\\layer.js:95:5)\n    at trim_prefix (E:\\Coderatory\\HRM\\base_server\\node_modules\\express\\lib\\router\\index.js:328:13)\n    at E:\\Coderatory\\HRM\\base_server\\node_modules\\express\\lib\\router\\index.js:286:9\n    at Function.process_params (E:\\Coderatory\\HRM\\base_server\\node_modules\\express\\lib\\router\\index.js:346:12)\n    at next (E:\\Coderatory\\HRM\\base_server\\node_modules\\express\\lib\\router\\index.js:280:10)\n    at E:\\Coderatory\\HRM\\base_server\\node_modules\\express\\lib\\router\\index.js:646:15\n    at next (E:\\Coderatory\\HRM\\base_server\\node_modules\\express\\lib\\router\\index.js:265:14)\n    at Function.handle (E:\\Coderatory\\HRM\\base_server\\node_modules\\express\\lib\\router\\index.js:175:3)\n    at router (E:\\Coderatory\\HRM\\base_server\\node_modules\\express\\lib\\router\\index.js:47:12)"
        }
    }
}
{
    "level": "ERROR",
    "timestamp": "2024-11-16T22:53:19.178Z",
    "message": "Controller Response",
    "meta": {
        "success": false,
        "statusCode": 404,
        "request": {
            "ip": "::1",
            "method": "GET",
            "url": "/v1/attendance/employee/12345"
        },
        "message": "Route is not found",
        "data": null,
        "trace": {
            "error": "Error: Route is not found\n    at exports.default (E:\\Coderatory\\HRM\\base_server\\src\\handlers\\notFound.ts:7:15)\n    at Layer.handle [as handle_request] (E:\\Coderatory\\HRM\\base_server\\node_modules\\express\\lib\\router\\layer.js:95:5)\n    at trim_prefix (E:\\Coderatory\\HRM\\base_server\\node_modules\\express\\lib\\router\\index.js:328:13)\n    at E:\\Coderatory\\HRM\\base_server\\node_modules\\express\\lib\\router\\index.js:286:9\n    at Function.process_params (E:\\Coderatory\\HRM\\base_server\\node_modules\\express\\lib\\router\\index.js:346:12)\n    at next (E:\\Coderatory\\HRM\\base_server\\node_modules\\express\\lib\\router\\index.js:280:10)\n    at E:\\Coderatory\\HRM\\base_server\\node_modules\\express\\lib\\router\\index.js:646:15\n    at next (E:\\Coderatory\\HRM\\base_server\\node_modules\\express\\lib\\router\\index.js:265:14)\n    at Function.handle (E:\\Coderatory\\HRM\\base_server\\node_modules\\express\\lib\\router\\index.js:175:3)\n    at router (E:\\Coderatory\\HRM\\base_server\\node_modules\\express\\lib\\router\\index.js:47:12)"
        }
    }
}
{
    "level": "ERROR",
    "timestamp": "2024-11-16T22:53:30.002Z",
    "message": "Controller Response",
    "meta": {
        "success": false,
        "statusCode": 404,
        "request": {
            "ip": "::1",
            "method": "PUT",
            "url": "/v1/Attendance/attendance12345"
        },
        "message": "Route is not found",
        "data": null,
        "trace": {
            "error": "Error: Route is not found\n    at exports.default (E:\\Coderatory\\HRM\\base_server\\src\\handlers\\notFound.ts:7:15)\n    at Layer.handle [as handle_request] (E:\\Coderatory\\HRM\\base_server\\node_modules\\express\\lib\\router\\layer.js:95:5)\n    at trim_prefix (E:\\Coderatory\\HRM\\base_server\\node_modules\\express\\lib\\router\\index.js:328:13)\n    at E:\\Coderatory\\HRM\\base_server\\node_modules\\express\\lib\\router\\index.js:286:9\n    at Function.process_params (E:\\Coderatory\\HRM\\base_server\\node_modules\\express\\lib\\router\\index.js:346:12)\n    at next (E:\\Coderatory\\HRM\\base_server\\node_modules\\express\\lib\\router\\index.js:280:10)\n    at E:\\Coderatory\\HRM\\base_server\\node_modules\\express\\lib\\router\\index.js:646:15\n    at next (E:\\Coderatory\\HRM\\base_server\\node_modules\\express\\lib\\router\\index.js:265:14)\n    at Function.handle (E:\\Coderatory\\HRM\\base_server\\node_modules\\express\\lib\\router\\index.js:175:3)\n    at router (E:\\Coderatory\\HRM\\base_server\\node_modules\\express\\lib\\router\\index.js:47:12)"
        }
    }
}
{
    "level": "ERROR",
    "timestamp": "2024-11-16T22:53:39.598Z",
    "message": "Controller Response",
    "meta": {
        "success": false,
        "statusCode": 404,
        "request": {
            "ip": "::1",
            "method": "PUT",
            "url": "/v1/Attendance/attendance12345"
        },
        "message": "Route is not found",
        "data": null,
        "trace": {
            "error": "Error: Route is not found\n    at exports.default (E:\\Coderatory\\HRM\\base_server\\src\\handlers\\notFound.ts:7:15)\n    at Layer.handle [as handle_request] (E:\\Coderatory\\HRM\\base_server\\node_modules\\express\\lib\\router\\layer.js:95:5)\n    at trim_prefix (E:\\Coderatory\\HRM\\base_server\\node_modules\\express\\lib\\router\\index.js:328:13)\n    at E:\\Coderatory\\HRM\\base_server\\node_modules\\express\\lib\\router\\index.js:286:9\n    at Function.process_params (E:\\Coderatory\\HRM\\base_server\\node_modules\\express\\lib\\router\\index.js:346:12)\n    at next (E:\\Coderatory\\HRM\\base_server\\node_modules\\express\\lib\\router\\index.js:280:10)\n    at E:\\Coderatory\\HRM\\base_server\\node_modules\\express\\lib\\router\\index.js:646:15\n    at next (E:\\Coderatory\\HRM\\base_server\\node_modules\\express\\lib\\router\\index.js:265:14)\n    at Function.handle (E:\\Coderatory\\HRM\\base_server\\node_modules\\express\\lib\\router\\index.js:175:3)\n    at router (E:\\Coderatory\\HRM\\base_server\\node_modules\\express\\lib\\router\\index.js:47:12)"
        }
    }
}
{
    "level": "ERROR",
    "timestamp": "2024-11-16T22:53:40.569Z",
    "message": "Controller Response",
    "meta": {
        "success": false,
        "statusCode": 404,
        "request": {
            "ip": "::1",
            "method": "PUT",
            "url": "/v1/Attendance/attendance12345"
        },
        "message": "Route is not found",
        "data": null,
        "trace": {
            "error": "Error: Route is not found\n    at exports.default (E:\\Coderatory\\HRM\\base_server\\src\\handlers\\notFound.ts:7:15)\n    at Layer.handle [as handle_request] (E:\\Coderatory\\HRM\\base_server\\node_modules\\express\\lib\\router\\layer.js:95:5)\n    at trim_prefix (E:\\Coderatory\\HRM\\base_server\\node_modules\\express\\lib\\router\\index.js:328:13)\n    at E:\\Coderatory\\HRM\\base_server\\node_modules\\express\\lib\\router\\index.js:286:9\n    at Function.process_params (E:\\Coderatory\\HRM\\base_server\\node_modules\\express\\lib\\router\\index.js:346:12)\n    at next (E:\\Coderatory\\HRM\\base_server\\node_modules\\express\\lib\\router\\index.js:280:10)\n    at E:\\Coderatory\\HRM\\base_server\\node_modules\\express\\lib\\router\\index.js:646:15\n    at next (E:\\Coderatory\\HRM\\base_server\\node_modules\\express\\lib\\router\\index.js:265:14)\n    at Function.handle (E:\\Coderatory\\HRM\\base_server\\node_modules\\express\\lib\\router\\index.js:175:3)\n    at router (E:\\Coderatory\\HRM\\base_server\\node_modules\\express\\lib\\router\\index.js:47:12)"
        }
    }
}
{
    "level": "ERROR",
    "timestamp": "2024-11-16T22:53:41.069Z",
    "message": "Controller Response",
    "meta": {
        "success": false,
        "statusCode": 404,
        "request": {
            "ip": "::1",
            "method": "PUT",
            "url": "/v1/Attendance/attendance12345"
        },
        "message": "Route is not found",
        "data": null,
        "trace": {
            "error": "Error: Route is not found\n    at exports.default (E:\\Coderatory\\HRM\\base_server\\src\\handlers\\notFound.ts:7:15)\n    at Layer.handle [as handle_request] (E:\\Coderatory\\HRM\\base_server\\node_modules\\express\\lib\\router\\layer.js:95:5)\n    at trim_prefix (E:\\Coderatory\\HRM\\base_server\\node_modules\\express\\lib\\router\\index.js:328:13)\n    at E:\\Coderatory\\HRM\\base_server\\node_modules\\express\\lib\\router\\index.js:286:9\n    at Function.process_params (E:\\Coderatory\\HRM\\base_server\\node_modules\\express\\lib\\router\\index.js:346:12)\n    at next (E:\\Coderatory\\HRM\\base_server\\node_modules\\express\\lib\\router\\index.js:280:10)\n    at E:\\Coderatory\\HRM\\base_server\\node_modules\\express\\lib\\router\\index.js:646:15\n    at next (E:\\Coderatory\\HRM\\base_server\\node_modules\\express\\lib\\router\\index.js:265:14)\n    at Function.handle (E:\\Coderatory\\HRM\\base_server\\node_modules\\express\\lib\\router\\index.js:175:3)\n    at router (E:\\Coderatory\\HRM\\base_server\\node_modules\\express\\lib\\router\\index.js:47:12)"
        }
    }
}
{
    "level": "ERROR",
    "timestamp": "2024-11-16T22:53:41.822Z",
    "message": "Controller Response",
    "meta": {
        "success": false,
        "statusCode": 404,
        "request": {
            "ip": "::1",
            "method": "PUT",
            "url": "/v1/Attendance/attendance12345"
        },
        "message": "Route is not found",
        "data": null,
        "trace": {
            "error": "Error: Route is not found\n    at exports.default (E:\\Coderatory\\HRM\\base_server\\src\\handlers\\notFound.ts:7:15)\n    at Layer.handle [as handle_request] (E:\\Coderatory\\HRM\\base_server\\node_modules\\express\\lib\\router\\layer.js:95:5)\n    at trim_prefix (E:\\Coderatory\\HRM\\base_server\\node_modules\\express\\lib\\router\\index.js:328:13)\n    at E:\\Coderatory\\HRM\\base_server\\node_modules\\express\\lib\\router\\index.js:286:9\n    at Function.process_params (E:\\Coderatory\\HRM\\base_server\\node_modules\\express\\lib\\router\\index.js:346:12)\n    at next (E:\\Coderatory\\HRM\\base_server\\node_modules\\express\\lib\\router\\index.js:280:10)\n    at E:\\Coderatory\\HRM\\base_server\\node_modules\\express\\lib\\router\\index.js:646:15\n    at next (E:\\Coderatory\\HRM\\base_server\\node_modules\\express\\lib\\router\\index.js:265:14)\n    at Function.handle (E:\\Coderatory\\HRM\\base_server\\node_modules\\express\\lib\\router\\index.js:175:3)\n    at router (E:\\Coderatory\\HRM\\base_server\\node_modules\\express\\lib\\router\\index.js:47:12)"
        }
    }
}
{
    "level": "ERROR",
    "timestamp": "2024-11-16T22:53:42.385Z",
    "message": "Controller Response",
    "meta": {
        "success": false,
        "statusCode": 404,
        "request": {
            "ip": "::1",
            "method": "PUT",
            "url": "/v1/Attendance/attendance12345"
        },
        "message": "Route is not found",
        "data": null,
        "trace": {
            "error": "Error: Route is not found\n    at exports.default (E:\\Coderatory\\HRM\\base_server\\src\\handlers\\notFound.ts:7:15)\n    at Layer.handle [as handle_request] (E:\\Coderatory\\HRM\\base_server\\node_modules\\express\\lib\\router\\layer.js:95:5)\n    at trim_prefix (E:\\Coderatory\\HRM\\base_server\\node_modules\\express\\lib\\router\\index.js:328:13)\n    at E:\\Coderatory\\HRM\\base_server\\node_modules\\express\\lib\\router\\index.js:286:9\n    at Function.process_params (E:\\Coderatory\\HRM\\base_server\\node_modules\\express\\lib\\router\\index.js:346:12)\n    at next (E:\\Coderatory\\HRM\\base_server\\node_modules\\express\\lib\\router\\index.js:280:10)\n    at E:\\Coderatory\\HRM\\base_server\\node_modules\\express\\lib\\router\\index.js:646:15\n    at next (E:\\Coderatory\\HRM\\base_server\\node_modules\\express\\lib\\router\\index.js:265:14)\n    at Function.handle (E:\\Coderatory\\HRM\\base_server\\node_modules\\express\\lib\\router\\index.js:175:3)\n    at router (E:\\Coderatory\\HRM\\base_server\\node_modules\\express\\lib\\router\\index.js:47:12)"
        }
    }
}
{
    "level": "ERROR",
    "timestamp": "2024-11-16T22:53:42.731Z",
    "message": "Controller Response",
    "meta": {
        "success": false,
        "statusCode": 404,
        "request": {
            "ip": "::1",
            "method": "PUT",
            "url": "/v1/Attendance/attendance12345"
        },
        "message": "Route is not found",
        "data": null,
        "trace": {
            "error": "Error: Route is not found\n    at exports.default (E:\\Coderatory\\HRM\\base_server\\src\\handlers\\notFound.ts:7:15)\n    at Layer.handle [as handle_request] (E:\\Coderatory\\HRM\\base_server\\node_modules\\express\\lib\\router\\layer.js:95:5)\n    at trim_prefix (E:\\Coderatory\\HRM\\base_server\\node_modules\\express\\lib\\router\\index.js:328:13)\n    at E:\\Coderatory\\HRM\\base_server\\node_modules\\express\\lib\\router\\index.js:286:9\n    at Function.process_params (E:\\Coderatory\\HRM\\base_server\\node_modules\\express\\lib\\router\\index.js:346:12)\n    at next (E:\\Coderatory\\HRM\\base_server\\node_modules\\express\\lib\\router\\index.js:280:10)\n    at E:\\Coderatory\\HRM\\base_server\\node_modules\\express\\lib\\router\\index.js:646:15\n    at next (E:\\Coderatory\\HRM\\base_server\\node_modules\\express\\lib\\router\\index.js:265:14)\n    at Function.handle (E:\\Coderatory\\HRM\\base_server\\node_modules\\express\\lib\\router\\index.js:175:3)\n    at router (E:\\Coderatory\\HRM\\base_server\\node_modules\\express\\lib\\router\\index.js:47:12)"
        }
    }
}
{
    "level": "ERROR",
    "timestamp": "2024-11-16T22:53:43.398Z",
    "message": "Controller Response",
    "meta": {
        "success": false,
        "statusCode": 404,
        "request": {
            "ip": "::1",
            "method": "PUT",
            "url": "/v1/Attendance/attendance12345"
        },
        "message": "Route is not found",
        "data": null,
        "trace": {
            "error": "Error: Route is not found\n    at exports.default (E:\\Coderatory\\HRM\\base_server\\src\\handlers\\notFound.ts:7:15)\n    at Layer.handle [as handle_request] (E:\\Coderatory\\HRM\\base_server\\node_modules\\express\\lib\\router\\layer.js:95:5)\n    at trim_prefix (E:\\Coderatory\\HRM\\base_server\\node_modules\\express\\lib\\router\\index.js:328:13)\n    at E:\\Coderatory\\HRM\\base_server\\node_modules\\express\\lib\\router\\index.js:286:9\n    at Function.process_params (E:\\Coderatory\\HRM\\base_server\\node_modules\\express\\lib\\router\\index.js:346:12)\n    at next (E:\\Coderatory\\HRM\\base_server\\node_modules\\express\\lib\\router\\index.js:280:10)\n    at E:\\Coderatory\\HRM\\base_server\\node_modules\\express\\lib\\router\\index.js:646:15\n    at next (E:\\Coderatory\\HRM\\base_server\\node_modules\\express\\lib\\router\\index.js:265:14)\n    at Function.handle (E:\\Coderatory\\HRM\\base_server\\node_modules\\express\\lib\\router\\index.js:175:3)\n    at router (E:\\Coderatory\\HRM\\base_server\\node_modules\\express\\lib\\router\\index.js:47:12)"
        }
    }
}
{
    "level": "ERROR",
    "timestamp": "2024-11-16T23:03:51.903Z",
    "message": "Controller Response",
    "meta": {
        "success": false,
        "statusCode": 404,
        "request": {
            "ip": "::1",
            "method": "GET",
            "url": "/api/employees/undefined"
        },
        "message": "Route is not found",
        "data": null,
        "trace": {
            "error": "Error: Route is not found\n    at exports.default (E:\\Coderatory\\HRM\\base_server\\src\\handlers\\notFound.ts:7:15)\n    at Layer.handle [as handle_request] (E:\\Coderatory\\HRM\\base_server\\node_modules\\express\\lib\\router\\layer.js:95:5)\n    at trim_prefix (E:\\Coderatory\\HRM\\base_server\\node_modules\\express\\lib\\router\\index.js:328:13)\n    at E:\\Coderatory\\HRM\\base_server\\node_modules\\express\\lib\\router\\index.js:286:9\n    at Function.process_params (E:\\Coderatory\\HRM\\base_server\\node_modules\\express\\lib\\router\\index.js:346:12)\n    at next (E:\\Coderatory\\HRM\\base_server\\node_modules\\express\\lib\\router\\index.js:280:10)\n    at SendStream.error (E:\\Coderatory\\HRM\\base_server\\node_modules\\serve-static\\index.js:121:7)\n    at SendStream.emit (node:events:519:28)\n    at SendStream.emit (node:domain:488:12)\n    at SendStream.error (E:\\Coderatory\\HRM\\base_server\\node_modules\\send\\index.js:270:17)"
        }
    }
}
{
    "level": "ERROR",
    "timestamp": "2024-11-16T23:08:55.558Z",
    "message": "Controller Response",
    "meta": {
        "success": false,
        "statusCode": 404,
        "request": {
            "ip": "::1",
            "method": "GET",
            "url": "/api/employees/"
        },
        "message": "Route is not found",
        "data": null,
        "trace": {
            "error": "Error: Route is not found\n    at exports.default (E:\\Coderatory\\HRM\\base_server\\src\\handlers\\notFound.ts:7:15)\n    at Layer.handle [as handle_request] (E:\\Coderatory\\HRM\\base_server\\node_modules\\express\\lib\\router\\layer.js:95:5)\n    at trim_prefix (E:\\Coderatory\\HRM\\base_server\\node_modules\\express\\lib\\router\\index.js:328:13)\n    at E:\\Coderatory\\HRM\\base_server\\node_modules\\express\\lib\\router\\index.js:286:9\n    at Function.process_params (E:\\Coderatory\\HRM\\base_server\\node_modules\\express\\lib\\router\\index.js:346:12)\n    at next (E:\\Coderatory\\HRM\\base_server\\node_modules\\express\\lib\\router\\index.js:280:10)\n    at SendStream.error (E:\\Coderatory\\HRM\\base_server\\node_modules\\serve-static\\index.js:121:7)\n    at SendStream.emit (node:events:519:28)\n    at SendStream.emit (node:domain:488:12)\n    at SendStream.error (E:\\Coderatory\\HRM\\base_server\\node_modules\\send\\index.js:270:17)"
        }
    }
}
{
    "level": "ERROR",
    "timestamp": "2024-11-16T23:09:20.483Z",
    "message": "Controller Response",
    "meta": {
        "success": false,
        "statusCode": 404,
        "request": {
            "ip": "::1",
            "method": "GET",
            "url": "/api/employees/"
        },
        "message": "Route is not found",
        "data": null,
        "trace": {
            "error": "Error: Route is not found\n    at exports.default (E:\\Coderatory\\HRM\\base_server\\src\\handlers\\notFound.ts:7:15)\n    at Layer.handle [as handle_request] (E:\\Coderatory\\HRM\\base_server\\node_modules\\express\\lib\\router\\layer.js:95:5)\n    at trim_prefix (E:\\Coderatory\\HRM\\base_server\\node_modules\\express\\lib\\router\\index.js:328:13)\n    at E:\\Coderatory\\HRM\\base_server\\node_modules\\express\\lib\\router\\index.js:286:9\n    at Function.process_params (E:\\Coderatory\\HRM\\base_server\\node_modules\\express\\lib\\router\\index.js:346:12)\n    at next (E:\\Coderatory\\HRM\\base_server\\node_modules\\express\\lib\\router\\index.js:280:10)\n    at SendStream.error (E:\\Coderatory\\HRM\\base_server\\node_modules\\serve-static\\index.js:121:7)\n    at SendStream.emit (node:events:519:28)\n    at SendStream.emit (node:domain:488:12)\n    at SendStream.error (E:\\Coderatory\\HRM\\base_server\\node_modules\\send\\index.js:270:17)"
        }
    }
}
{
    "level": "ERROR",
    "timestamp": "2024-11-16T23:12:09.888Z",
    "message": "Controller Response",
    "meta": {
        "success": false,
        "statusCode": 404,
        "request": {
            "ip": "::1",
            "method": "GET",
            "url": "/api/employees/"
        },
        "message": "Route is not found",
        "data": null,
        "trace": {
            "error": "Error: Route is not found\n    at exports.default (E:\\Coderatory\\HRM\\base_server\\src\\handlers\\notFound.ts:7:15)\n    at Layer.handle [as handle_request] (E:\\Coderatory\\HRM\\base_server\\node_modules\\express\\lib\\router\\layer.js:95:5)\n    at trim_prefix (E:\\Coderatory\\HRM\\base_server\\node_modules\\express\\lib\\router\\index.js:328:13)\n    at E:\\Coderatory\\HRM\\base_server\\node_modules\\express\\lib\\router\\index.js:286:9\n    at Function.process_params (E:\\Coderatory\\HRM\\base_server\\node_modules\\express\\lib\\router\\index.js:346:12)\n    at next (E:\\Coderatory\\HRM\\base_server\\node_modules\\express\\lib\\router\\index.js:280:10)\n    at SendStream.error (E:\\Coderatory\\HRM\\base_server\\node_modules\\serve-static\\index.js:121:7)\n    at SendStream.emit (node:events:519:28)\n    at SendStream.emit (node:domain:488:12)\n    at SendStream.error (E:\\Coderatory\\HRM\\base_server\\node_modules\\send\\index.js:270:17)"
        }
    }
}
{
    "level": "ERROR",
    "timestamp": "2024-11-16T23:12:18.013Z",
    "message": "Controller Response",
    "meta": {
        "success": false,
        "statusCode": 404,
        "request": {
            "ip": "::1",
            "method": "GET",
            "url": "/api/employees/"
        },
        "message": "Route is not found",
        "data": null,
        "trace": {
            "error": "Error: Route is not found\n    at exports.default (E:\\Coderatory\\HRM\\base_server\\src\\handlers\\notFound.ts:7:15)\n    at Layer.handle [as handle_request] (E:\\Coderatory\\HRM\\base_server\\node_modules\\express\\lib\\router\\layer.js:95:5)\n    at trim_prefix (E:\\Coderatory\\HRM\\base_server\\node_modules\\express\\lib\\router\\index.js:328:13)\n    at E:\\Coderatory\\HRM\\base_server\\node_modules\\express\\lib\\router\\index.js:286:9\n    at Function.process_params (E:\\Coderatory\\HRM\\base_server\\node_modules\\express\\lib\\router\\index.js:346:12)\n    at next (E:\\Coderatory\\HRM\\base_server\\node_modules\\express\\lib\\router\\index.js:280:10)\n    at SendStream.error (E:\\Coderatory\\HRM\\base_server\\node_modules\\serve-static\\index.js:121:7)\n    at SendStream.emit (node:events:519:28)\n    at SendStream.emit (node:domain:488:12)\n    at SendStream.error (E:\\Coderatory\\HRM\\base_server\\node_modules\\send\\index.js:270:17)"
        }
    }
}
{
    "level": "ERROR",
    "timestamp": "2024-11-16T23:12:37.285Z",
    "message": "Controller Response",
    "meta": {
        "success": false,
        "statusCode": 404,
        "request": {
            "ip": "::1",
            "method": "GET",
            "url": "/v1/attendance/employee/12345"
        },
        "message": "Route is not found",
        "data": null,
        "trace": {
            "error": "Error: Route is not found\n    at exports.default (E:\\Coderatory\\HRM\\base_server\\src\\handlers\\notFound.ts:7:15)\n    at Layer.handle [as handle_request] (E:\\Coderatory\\HRM\\base_server\\node_modules\\express\\lib\\router\\layer.js:95:5)\n    at trim_prefix (E:\\Coderatory\\HRM\\base_server\\node_modules\\express\\lib\\router\\index.js:328:13)\n    at E:\\Coderatory\\HRM\\base_server\\node_modules\\express\\lib\\router\\index.js:286:9\n    at Function.process_params (E:\\Coderatory\\HRM\\base_server\\node_modules\\express\\lib\\router\\index.js:346:12)\n    at next (E:\\Coderatory\\HRM\\base_server\\node_modules\\express\\lib\\router\\index.js:280:10)\n    at E:\\Coderatory\\HRM\\base_server\\node_modules\\express\\lib\\router\\index.js:646:15\n    at next (E:\\Coderatory\\HRM\\base_server\\node_modules\\express\\lib\\router\\index.js:265:14)\n    at Function.handle (E:\\Coderatory\\HRM\\base_server\\node_modules\\express\\lib\\router\\index.js:175:3)\n    at router (E:\\Coderatory\\HRM\\base_server\\node_modules\\express\\lib\\router\\index.js:47:12)"
        }
    }
}
{
    "level": "ERROR",
    "timestamp": "2024-11-16T23:12:39.755Z",
    "message": "Controller Response",
    "meta": {
        "success": false,
        "statusCode": 404,
        "request": {
            "ip": "::1",
            "method": "PUT",
            "url": "/v1/Attendance/attendance12345"
        },
        "message": "Route is not found",
        "data": null,
        "trace": {
            "error": "Error: Route is not found\n    at exports.default (E:\\Coderatory\\HRM\\base_server\\src\\handlers\\notFound.ts:7:15)\n    at Layer.handle [as handle_request] (E:\\Coderatory\\HRM\\base_server\\node_modules\\express\\lib\\router\\layer.js:95:5)\n    at trim_prefix (E:\\Coderatory\\HRM\\base_server\\node_modules\\express\\lib\\router\\index.js:328:13)\n    at E:\\Coderatory\\HRM\\base_server\\node_modules\\express\\lib\\router\\index.js:286:9\n    at Function.process_params (E:\\Coderatory\\HRM\\base_server\\node_modules\\express\\lib\\router\\index.js:346:12)\n    at next (E:\\Coderatory\\HRM\\base_server\\node_modules\\express\\lib\\router\\index.js:280:10)\n    at E:\\Coderatory\\HRM\\base_server\\node_modules\\express\\lib\\router\\index.js:646:15\n    at next (E:\\Coderatory\\HRM\\base_server\\node_modules\\express\\lib\\router\\index.js:265:14)\n    at Function.handle (E:\\Coderatory\\HRM\\base_server\\node_modules\\express\\lib\\router\\index.js:175:3)\n    at router (E:\\Coderatory\\HRM\\base_server\\node_modules\\express\\lib\\router\\index.js:47:12)"
        }
    }
}
{
    "level": "ERROR",
    "timestamp": "2024-11-16T23:12:40.764Z",
    "message": "Controller Response",
    "meta": {
        "success": false,
        "statusCode": 404,
        "request": {
            "ip": "::1",
            "method": "PUT",
            "url": "/v1/Attendance/attendance12345"
        },
        "message": "Route is not found",
        "data": null,
        "trace": {
            "error": "Error: Route is not found\n    at exports.default (E:\\Coderatory\\HRM\\base_server\\src\\handlers\\notFound.ts:7:15)\n    at Layer.handle [as handle_request] (E:\\Coderatory\\HRM\\base_server\\node_modules\\express\\lib\\router\\layer.js:95:5)\n    at trim_prefix (E:\\Coderatory\\HRM\\base_server\\node_modules\\express\\lib\\router\\index.js:328:13)\n    at E:\\Coderatory\\HRM\\base_server\\node_modules\\express\\lib\\router\\index.js:286:9\n    at Function.process_params (E:\\Coderatory\\HRM\\base_server\\node_modules\\express\\lib\\router\\index.js:346:12)\n    at next (E:\\Coderatory\\HRM\\base_server\\node_modules\\express\\lib\\router\\index.js:280:10)\n    at E:\\Coderatory\\HRM\\base_server\\node_modules\\express\\lib\\router\\index.js:646:15\n    at next (E:\\Coderatory\\HRM\\base_server\\node_modules\\express\\lib\\router\\index.js:265:14)\n    at Function.handle (E:\\Coderatory\\HRM\\base_server\\node_modules\\express\\lib\\router\\index.js:175:3)\n    at router (E:\\Coderatory\\HRM\\base_server\\node_modules\\express\\lib\\router\\index.js:47:12)"
        }
    }
}
{
    "level": "ERROR",
    "timestamp": "2024-11-16T23:12:41.456Z",
    "message": "Controller Response",
    "meta": {
        "success": false,
        "statusCode": 404,
        "request": {
            "ip": "::1",
            "method": "PUT",
            "url": "/v1/Attendance/attendance12345"
        },
        "message": "Route is not found",
        "data": null,
        "trace": {
            "error": "Error: Route is not found\n    at exports.default (E:\\Coderatory\\HRM\\base_server\\src\\handlers\\notFound.ts:7:15)\n    at Layer.handle [as handle_request] (E:\\Coderatory\\HRM\\base_server\\node_modules\\express\\lib\\router\\layer.js:95:5)\n    at trim_prefix (E:\\Coderatory\\HRM\\base_server\\node_modules\\express\\lib\\router\\index.js:328:13)\n    at E:\\Coderatory\\HRM\\base_server\\node_modules\\express\\lib\\router\\index.js:286:9\n    at Function.process_params (E:\\Coderatory\\HRM\\base_server\\node_modules\\express\\lib\\router\\index.js:346:12)\n    at next (E:\\Coderatory\\HRM\\base_server\\node_modules\\express\\lib\\router\\index.js:280:10)\n    at E:\\Coderatory\\HRM\\base_server\\node_modules\\express\\lib\\router\\index.js:646:15\n    at next (E:\\Coderatory\\HRM\\base_server\\node_modules\\express\\lib\\router\\index.js:265:14)\n    at Function.handle (E:\\Coderatory\\HRM\\base_server\\node_modules\\express\\lib\\router\\index.js:175:3)\n    at router (E:\\Coderatory\\HRM\\base_server\\node_modules\\express\\lib\\router\\index.js:47:12)"
        }
    }
}
{
    "level": "ERROR",
    "timestamp": "2024-11-16T23:14:51.972Z",
    "message": "Controller Response",
    "meta": {
        "success": false,
        "statusCode": 404,
        "request": {
            "ip": "::1",
            "method": "GET",
            "url": "/v1/attendance/employee/12345"
        },
        "message": "Route is not found",
        "data": null,
        "trace": {
            "error": "Error: Route is not found\n    at exports.default (E:\\Coderatory\\HRM\\base_server\\src\\handlers\\notFound.ts:7:15)\n    at Layer.handle [as handle_request] (E:\\Coderatory\\HRM\\base_server\\node_modules\\express\\lib\\router\\layer.js:95:5)\n    at trim_prefix (E:\\Coderatory\\HRM\\base_server\\node_modules\\express\\lib\\router\\index.js:328:13)\n    at E:\\Coderatory\\HRM\\base_server\\node_modules\\express\\lib\\router\\index.js:286:9\n    at Function.process_params (E:\\Coderatory\\HRM\\base_server\\node_modules\\express\\lib\\router\\index.js:346:12)\n    at next (E:\\Coderatory\\HRM\\base_server\\node_modules\\express\\lib\\router\\index.js:280:10)\n    at E:\\Coderatory\\HRM\\base_server\\node_modules\\express\\lib\\router\\index.js:646:15\n    at next (E:\\Coderatory\\HRM\\base_server\\node_modules\\express\\lib\\router\\index.js:265:14)\n    at Function.handle (E:\\Coderatory\\HRM\\base_server\\node_modules\\express\\lib\\router\\index.js:175:3)\n    at router (E:\\Coderatory\\HRM\\base_server\\node_modules\\express\\lib\\router\\index.js:47:12)"
        }
    }
}
{
    "level": "INFO",
    "timestamp": "2024-11-17T08:26:46.885Z",
    "message": "Database connection established",
    "meta": {
        "CONNECTION_NAME": "test"
    }
}
{
    "level": "INFO",
    "timestamp": "2024-11-17T08:26:46.903Z",
    "message": "Rate limiter initiated",
    "meta": {}
}
{
    "level": "INFO",
    "timestamp": "2024-11-17T08:26:46.906Z",
    "message": "Application started on port 3000",
    "meta": {
        "SERVER_URL": "http://localhost:3000"
    }
}
{
    "level": "ERROR",
    "timestamp": "2024-11-17T08:58:31.482Z",
    "message": "Controller Response",
    "meta": {
        "success": false,
        "statusCode": 404,
        "request": {
            "ip": "::1",
            "method": "POST",
            "url": "/v1/progress/"
        },
        "message": "Route is not found",
        "data": null,
        "trace": {
            "error": "Error: Route is not found\n    at exports.default (E:\\Coderatory\\HRM\\base_server\\src\\handlers\\notFound.ts:7:15)\n    at Layer.handle [as handle_request] (E:\\Coderatory\\HRM\\base_server\\node_modules\\express\\lib\\router\\layer.js:95:5)\n    at trim_prefix (E:\\Coderatory\\HRM\\base_server\\node_modules\\express\\lib\\router\\index.js:328:13)\n    at E:\\Coderatory\\HRM\\base_server\\node_modules\\express\\lib\\router\\index.js:286:9\n    at Function.process_params (E:\\Coderatory\\HRM\\base_server\\node_modules\\express\\lib\\router\\index.js:346:12)\n    at next (E:\\Coderatory\\HRM\\base_server\\node_modules\\express\\lib\\router\\index.js:280:10)\n    at E:\\Coderatory\\HRM\\base_server\\node_modules\\express\\lib\\router\\index.js:646:15\n    at next (E:\\Coderatory\\HRM\\base_server\\node_modules\\express\\lib\\router\\index.js:265:14)\n    at Function.handle (E:\\Coderatory\\HRM\\base_server\\node_modules\\express\\lib\\router\\index.js:175:3)\n    at router (E:\\Coderatory\\HRM\\base_server\\node_modules\\express\\lib\\router\\index.js:47:12)"
        }
    }
}
{
    "level": "ERROR",
    "timestamp": "2024-11-17T09:02:51.295Z",
    "message": "Controller Response",
    "meta": {
        "success": false,
        "statusCode": 404,
        "request": {
            "ip": "::1",
            "method": "POST",
            "url": "/v1/progress/progress"
        },
        "message": "Route is not found",
        "data": null,
        "trace": {
            "error": "Error: Route is not found\n    at exports.default (E:\\Coderatory\\HRM\\base_server\\src\\handlers\\notFound.ts:7:15)\n    at Layer.handle [as handle_request] (E:\\Coderatory\\HRM\\base_server\\node_modules\\express\\lib\\router\\layer.js:95:5)\n    at trim_prefix (E:\\Coderatory\\HRM\\base_server\\node_modules\\express\\lib\\router\\index.js:328:13)\n    at E:\\Coderatory\\HRM\\base_server\\node_modules\\express\\lib\\router\\index.js:286:9\n    at Function.process_params (E:\\Coderatory\\HRM\\base_server\\node_modules\\express\\lib\\router\\index.js:346:12)\n    at next (E:\\Coderatory\\HRM\\base_server\\node_modules\\express\\lib\\router\\index.js:280:10)\n    at E:\\Coderatory\\HRM\\base_server\\node_modules\\express\\lib\\router\\index.js:646:15\n    at next (E:\\Coderatory\\HRM\\base_server\\node_modules\\express\\lib\\router\\index.js:265:14)\n    at Function.handle (E:\\Coderatory\\HRM\\base_server\\node_modules\\express\\lib\\router\\index.js:175:3)\n    at router (E:\\Coderatory\\HRM\\base_server\\node_modules\\express\\lib\\router\\index.js:47:12)"
        }
    }
}
{
    "level": "INFO",
    "timestamp": "2024-11-17T09:03:39.399Z",
    "message": "Database connection established",
    "meta": {
        "CONNECTION_NAME": "test"
    }
}
{
    "level": "INFO",
    "timestamp": "2024-11-17T09:03:39.434Z",
    "message": "Rate limiter initiated",
    "meta": {}
}
{
    "level": "INFO",
    "timestamp": "2024-11-17T09:03:39.443Z",
    "message": "Application started on port 3000",
    "meta": {
        "SERVER_URL": "http://localhost:3000"
    }
}
{
    "level": "INFO",
    "timestamp": "2024-11-17T09:11:32.029Z",
    "message": "Database connection established",
    "meta": {
        "CONNECTION_NAME": "test"
    }
}
{
    "level": "INFO",
    "timestamp": "2024-11-17T09:11:32.047Z",
    "message": "Rate limiter initiated",
    "meta": {}
}
{
    "level": "INFO",
    "timestamp": "2024-11-17T09:11:32.052Z",
    "message": "Application started on port 3000",
    "meta": {
        "SERVER_URL": "http://localhost:3000"
    }
}
{
    "level": "ERROR",
    "timestamp": "2024-11-17T09:14:35.083Z",
    "message": "Controller Response",
    "meta": {
        "success": false,
        "statusCode": 404,
        "request": {
            "ip": "::1",
            "method": "GET",
            "url": "/v1/attendance/employee/12345"
        },
        "message": "Route is not found",
        "data": null,
        "trace": {
            "error": "Error: Route is not found\n    at exports.default (E:\\Coderatory\\HRM\\base_server\\src\\handlers\\notFound.ts:7:15)\n    at Layer.handle [as handle_request] (E:\\Coderatory\\HRM\\base_server\\node_modules\\express\\lib\\router\\layer.js:95:5)\n    at trim_prefix (E:\\Coderatory\\HRM\\base_server\\node_modules\\express\\lib\\router\\index.js:328:13)\n    at E:\\Coderatory\\HRM\\base_server\\node_modules\\express\\lib\\router\\index.js:286:9\n    at Function.process_params (E:\\Coderatory\\HRM\\base_server\\node_modules\\express\\lib\\router\\index.js:346:12)\n    at next (E:\\Coderatory\\HRM\\base_server\\node_modules\\express\\lib\\router\\index.js:280:10)\n    at E:\\Coderatory\\HRM\\base_server\\node_modules\\express\\lib\\router\\index.js:646:15\n    at next (E:\\Coderatory\\HRM\\base_server\\node_modules\\express\\lib\\router\\index.js:265:14)\n    at Function.handle (E:\\Coderatory\\HRM\\base_server\\node_modules\\express\\lib\\router\\index.js:175:3)\n    at router (E:\\Coderatory\\HRM\\base_server\\node_modules\\express\\lib\\router\\index.js:47:12)"
        }
    }
}
{
    "level": "ERROR",
    "timestamp": "2024-11-17T09:14:37.652Z",
    "message": "Controller Response",
    "meta": {
        "success": false,
        "statusCode": 404,
        "request": {
            "ip": "::1",
            "method": "PUT",
            "url": "/v1/Attendance/attendance12345"
        },
        "message": "Route is not found",
        "data": null,
        "trace": {
            "error": "Error: Route is not found\n    at exports.default (E:\\Coderatory\\HRM\\base_server\\src\\handlers\\notFound.ts:7:15)\n    at Layer.handle [as handle_request] (E:\\Coderatory\\HRM\\base_server\\node_modules\\express\\lib\\router\\layer.js:95:5)\n    at trim_prefix (E:\\Coderatory\\HRM\\base_server\\node_modules\\express\\lib\\router\\index.js:328:13)\n    at E:\\Coderatory\\HRM\\base_server\\node_modules\\express\\lib\\router\\index.js:286:9\n    at Function.process_params (E:\\Coderatory\\HRM\\base_server\\node_modules\\express\\lib\\router\\index.js:346:12)\n    at next (E:\\Coderatory\\HRM\\base_server\\node_modules\\express\\lib\\router\\index.js:280:10)\n    at E:\\Coderatory\\HRM\\base_server\\node_modules\\express\\lib\\router\\index.js:646:15\n    at next (E:\\Coderatory\\HRM\\base_server\\node_modules\\express\\lib\\router\\index.js:265:14)\n    at Function.handle (E:\\Coderatory\\HRM\\base_server\\node_modules\\express\\lib\\router\\index.js:175:3)\n    at router (E:\\Coderatory\\HRM\\base_server\\node_modules\\express\\lib\\router\\index.js:47:12)"
        }
    }
}
{
    "level": "ERROR",
    "timestamp": "2024-11-17T09:14:38.354Z",
    "message": "Controller Response",
    "meta": {
        "success": false,
        "statusCode": 404,
        "request": {
            "ip": "::1",
            "method": "PUT",
            "url": "/v1/Attendance/attendance12345"
        },
        "message": "Route is not found",
        "data": null,
        "trace": {
            "error": "Error: Route is not found\n    at exports.default (E:\\Coderatory\\HRM\\base_server\\src\\handlers\\notFound.ts:7:15)\n    at Layer.handle [as handle_request] (E:\\Coderatory\\HRM\\base_server\\node_modules\\express\\lib\\router\\layer.js:95:5)\n    at trim_prefix (E:\\Coderatory\\HRM\\base_server\\node_modules\\express\\lib\\router\\index.js:328:13)\n    at E:\\Coderatory\\HRM\\base_server\\node_modules\\express\\lib\\router\\index.js:286:9\n    at Function.process_params (E:\\Coderatory\\HRM\\base_server\\node_modules\\express\\lib\\router\\index.js:346:12)\n    at next (E:\\Coderatory\\HRM\\base_server\\node_modules\\express\\lib\\router\\index.js:280:10)\n    at E:\\Coderatory\\HRM\\base_server\\node_modules\\express\\lib\\router\\index.js:646:15\n    at next (E:\\Coderatory\\HRM\\base_server\\node_modules\\express\\lib\\router\\index.js:265:14)\n    at Function.handle (E:\\Coderatory\\HRM\\base_server\\node_modules\\express\\lib\\router\\index.js:175:3)\n    at router (E:\\Coderatory\\HRM\\base_server\\node_modules\\express\\lib\\router\\index.js:47:12)"
        }
    }
}
{
    "level": "ERROR",
    "timestamp": "2024-11-17T09:18:01.906Z",
    "message": "Controller Response",
    "meta": {
        "success": false,
        "statusCode": 404,
        "request": {
            "ip": "::1",
            "method": "PUT",
            "url": "/v1/Attendance/attendance12345"
        },
        "message": "Route is not found",
        "data": null,
        "trace": {
            "error": "Error: Route is not found\n    at exports.default (E:\\Coderatory\\HRM\\base_server\\src\\handlers\\notFound.ts:7:15)\n    at Layer.handle [as handle_request] (E:\\Coderatory\\HRM\\base_server\\node_modules\\express\\lib\\router\\layer.js:95:5)\n    at trim_prefix (E:\\Coderatory\\HRM\\base_server\\node_modules\\express\\lib\\router\\index.js:328:13)\n    at E:\\Coderatory\\HRM\\base_server\\node_modules\\express\\lib\\router\\index.js:286:9\n    at Function.process_params (E:\\Coderatory\\HRM\\base_server\\node_modules\\express\\lib\\router\\index.js:346:12)\n    at next (E:\\Coderatory\\HRM\\base_server\\node_modules\\express\\lib\\router\\index.js:280:10)\n    at E:\\Coderatory\\HRM\\base_server\\node_modules\\express\\lib\\router\\index.js:646:15\n    at next (E:\\Coderatory\\HRM\\base_server\\node_modules\\express\\lib\\router\\index.js:265:14)\n    at Function.handle (E:\\Coderatory\\HRM\\base_server\\node_modules\\express\\lib\\router\\index.js:175:3)\n    at router (E:\\Coderatory\\HRM\\base_server\\node_modules\\express\\lib\\router\\index.js:47:12)"
        }
    }
}
{
    "level": "ERROR",
    "timestamp": "2024-11-17T09:18:02.558Z",
    "message": "Controller Response",
    "meta": {
        "success": false,
        "statusCode": 404,
        "request": {
            "ip": "::1",
            "method": "PUT",
            "url": "/v1/Attendance/attendance12345"
        },
        "message": "Route is not found",
        "data": null,
        "trace": {
            "error": "Error: Route is not found\n    at exports.default (E:\\Coderatory\\HRM\\base_server\\src\\handlers\\notFound.ts:7:15)\n    at Layer.handle [as handle_request] (E:\\Coderatory\\HRM\\base_server\\node_modules\\express\\lib\\router\\layer.js:95:5)\n    at trim_prefix (E:\\Coderatory\\HRM\\base_server\\node_modules\\express\\lib\\router\\index.js:328:13)\n    at E:\\Coderatory\\HRM\\base_server\\node_modules\\express\\lib\\router\\index.js:286:9\n    at Function.process_params (E:\\Coderatory\\HRM\\base_server\\node_modules\\express\\lib\\router\\index.js:346:12)\n    at next (E:\\Coderatory\\HRM\\base_server\\node_modules\\express\\lib\\router\\index.js:280:10)\n    at E:\\Coderatory\\HRM\\base_server\\node_modules\\express\\lib\\router\\index.js:646:15\n    at next (E:\\Coderatory\\HRM\\base_server\\node_modules\\express\\lib\\router\\index.js:265:14)\n    at Function.handle (E:\\Coderatory\\HRM\\base_server\\node_modules\\express\\lib\\router\\index.js:175:3)\n    at router (E:\\Coderatory\\HRM\\base_server\\node_modules\\express\\lib\\router\\index.js:47:12)"
        }
    }
}
{
    "level": "ERROR",
    "timestamp": "2024-11-17T09:18:02.737Z",
    "message": "Controller Response",
    "meta": {
        "success": false,
        "statusCode": 404,
        "request": {
            "ip": "::1",
            "method": "PUT",
            "url": "/v1/Attendance/attendance12345"
        },
        "message": "Route is not found",
        "data": null,
        "trace": {
            "error": "Error: Route is not found\n    at exports.default (E:\\Coderatory\\HRM\\base_server\\src\\handlers\\notFound.ts:7:15)\n    at Layer.handle [as handle_request] (E:\\Coderatory\\HRM\\base_server\\node_modules\\express\\lib\\router\\layer.js:95:5)\n    at trim_prefix (E:\\Coderatory\\HRM\\base_server\\node_modules\\express\\lib\\router\\index.js:328:13)\n    at E:\\Coderatory\\HRM\\base_server\\node_modules\\express\\lib\\router\\index.js:286:9\n    at Function.process_params (E:\\Coderatory\\HRM\\base_server\\node_modules\\express\\lib\\router\\index.js:346:12)\n    at next (E:\\Coderatory\\HRM\\base_server\\node_modules\\express\\lib\\router\\index.js:280:10)\n    at E:\\Coderatory\\HRM\\base_server\\node_modules\\express\\lib\\router\\index.js:646:15\n    at next (E:\\Coderatory\\HRM\\base_server\\node_modules\\express\\lib\\router\\index.js:265:14)\n    at Function.handle (E:\\Coderatory\\HRM\\base_server\\node_modules\\express\\lib\\router\\index.js:175:3)\n    at router (E:\\Coderatory\\HRM\\base_server\\node_modules\\express\\lib\\router\\index.js:47:12)"
        }
    }
}
{
    "level": "ERROR",
    "timestamp": "2024-11-17T09:18:02.897Z",
    "message": "Controller Response",
    "meta": {
        "success": false,
        "statusCode": 404,
        "request": {
            "ip": "::1",
            "method": "PUT",
            "url": "/v1/Attendance/attendance12345"
        },
        "message": "Route is not found",
        "data": null,
        "trace": {
            "error": "Error: Route is not found\n    at exports.default (E:\\Coderatory\\HRM\\base_server\\src\\handlers\\notFound.ts:7:15)\n    at Layer.handle [as handle_request] (E:\\Coderatory\\HRM\\base_server\\node_modules\\express\\lib\\router\\layer.js:95:5)\n    at trim_prefix (E:\\Coderatory\\HRM\\base_server\\node_modules\\express\\lib\\router\\index.js:328:13)\n    at E:\\Coderatory\\HRM\\base_server\\node_modules\\express\\lib\\router\\index.js:286:9\n    at Function.process_params (E:\\Coderatory\\HRM\\base_server\\node_modules\\express\\lib\\router\\index.js:346:12)\n    at next (E:\\Coderatory\\HRM\\base_server\\node_modules\\express\\lib\\router\\index.js:280:10)\n    at E:\\Coderatory\\HRM\\base_server\\node_modules\\express\\lib\\router\\index.js:646:15\n    at next (E:\\Coderatory\\HRM\\base_server\\node_modules\\express\\lib\\router\\index.js:265:14)\n    at Function.handle (E:\\Coderatory\\HRM\\base_server\\node_modules\\express\\lib\\router\\index.js:175:3)\n    at router (E:\\Coderatory\\HRM\\base_server\\node_modules\\express\\lib\\router\\index.js:47:12)"
        }
    }
}
{
    "level": "ERROR",
    "timestamp": "2024-11-17T09:18:03.045Z",
    "message": "Controller Response",
    "meta": {
        "success": false,
        "statusCode": 404,
        "request": {
            "ip": "::1",
            "method": "PUT",
            "url": "/v1/Attendance/attendance12345"
        },
        "message": "Route is not found",
        "data": null,
        "trace": {
            "error": "Error: Route is not found\n    at exports.default (E:\\Coderatory\\HRM\\base_server\\src\\handlers\\notFound.ts:7:15)\n    at Layer.handle [as handle_request] (E:\\Coderatory\\HRM\\base_server\\node_modules\\express\\lib\\router\\layer.js:95:5)\n    at trim_prefix (E:\\Coderatory\\HRM\\base_server\\node_modules\\express\\lib\\router\\index.js:328:13)\n    at E:\\Coderatory\\HRM\\base_server\\node_modules\\express\\lib\\router\\index.js:286:9\n    at Function.process_params (E:\\Coderatory\\HRM\\base_server\\node_modules\\express\\lib\\router\\index.js:346:12)\n    at next (E:\\Coderatory\\HRM\\base_server\\node_modules\\express\\lib\\router\\index.js:280:10)\n    at E:\\Coderatory\\HRM\\base_server\\node_modules\\express\\lib\\router\\index.js:646:15\n    at next (E:\\Coderatory\\HRM\\base_server\\node_modules\\express\\lib\\router\\index.js:265:14)\n    at Function.handle (E:\\Coderatory\\HRM\\base_server\\node_modules\\express\\lib\\router\\index.js:175:3)\n    at router (E:\\Coderatory\\HRM\\base_server\\node_modules\\express\\lib\\router\\index.js:47:12)"
        }
    }
}
{
    "level": "ERROR",
    "timestamp": "2024-11-17T09:18:03.174Z",
    "message": "Controller Response",
    "meta": {
        "success": false,
        "statusCode": 404,
        "request": {
            "ip": "::1",
            "method": "PUT",
            "url": "/v1/Attendance/attendance12345"
        },
        "message": "Route is not found",
        "data": null,
        "trace": {
            "error": "Error: Route is not found\n    at exports.default (E:\\Coderatory\\HRM\\base_server\\src\\handlers\\notFound.ts:7:15)\n    at Layer.handle [as handle_request] (E:\\Coderatory\\HRM\\base_server\\node_modules\\express\\lib\\router\\layer.js:95:5)\n    at trim_prefix (E:\\Coderatory\\HRM\\base_server\\node_modules\\express\\lib\\router\\index.js:328:13)\n    at E:\\Coderatory\\HRM\\base_server\\node_modules\\express\\lib\\router\\index.js:286:9\n    at Function.process_params (E:\\Coderatory\\HRM\\base_server\\node_modules\\express\\lib\\router\\index.js:346:12)\n    at next (E:\\Coderatory\\HRM\\base_server\\node_modules\\express\\lib\\router\\index.js:280:10)\n    at E:\\Coderatory\\HRM\\base_server\\node_modules\\express\\lib\\router\\index.js:646:15\n    at next (E:\\Coderatory\\HRM\\base_server\\node_modules\\express\\lib\\router\\index.js:265:14)\n    at Function.handle (E:\\Coderatory\\HRM\\base_server\\node_modules\\express\\lib\\router\\index.js:175:3)\n    at router (E:\\Coderatory\\HRM\\base_server\\node_modules\\express\\lib\\router\\index.js:47:12)"
        }
    }
}
{
    "level": "ERROR",
    "timestamp": "2024-11-17T09:18:03.304Z",
    "message": "Controller Response",
    "meta": {
        "success": false,
        "statusCode": 404,
        "request": {
            "ip": "::1",
            "method": "PUT",
            "url": "/v1/Attendance/attendance12345"
        },
        "message": "Route is not found",
        "data": null,
        "trace": {
            "error": "Error: Route is not found\n    at exports.default (E:\\Coderatory\\HRM\\base_server\\src\\handlers\\notFound.ts:7:15)\n    at Layer.handle [as handle_request] (E:\\Coderatory\\HRM\\base_server\\node_modules\\express\\lib\\router\\layer.js:95:5)\n    at trim_prefix (E:\\Coderatory\\HRM\\base_server\\node_modules\\express\\lib\\router\\index.js:328:13)\n    at E:\\Coderatory\\HRM\\base_server\\node_modules\\express\\lib\\router\\index.js:286:9\n    at Function.process_params (E:\\Coderatory\\HRM\\base_server\\node_modules\\express\\lib\\router\\index.js:346:12)\n    at next (E:\\Coderatory\\HRM\\base_server\\node_modules\\express\\lib\\router\\index.js:280:10)\n    at E:\\Coderatory\\HRM\\base_server\\node_modules\\express\\lib\\router\\index.js:646:15\n    at next (E:\\Coderatory\\HRM\\base_server\\node_modules\\express\\lib\\router\\index.js:265:14)\n    at Function.handle (E:\\Coderatory\\HRM\\base_server\\node_modules\\express\\lib\\router\\index.js:175:3)\n    at router (E:\\Coderatory\\HRM\\base_server\\node_modules\\express\\lib\\router\\index.js:47:12)"
        }
    }
}
{
    "level": "ERROR",
    "timestamp": "2024-11-17T09:18:03.467Z",
    "message": "Controller Response",
    "meta": {
        "success": false,
        "statusCode": 404,
        "request": {
            "ip": "::1",
            "method": "PUT",
            "url": "/v1/Attendance/attendance12345"
        },
        "message": "Route is not found",
        "data": null,
        "trace": {
            "error": "Error: Route is not found\n    at exports.default (E:\\Coderatory\\HRM\\base_server\\src\\handlers\\notFound.ts:7:15)\n    at Layer.handle [as handle_request] (E:\\Coderatory\\HRM\\base_server\\node_modules\\express\\lib\\router\\layer.js:95:5)\n    at trim_prefix (E:\\Coderatory\\HRM\\base_server\\node_modules\\express\\lib\\router\\index.js:328:13)\n    at E:\\Coderatory\\HRM\\base_server\\node_modules\\express\\lib\\router\\index.js:286:9\n    at Function.process_params (E:\\Coderatory\\HRM\\base_server\\node_modules\\express\\lib\\router\\index.js:346:12)\n    at next (E:\\Coderatory\\HRM\\base_server\\node_modules\\express\\lib\\router\\index.js:280:10)\n    at E:\\Coderatory\\HRM\\base_server\\node_modules\\express\\lib\\router\\index.js:646:15\n    at next (E:\\Coderatory\\HRM\\base_server\\node_modules\\express\\lib\\router\\index.js:265:14)\n    at Function.handle (E:\\Coderatory\\HRM\\base_server\\node_modules\\express\\lib\\router\\index.js:175:3)\n    at router (E:\\Coderatory\\HRM\\base_server\\node_modules\\express\\lib\\router\\index.js:47:12)"
        }
    }
}
{
    "level": "ERROR",
    "timestamp": "2024-11-17T09:18:03.624Z",
    "message": "Controller Response",
    "meta": {
        "success": false,
        "statusCode": 404,
        "request": {
            "ip": "::1",
            "method": "PUT",
            "url": "/v1/Attendance/attendance12345"
        },
        "message": "Route is not found",
        "data": null,
        "trace": {
            "error": "Error: Route is not found\n    at exports.default (E:\\Coderatory\\HRM\\base_server\\src\\handlers\\notFound.ts:7:15)\n    at Layer.handle [as handle_request] (E:\\Coderatory\\HRM\\base_server\\node_modules\\express\\lib\\router\\layer.js:95:5)\n    at trim_prefix (E:\\Coderatory\\HRM\\base_server\\node_modules\\express\\lib\\router\\index.js:328:13)\n    at E:\\Coderatory\\HRM\\base_server\\node_modules\\express\\lib\\router\\index.js:286:9\n    at Function.process_params (E:\\Coderatory\\HRM\\base_server\\node_modules\\express\\lib\\router\\index.js:346:12)\n    at next (E:\\Coderatory\\HRM\\base_server\\node_modules\\express\\lib\\router\\index.js:280:10)\n    at E:\\Coderatory\\HRM\\base_server\\node_modules\\express\\lib\\router\\index.js:646:15\n    at next (E:\\Coderatory\\HRM\\base_server\\node_modules\\express\\lib\\router\\index.js:265:14)\n    at Function.handle (E:\\Coderatory\\HRM\\base_server\\node_modules\\express\\lib\\router\\index.js:175:3)\n    at router (E:\\Coderatory\\HRM\\base_server\\node_modules\\express\\lib\\router\\index.js:47:12)"
        }
    }
}
{
    "level": "ERROR",
    "timestamp": "2024-11-17T09:18:03.821Z",
    "message": "Controller Response",
    "meta": {
        "success": false,
        "statusCode": 404,
        "request": {
            "ip": "::1",
            "method": "PUT",
            "url": "/v1/Attendance/attendance12345"
        },
        "message": "Route is not found",
        "data": null,
        "trace": {
            "error": "Error: Route is not found\n    at exports.default (E:\\Coderatory\\HRM\\base_server\\src\\handlers\\notFound.ts:7:15)\n    at Layer.handle [as handle_request] (E:\\Coderatory\\HRM\\base_server\\node_modules\\express\\lib\\router\\layer.js:95:5)\n    at trim_prefix (E:\\Coderatory\\HRM\\base_server\\node_modules\\express\\lib\\router\\index.js:328:13)\n    at E:\\Coderatory\\HRM\\base_server\\node_modules\\express\\lib\\router\\index.js:286:9\n    at Function.process_params (E:\\Coderatory\\HRM\\base_server\\node_modules\\express\\lib\\router\\index.js:346:12)\n    at next (E:\\Coderatory\\HRM\\base_server\\node_modules\\express\\lib\\router\\index.js:280:10)\n    at E:\\Coderatory\\HRM\\base_server\\node_modules\\express\\lib\\router\\index.js:646:15\n    at next (E:\\Coderatory\\HRM\\base_server\\node_modules\\express\\lib\\router\\index.js:265:14)\n    at Function.handle (E:\\Coderatory\\HRM\\base_server\\node_modules\\express\\lib\\router\\index.js:175:3)\n    at router (E:\\Coderatory\\HRM\\base_server\\node_modules\\express\\lib\\router\\index.js:47:12)"
        }
    }
}
{
    "level": "ERROR",
    "timestamp": "2024-11-17T09:18:03.954Z",
    "message": "Controller Response",
    "meta": {
        "success": false,
        "statusCode": 404,
        "request": {
            "ip": "::1",
            "method": "PUT",
            "url": "/v1/Attendance/attendance12345"
        },
        "message": "Route is not found",
        "data": null,
        "trace": {
            "error": "Error: Route is not found\n    at exports.default (E:\\Coderatory\\HRM\\base_server\\src\\handlers\\notFound.ts:7:15)\n    at Layer.handle [as handle_request] (E:\\Coderatory\\HRM\\base_server\\node_modules\\express\\lib\\router\\layer.js:95:5)\n    at trim_prefix (E:\\Coderatory\\HRM\\base_server\\node_modules\\express\\lib\\router\\index.js:328:13)\n    at E:\\Coderatory\\HRM\\base_server\\node_modules\\express\\lib\\router\\index.js:286:9\n    at Function.process_params (E:\\Coderatory\\HRM\\base_server\\node_modules\\express\\lib\\router\\index.js:346:12)\n    at next (E:\\Coderatory\\HRM\\base_server\\node_modules\\express\\lib\\router\\index.js:280:10)\n    at E:\\Coderatory\\HRM\\base_server\\node_modules\\express\\lib\\router\\index.js:646:15\n    at next (E:\\Coderatory\\HRM\\base_server\\node_modules\\express\\lib\\router\\index.js:265:14)\n    at Function.handle (E:\\Coderatory\\HRM\\base_server\\node_modules\\express\\lib\\router\\index.js:175:3)\n    at router (E:\\Coderatory\\HRM\\base_server\\node_modules\\express\\lib\\router\\index.js:47:12)"
        }
    }
}
{
    "level": "ERROR",
    "timestamp": "2024-11-17T09:18:04.128Z",
    "message": "Controller Response",
    "meta": {
        "success": false,
        "statusCode": 404,
        "request": {
            "ip": "::1",
            "method": "PUT",
            "url": "/v1/Attendance/attendance12345"
        },
        "message": "Route is not found",
        "data": null,
        "trace": {
            "error": "Error: Route is not found\n    at exports.default (E:\\Coderatory\\HRM\\base_server\\src\\handlers\\notFound.ts:7:15)\n    at Layer.handle [as handle_request] (E:\\Coderatory\\HRM\\base_server\\node_modules\\express\\lib\\router\\layer.js:95:5)\n    at trim_prefix (E:\\Coderatory\\HRM\\base_server\\node_modules\\express\\lib\\router\\index.js:328:13)\n    at E:\\Coderatory\\HRM\\base_server\\node_modules\\express\\lib\\router\\index.js:286:9\n    at Function.process_params (E:\\Coderatory\\HRM\\base_server\\node_modules\\express\\lib\\router\\index.js:346:12)\n    at next (E:\\Coderatory\\HRM\\base_server\\node_modules\\express\\lib\\router\\index.js:280:10)\n    at E:\\Coderatory\\HRM\\base_server\\node_modules\\express\\lib\\router\\index.js:646:15\n    at next (E:\\Coderatory\\HRM\\base_server\\node_modules\\express\\lib\\router\\index.js:265:14)\n    at Function.handle (E:\\Coderatory\\HRM\\base_server\\node_modules\\express\\lib\\router\\index.js:175:3)\n    at router (E:\\Coderatory\\HRM\\base_server\\node_modules\\express\\lib\\router\\index.js:47:12)"
        }
    }
}
{
    "level": "ERROR",
    "timestamp": "2024-11-17T09:18:04.308Z",
    "message": "Controller Response",
    "meta": {
        "success": false,
        "statusCode": 404,
        "request": {
            "ip": "::1",
            "method": "PUT",
            "url": "/v1/Attendance/attendance12345"
        },
        "message": "Route is not found",
        "data": null,
        "trace": {
            "error": "Error: Route is not found\n    at exports.default (E:\\Coderatory\\HRM\\base_server\\src\\handlers\\notFound.ts:7:15)\n    at Layer.handle [as handle_request] (E:\\Coderatory\\HRM\\base_server\\node_modules\\express\\lib\\router\\layer.js:95:5)\n    at trim_prefix (E:\\Coderatory\\HRM\\base_server\\node_modules\\express\\lib\\router\\index.js:328:13)\n    at E:\\Coderatory\\HRM\\base_server\\node_modules\\express\\lib\\router\\index.js:286:9\n    at Function.process_params (E:\\Coderatory\\HRM\\base_server\\node_modules\\express\\lib\\router\\index.js:346:12)\n    at next (E:\\Coderatory\\HRM\\base_server\\node_modules\\express\\lib\\router\\index.js:280:10)\n    at E:\\Coderatory\\HRM\\base_server\\node_modules\\express\\lib\\router\\index.js:646:15\n    at next (E:\\Coderatory\\HRM\\base_server\\node_modules\\express\\lib\\router\\index.js:265:14)\n    at Function.handle (E:\\Coderatory\\HRM\\base_server\\node_modules\\express\\lib\\router\\index.js:175:3)\n    at router (E:\\Coderatory\\HRM\\base_server\\node_modules\\express\\lib\\router\\index.js:47:12)"
        }
    }
}
{
    "level": "ERROR",
    "timestamp": "2024-11-17T09:18:04.441Z",
    "message": "Controller Response",
    "meta": {
        "success": false,
        "statusCode": 404,
        "request": {
            "ip": "::1",
            "method": "PUT",
            "url": "/v1/Attendance/attendance12345"
        },
        "message": "Route is not found",
        "data": null,
        "trace": {
            "error": "Error: Route is not found\n    at exports.default (E:\\Coderatory\\HRM\\base_server\\src\\handlers\\notFound.ts:7:15)\n    at Layer.handle [as handle_request] (E:\\Coderatory\\HRM\\base_server\\node_modules\\express\\lib\\router\\layer.js:95:5)\n    at trim_prefix (E:\\Coderatory\\HRM\\base_server\\node_modules\\express\\lib\\router\\index.js:328:13)\n    at E:\\Coderatory\\HRM\\base_server\\node_modules\\express\\lib\\router\\index.js:286:9\n    at Function.process_params (E:\\Coderatory\\HRM\\base_server\\node_modules\\express\\lib\\router\\index.js:346:12)\n    at next (E:\\Coderatory\\HRM\\base_server\\node_modules\\express\\lib\\router\\index.js:280:10)\n    at E:\\Coderatory\\HRM\\base_server\\node_modules\\express\\lib\\router\\index.js:646:15\n    at next (E:\\Coderatory\\HRM\\base_server\\node_modules\\express\\lib\\router\\index.js:265:14)\n    at Function.handle (E:\\Coderatory\\HRM\\base_server\\node_modules\\express\\lib\\router\\index.js:175:3)\n    at router (E:\\Coderatory\\HRM\\base_server\\node_modules\\express\\lib\\router\\index.js:47:12)"
        }
    }
}
{
    "level": "ERROR",
    "timestamp": "2024-11-17T09:18:04.965Z",
    "message": "Controller Response",
    "meta": {
        "success": false,
        "statusCode": 404,
        "request": {
            "ip": "::1",
            "method": "PUT",
            "url": "/v1/Attendance/attendance12345"
        },
        "message": "Route is not found",
        "data": null,
        "trace": {
            "error": "Error: Route is not found\n    at exports.default (E:\\Coderatory\\HRM\\base_server\\src\\handlers\\notFound.ts:7:15)\n    at Layer.handle [as handle_request] (E:\\Coderatory\\HRM\\base_server\\node_modules\\express\\lib\\router\\layer.js:95:5)\n    at trim_prefix (E:\\Coderatory\\HRM\\base_server\\node_modules\\express\\lib\\router\\index.js:328:13)\n    at E:\\Coderatory\\HRM\\base_server\\node_modules\\express\\lib\\router\\index.js:286:9\n    at Function.process_params (E:\\Coderatory\\HRM\\base_server\\node_modules\\express\\lib\\router\\index.js:346:12)\n    at next (E:\\Coderatory\\HRM\\base_server\\node_modules\\express\\lib\\router\\index.js:280:10)\n    at E:\\Coderatory\\HRM\\base_server\\node_modules\\express\\lib\\router\\index.js:646:15\n    at next (E:\\Coderatory\\HRM\\base_server\\node_modules\\express\\lib\\router\\index.js:265:14)\n    at Function.handle (E:\\Coderatory\\HRM\\base_server\\node_modules\\express\\lib\\router\\index.js:175:3)\n    at router (E:\\Coderatory\\HRM\\base_server\\node_modules\\express\\lib\\router\\index.js:47:12)"
        }
    }
}
{
    "level": "ERROR",
    "timestamp": "2024-11-17T09:18:05.379Z",
    "message": "Controller Response",
    "meta": {
        "success": false,
        "statusCode": 404,
        "request": {
            "ip": "::1",
            "method": "PUT",
            "url": "/v1/Attendance/attendance12345"
        },
        "message": "Route is not found",
        "data": null,
        "trace": {
            "error": "Error: Route is not found\n    at exports.default (E:\\Coderatory\\HRM\\base_server\\src\\handlers\\notFound.ts:7:15)\n    at Layer.handle [as handle_request] (E:\\Coderatory\\HRM\\base_server\\node_modules\\express\\lib\\router\\layer.js:95:5)\n    at trim_prefix (E:\\Coderatory\\HRM\\base_server\\node_modules\\express\\lib\\router\\index.js:328:13)\n    at E:\\Coderatory\\HRM\\base_server\\node_modules\\express\\lib\\router\\index.js:286:9\n    at Function.process_params (E:\\Coderatory\\HRM\\base_server\\node_modules\\express\\lib\\router\\index.js:346:12)\n    at next (E:\\Coderatory\\HRM\\base_server\\node_modules\\express\\lib\\router\\index.js:280:10)\n    at E:\\Coderatory\\HRM\\base_server\\node_modules\\express\\lib\\router\\index.js:646:15\n    at next (E:\\Coderatory\\HRM\\base_server\\node_modules\\express\\lib\\router\\index.js:265:14)\n    at Function.handle (E:\\Coderatory\\HRM\\base_server\\node_modules\\express\\lib\\router\\index.js:175:3)\n    at router (E:\\Coderatory\\HRM\\base_server\\node_modules\\express\\lib\\router\\index.js:47:12)"
        }
    }
}
{
    "level": "ERROR",
    "timestamp": "2024-11-17T09:18:05.549Z",
    "message": "Controller Response",
    "meta": {
        "success": false,
        "statusCode": 404,
        "request": {
            "ip": "::1",
            "method": "PUT",
            "url": "/v1/Attendance/attendance12345"
        },
        "message": "Route is not found",
        "data": null,
        "trace": {
            "error": "Error: Route is not found\n    at exports.default (E:\\Coderatory\\HRM\\base_server\\src\\handlers\\notFound.ts:7:15)\n    at Layer.handle [as handle_request] (E:\\Coderatory\\HRM\\base_server\\node_modules\\express\\lib\\router\\layer.js:95:5)\n    at trim_prefix (E:\\Coderatory\\HRM\\base_server\\node_modules\\express\\lib\\router\\index.js:328:13)\n    at E:\\Coderatory\\HRM\\base_server\\node_modules\\express\\lib\\router\\index.js:286:9\n    at Function.process_params (E:\\Coderatory\\HRM\\base_server\\node_modules\\express\\lib\\router\\index.js:346:12)\n    at next (E:\\Coderatory\\HRM\\base_server\\node_modules\\express\\lib\\router\\index.js:280:10)\n    at E:\\Coderatory\\HRM\\base_server\\node_modules\\express\\lib\\router\\index.js:646:15\n    at next (E:\\Coderatory\\HRM\\base_server\\node_modules\\express\\lib\\router\\index.js:265:14)\n    at Function.handle (E:\\Coderatory\\HRM\\base_server\\node_modules\\express\\lib\\router\\index.js:175:3)\n    at router (E:\\Coderatory\\HRM\\base_server\\node_modules\\express\\lib\\router\\index.js:47:12)"
        }
    }
}
{
    "level": "ERROR",
    "timestamp": "2024-11-17T09:18:05.696Z",
    "message": "Controller Response",
    "meta": {
        "success": false,
        "statusCode": 404,
        "request": {
            "ip": "::1",
            "method": "PUT",
            "url": "/v1/Attendance/attendance12345"
        },
        "message": "Route is not found",
        "data": null,
        "trace": {
            "error": "Error: Route is not found\n    at exports.default (E:\\Coderatory\\HRM\\base_server\\src\\handlers\\notFound.ts:7:15)\n    at Layer.handle [as handle_request] (E:\\Coderatory\\HRM\\base_server\\node_modules\\express\\lib\\router\\layer.js:95:5)\n    at trim_prefix (E:\\Coderatory\\HRM\\base_server\\node_modules\\express\\lib\\router\\index.js:328:13)\n    at E:\\Coderatory\\HRM\\base_server\\node_modules\\express\\lib\\router\\index.js:286:9\n    at Function.process_params (E:\\Coderatory\\HRM\\base_server\\node_modules\\express\\lib\\router\\index.js:346:12)\n    at next (E:\\Coderatory\\HRM\\base_server\\node_modules\\express\\lib\\router\\index.js:280:10)\n    at E:\\Coderatory\\HRM\\base_server\\node_modules\\express\\lib\\router\\index.js:646:15\n    at next (E:\\Coderatory\\HRM\\base_server\\node_modules\\express\\lib\\router\\index.js:265:14)\n    at Function.handle (E:\\Coderatory\\HRM\\base_server\\node_modules\\express\\lib\\router\\index.js:175:3)\n    at router (E:\\Coderatory\\HRM\\base_server\\node_modules\\express\\lib\\router\\index.js:47:12)"
        }
    }
}
{
    "level": "ERROR",
    "timestamp": "2024-11-17T09:18:05.911Z",
    "message": "Controller Response",
    "meta": {
        "success": false,
        "statusCode": 404,
        "request": {
            "ip": "::1",
            "method": "PUT",
            "url": "/v1/Attendance/attendance12345"
        },
        "message": "Route is not found",
        "data": null,
        "trace": {
            "error": "Error: Route is not found\n    at exports.default (E:\\Coderatory\\HRM\\base_server\\src\\handlers\\notFound.ts:7:15)\n    at Layer.handle [as handle_request] (E:\\Coderatory\\HRM\\base_server\\node_modules\\express\\lib\\router\\layer.js:95:5)\n    at trim_prefix (E:\\Coderatory\\HRM\\base_server\\node_modules\\express\\lib\\router\\index.js:328:13)\n    at E:\\Coderatory\\HRM\\base_server\\node_modules\\express\\lib\\router\\index.js:286:9\n    at Function.process_params (E:\\Coderatory\\HRM\\base_server\\node_modules\\express\\lib\\router\\index.js:346:12)\n    at next (E:\\Coderatory\\HRM\\base_server\\node_modules\\express\\lib\\router\\index.js:280:10)\n    at E:\\Coderatory\\HRM\\base_server\\node_modules\\express\\lib\\router\\index.js:646:15\n    at next (E:\\Coderatory\\HRM\\base_server\\node_modules\\express\\lib\\router\\index.js:265:14)\n    at Function.handle (E:\\Coderatory\\HRM\\base_server\\node_modules\\express\\lib\\router\\index.js:175:3)\n    at router (E:\\Coderatory\\HRM\\base_server\\node_modules\\express\\lib\\router\\index.js:47:12)"
        }
    }
}
{
    "level": "ERROR",
    "timestamp": "2024-11-17T09:18:18.286Z",
    "message": "Controller Response",
    "meta": {
        "success": false,
        "statusCode": 404,
        "request": {
            "ip": "::1",
            "method": "PUT",
            "url": "/v1/Attendance/attendance12345"
        },
        "message": "Route is not found",
        "data": null,
        "trace": {
            "error": "Error: Route is not found\n    at exports.default (E:\\Coderatory\\HRM\\base_server\\src\\handlers\\notFound.ts:7:15)\n    at Layer.handle [as handle_request] (E:\\Coderatory\\HRM\\base_server\\node_modules\\express\\lib\\router\\layer.js:95:5)\n    at trim_prefix (E:\\Coderatory\\HRM\\base_server\\node_modules\\express\\lib\\router\\index.js:328:13)\n    at E:\\Coderatory\\HRM\\base_server\\node_modules\\express\\lib\\router\\index.js:286:9\n    at Function.process_params (E:\\Coderatory\\HRM\\base_server\\node_modules\\express\\lib\\router\\index.js:346:12)\n    at next (E:\\Coderatory\\HRM\\base_server\\node_modules\\express\\lib\\router\\index.js:280:10)\n    at E:\\Coderatory\\HRM\\base_server\\node_modules\\express\\lib\\router\\index.js:646:15\n    at next (E:\\Coderatory\\HRM\\base_server\\node_modules\\express\\lib\\router\\index.js:265:14)\n    at Function.handle (E:\\Coderatory\\HRM\\base_server\\node_modules\\express\\lib\\router\\index.js:175:3)\n    at router (E:\\Coderatory\\HRM\\base_server\\node_modules\\express\\lib\\router\\index.js:47:12)"
        }
    }
}
{
    "level": "ERROR",
    "timestamp": "2024-11-17T09:25:10.746Z",
    "message": "Controller Response",
    "meta": {
        "success": false,
        "statusCode": 404,
        "request": {
            "ip": "::1",
            "method": "PUT",
            "url": "/v1/Attendance/attendance12345"
        },
        "message": "Route is not found",
        "data": null,
        "trace": {
            "error": "Error: Route is not found\n    at exports.default (E:\\Coderatory\\HRM\\base_server\\src\\handlers\\notFound.ts:7:15)\n    at Layer.handle [as handle_request] (E:\\Coderatory\\HRM\\base_server\\node_modules\\express\\lib\\router\\layer.js:95:5)\n    at trim_prefix (E:\\Coderatory\\HRM\\base_server\\node_modules\\express\\lib\\router\\index.js:328:13)\n    at E:\\Coderatory\\HRM\\base_server\\node_modules\\express\\lib\\router\\index.js:286:9\n    at Function.process_params (E:\\Coderatory\\HRM\\base_server\\node_modules\\express\\lib\\router\\index.js:346:12)\n    at next (E:\\Coderatory\\HRM\\base_server\\node_modules\\express\\lib\\router\\index.js:280:10)\n    at E:\\Coderatory\\HRM\\base_server\\node_modules\\express\\lib\\router\\index.js:646:15\n    at next (E:\\Coderatory\\HRM\\base_server\\node_modules\\express\\lib\\router\\index.js:265:14)\n    at Function.handle (E:\\Coderatory\\HRM\\base_server\\node_modules\\express\\lib\\router\\index.js:175:3)\n    at router (E:\\Coderatory\\HRM\\base_server\\node_modules\\express\\lib\\router\\index.js:47:12)"
        }
    }
}
{
    "level": "ERROR",
    "timestamp": "2024-11-17T09:25:11.609Z",
    "message": "Controller Response",
    "meta": {
        "success": false,
        "statusCode": 404,
        "request": {
            "ip": "::1",
            "method": "PUT",
            "url": "/v1/Attendance/attendance12345"
        },
        "message": "Route is not found",
        "data": null,
        "trace": {
            "error": "Error: Route is not found\n    at exports.default (E:\\Coderatory\\HRM\\base_server\\src\\handlers\\notFound.ts:7:15)\n    at Layer.handle [as handle_request] (E:\\Coderatory\\HRM\\base_server\\node_modules\\express\\lib\\router\\layer.js:95:5)\n    at trim_prefix (E:\\Coderatory\\HRM\\base_server\\node_modules\\express\\lib\\router\\index.js:328:13)\n    at E:\\Coderatory\\HRM\\base_server\\node_modules\\express\\lib\\router\\index.js:286:9\n    at Function.process_params (E:\\Coderatory\\HRM\\base_server\\node_modules\\express\\lib\\router\\index.js:346:12)\n    at next (E:\\Coderatory\\HRM\\base_server\\node_modules\\express\\lib\\router\\index.js:280:10)\n    at E:\\Coderatory\\HRM\\base_server\\node_modules\\express\\lib\\router\\index.js:646:15\n    at next (E:\\Coderatory\\HRM\\base_server\\node_modules\\express\\lib\\router\\index.js:265:14)\n    at Function.handle (E:\\Coderatory\\HRM\\base_server\\node_modules\\express\\lib\\router\\index.js:175:3)\n    at router (E:\\Coderatory\\HRM\\base_server\\node_modules\\express\\lib\\router\\index.js:47:12)"
        }
    }
}
{
    "level": "INFO",
    "timestamp": "2024-11-17T15:15:24.991Z",
    "message": "Database connection established",
    "meta": {
        "CONNECTION_NAME": "test"
    }
}
{
    "level": "INFO",
    "timestamp": "2024-11-17T15:15:25.040Z",
    "message": "Rate limiter initiated",
    "meta": {}
}
{
    "level": "INFO",
    "timestamp": "2024-11-17T15:15:25.047Z",
    "message": "Application started on port 3000",
    "meta": {
        "SERVER_URL": "http://localhost:3000"
    }
}
{
    "level": "INFO",
    "timestamp": "2024-11-17T15:34:31.645Z",
    "message": "Database connection established",
    "meta": {
        "CONNECTION_NAME": "test"
    }
}
{
    "level": "INFO",
    "timestamp": "2024-11-17T15:34:31.670Z",
    "message": "Rate limiter initiated",
    "meta": {}
}
{
    "level": "INFO",
    "timestamp": "2024-11-17T15:34:31.674Z",
    "message": "Application started on port 3000",
    "meta": {
        "SERVER_URL": "http://localhost:3000"
    }
}
{
    "level": "ERROR",
    "timestamp": "2024-11-17T15:38:05.821Z",
    "message": "Controller Response",
    "meta": {
        "success": false,
        "statusCode": 404,
        "request": {
            "ip": "::1",
            "method": "GET",
            "url": "/v1/attendance/employee/12345"
        },
        "message": "Route is not found",
        "data": null,
        "trace": {
            "error": "Error: Route is not found\n    at exports.default (E:\\Coderatory\\HRM\\base_server\\src\\handlers\\notFound.ts:7:15)\n    at Layer.handle [as handle_request] (E:\\Coderatory\\HRM\\base_server\\node_modules\\express\\lib\\router\\layer.js:95:5)\n    at trim_prefix (E:\\Coderatory\\HRM\\base_server\\node_modules\\express\\lib\\router\\index.js:328:13)\n    at E:\\Coderatory\\HRM\\base_server\\node_modules\\express\\lib\\router\\index.js:286:9\n    at Function.process_params (E:\\Coderatory\\HRM\\base_server\\node_modules\\express\\lib\\router\\index.js:346:12)\n    at next (E:\\Coderatory\\HRM\\base_server\\node_modules\\express\\lib\\router\\index.js:280:10)\n    at E:\\Coderatory\\HRM\\base_server\\node_modules\\express\\lib\\router\\index.js:646:15\n    at next (E:\\Coderatory\\HRM\\base_server\\node_modules\\express\\lib\\router\\index.js:265:14)\n    at Function.handle (E:\\Coderatory\\HRM\\base_server\\node_modules\\express\\lib\\router\\index.js:175:3)\n    at router (E:\\Coderatory\\HRM\\base_server\\node_modules\\express\\lib\\router\\index.js:47:12)"
        }
    }
}
{
    "level": "ERROR",
    "timestamp": "2024-11-17T15:38:09.296Z",
    "message": "Controller Response",
    "meta": {
        "success": false,
        "statusCode": 404,
        "request": {
            "ip": "::1",
            "method": "PUT",
            "url": "/v1/Attendance/attendance12345"
        },
        "message": "Route is not found",
        "data": null,
        "trace": {
            "error": "Error: Route is not found\n    at exports.default (E:\\Coderatory\\HRM\\base_server\\src\\handlers\\notFound.ts:7:15)\n    at Layer.handle [as handle_request] (E:\\Coderatory\\HRM\\base_server\\node_modules\\express\\lib\\router\\layer.js:95:5)\n    at trim_prefix (E:\\Coderatory\\HRM\\base_server\\node_modules\\express\\lib\\router\\index.js:328:13)\n    at E:\\Coderatory\\HRM\\base_server\\node_modules\\express\\lib\\router\\index.js:286:9\n    at Function.process_params (E:\\Coderatory\\HRM\\base_server\\node_modules\\express\\lib\\router\\index.js:346:12)\n    at next (E:\\Coderatory\\HRM\\base_server\\node_modules\\express\\lib\\router\\index.js:280:10)\n    at E:\\Coderatory\\HRM\\base_server\\node_modules\\express\\lib\\router\\index.js:646:15\n    at next (E:\\Coderatory\\HRM\\base_server\\node_modules\\express\\lib\\router\\index.js:265:14)\n    at Function.handle (E:\\Coderatory\\HRM\\base_server\\node_modules\\express\\lib\\router\\index.js:175:3)\n    at router (E:\\Coderatory\\HRM\\base_server\\node_modules\\express\\lib\\router\\index.js:47:12)"
        }
    }
}
{
    "level": "INFO",
    "timestamp": "2024-11-17T15:41:13.887Z",
    "message": "Database connection established",
    "meta": {
        "CONNECTION_NAME": "test"
    }
}
{
    "level": "INFO",
    "timestamp": "2024-11-17T15:41:13.919Z",
    "message": "Rate limiter initiated",
    "meta": {}
}
{
    "level": "INFO",
    "timestamp": "2024-11-17T15:41:13.927Z",
    "message": "Application started on port 3000",
    "meta": {
        "SERVER_URL": "http://localhost:3000"
    }
}
{
    "level": "INFO",
    "timestamp": "2024-11-17T15:45:23.980Z",
    "message": "Database connection established",
    "meta": {
        "CONNECTION_NAME": "test"
    }
}
{
    "level": "INFO",
    "timestamp": "2024-11-17T15:45:24.014Z",
    "message": "Rate limiter initiated",
    "meta": {}
}
{
    "level": "INFO",
    "timestamp": "2024-11-17T15:45:24.018Z",
    "message": "Application started on port 3000",
    "meta": {
        "SERVER_URL": "http://localhost:3000"
    }
}
{
    "level": "ERROR",
    "timestamp": "2024-11-17T16:33:59.700Z",
    "message": "Controller Response",
    "meta": {
        "success": false,
        "statusCode": 404,
        "request": {
            "ip": "::1",
            "method": "GET",
            "url": "/v1/attendance/employee/12345"
        },
        "message": "Route is not found",
        "data": null,
        "trace": {
            "error": "Error: Route is not found\n    at exports.default (E:\\Coderatory\\HRM\\base_server\\src\\handlers\\notFound.ts:7:15)\n    at Layer.handle [as handle_request] (E:\\Coderatory\\HRM\\base_server\\node_modules\\express\\lib\\router\\layer.js:95:5)\n    at trim_prefix (E:\\Coderatory\\HRM\\base_server\\node_modules\\express\\lib\\router\\index.js:328:13)\n    at E:\\Coderatory\\HRM\\base_server\\node_modules\\express\\lib\\router\\index.js:286:9\n    at Function.process_params (E:\\Coderatory\\HRM\\base_server\\node_modules\\express\\lib\\router\\index.js:346:12)\n    at next (E:\\Coderatory\\HRM\\base_server\\node_modules\\express\\lib\\router\\index.js:280:10)\n    at E:\\Coderatory\\HRM\\base_server\\node_modules\\express\\lib\\router\\index.js:646:15\n    at next (E:\\Coderatory\\HRM\\base_server\\node_modules\\express\\lib\\router\\index.js:265:14)\n    at Function.handle (E:\\Coderatory\\HRM\\base_server\\node_modules\\express\\lib\\router\\index.js:175:3)\n    at router (E:\\Coderatory\\HRM\\base_server\\node_modules\\express\\lib\\router\\index.js:47:12)"
        }
    }
}
{
    "level": "ERROR",
    "timestamp": "2024-11-17T16:39:29.580Z",
    "message": "Controller Response",
    "meta": {
        "success": false,
        "statusCode": 404,
        "request": {
            "ip": "::1",
            "method": "GET",
            "url": "/v1/attendance/employee/12345"
        },
        "message": "Route is not found",
        "data": null,
        "trace": {
            "error": "Error: Route is not found\n    at exports.default (E:\\Coderatory\\HRM\\base_server\\src\\handlers\\notFound.ts:7:15)\n    at Layer.handle [as handle_request] (E:\\Coderatory\\HRM\\base_server\\node_modules\\express\\lib\\router\\layer.js:95:5)\n    at trim_prefix (E:\\Coderatory\\HRM\\base_server\\node_modules\\express\\lib\\router\\index.js:328:13)\n    at E:\\Coderatory\\HRM\\base_server\\node_modules\\express\\lib\\router\\index.js:286:9\n    at Function.process_params (E:\\Coderatory\\HRM\\base_server\\node_modules\\express\\lib\\router\\index.js:346:12)\n    at next (E:\\Coderatory\\HRM\\base_server\\node_modules\\express\\lib\\router\\index.js:280:10)\n    at E:\\Coderatory\\HRM\\base_server\\node_modules\\express\\lib\\router\\index.js:646:15\n    at next (E:\\Coderatory\\HRM\\base_server\\node_modules\\express\\lib\\router\\index.js:265:14)\n    at Function.handle (E:\\Coderatory\\HRM\\base_server\\node_modules\\express\\lib\\router\\index.js:175:3)\n    at router (E:\\Coderatory\\HRM\\base_server\\node_modules\\express\\lib\\router\\index.js:47:12)"
        }
    }
}
{
    "level": "ERROR",
    "timestamp": "2024-11-17T16:40:02.019Z",
    "message": "Controller Response",
    "meta": {
        "success": false,
        "statusCode": 404,
        "request": {
            "ip": "::1",
            "method": "GET",
            "url": "/v1/attendance/employee/12345"
        },
        "message": "Route is not found",
        "data": null,
        "trace": {
            "error": "Error: Route is not found\n    at exports.default (E:\\Coderatory\\HRM\\base_server\\src\\handlers\\notFound.ts:7:15)\n    at Layer.handle [as handle_request] (E:\\Coderatory\\HRM\\base_server\\node_modules\\express\\lib\\router\\layer.js:95:5)\n    at trim_prefix (E:\\Coderatory\\HRM\\base_server\\node_modules\\express\\lib\\router\\index.js:328:13)\n    at E:\\Coderatory\\HRM\\base_server\\node_modules\\express\\lib\\router\\index.js:286:9\n    at Function.process_params (E:\\Coderatory\\HRM\\base_server\\node_modules\\express\\lib\\router\\index.js:346:12)\n    at next (E:\\Coderatory\\HRM\\base_server\\node_modules\\express\\lib\\router\\index.js:280:10)\n    at E:\\Coderatory\\HRM\\base_server\\node_modules\\express\\lib\\router\\index.js:646:15\n    at next (E:\\Coderatory\\HRM\\base_server\\node_modules\\express\\lib\\router\\index.js:265:14)\n    at Function.handle (E:\\Coderatory\\HRM\\base_server\\node_modules\\express\\lib\\router\\index.js:175:3)\n    at router (E:\\Coderatory\\HRM\\base_server\\node_modules\\express\\lib\\router\\index.js:47:12)"
        }
    }
}
{
    "level": "ERROR",
    "timestamp": "2024-11-17T17:07:52.842Z",
    "message": "Controller Response",
    "meta": {
        "success": false,
        "statusCode": 404,
        "request": {
            "ip": "::1",
            "method": "GET",
            "url": "/v1/attendance/employee/12345"
        },
        "message": "Route is not found",
        "data": null,
        "trace": {
            "error": "Error: Route is not found\n    at exports.default (E:\\Coderatory\\HRM\\base_server\\src\\handlers\\notFound.ts:7:15)\n    at Layer.handle [as handle_request] (E:\\Coderatory\\HRM\\base_server\\node_modules\\express\\lib\\router\\layer.js:95:5)\n    at trim_prefix (E:\\Coderatory\\HRM\\base_server\\node_modules\\express\\lib\\router\\index.js:328:13)\n    at E:\\Coderatory\\HRM\\base_server\\node_modules\\express\\lib\\router\\index.js:286:9\n    at Function.process_params (E:\\Coderatory\\HRM\\base_server\\node_modules\\express\\lib\\router\\index.js:346:12)\n    at next (E:\\Coderatory\\HRM\\base_server\\node_modules\\express\\lib\\router\\index.js:280:10)\n    at E:\\Coderatory\\HRM\\base_server\\node_modules\\express\\lib\\router\\index.js:646:15\n    at next (E:\\Coderatory\\HRM\\base_server\\node_modules\\express\\lib\\router\\index.js:265:14)\n    at Function.handle (E:\\Coderatory\\HRM\\base_server\\node_modules\\express\\lib\\router\\index.js:175:3)\n    at router (E:\\Coderatory\\HRM\\base_server\\node_modules\\express\\lib\\router\\index.js:47:12)"
        }
    }
}
{
    "level": "ERROR",
    "timestamp": "2024-11-17T17:08:56.961Z",
    "message": "Controller Response",
    "meta": {
        "success": false,
        "statusCode": 404,
        "request": {
            "ip": "::1",
            "method": "GET",
            "url": "/v1/attendance/employee/12345"
        },
        "message": "Route is not found",
        "data": null,
        "trace": {
            "error": "Error: Route is not found\n    at exports.default (E:\\Coderatory\\HRM\\base_server\\src\\handlers\\notFound.ts:7:15)\n    at Layer.handle [as handle_request] (E:\\Coderatory\\HRM\\base_server\\node_modules\\express\\lib\\router\\layer.js:95:5)\n    at trim_prefix (E:\\Coderatory\\HRM\\base_server\\node_modules\\express\\lib\\router\\index.js:328:13)\n    at E:\\Coderatory\\HRM\\base_server\\node_modules\\express\\lib\\router\\index.js:286:9\n    at Function.process_params (E:\\Coderatory\\HRM\\base_server\\node_modules\\express\\lib\\router\\index.js:346:12)\n    at next (E:\\Coderatory\\HRM\\base_server\\node_modules\\express\\lib\\router\\index.js:280:10)\n    at E:\\Coderatory\\HRM\\base_server\\node_modules\\express\\lib\\router\\index.js:646:15\n    at next (E:\\Coderatory\\HRM\\base_server\\node_modules\\express\\lib\\router\\index.js:265:14)\n    at Function.handle (E:\\Coderatory\\HRM\\base_server\\node_modules\\express\\lib\\router\\index.js:175:3)\n    at router (E:\\Coderatory\\HRM\\base_server\\node_modules\\express\\lib\\router\\index.js:47:12)"
        }
    }
}
{
    "level": "INFO",
    "timestamp": "2024-11-17T17:43:48.183Z",
    "message": "Database connection established",
    "meta": {
        "CONNECTION_NAME": "test"
    }
}
{
    "level": "INFO",
    "timestamp": "2024-11-17T17:43:48.215Z",
    "message": "Rate limiter initiated",
    "meta": {}
}
{
    "level": "INFO",
    "timestamp": "2024-11-17T17:43:48.222Z",
    "message": "Application started on port 3000",
    "meta": {
        "SERVER_URL": "http://localhost:3000"
    }
}
{
    "level": "INFO",
    "timestamp": "2024-11-17T18:08:28.975Z",
    "message": "Database connection established",
    "meta": {
        "CONNECTION_NAME": "test"
    }
}
{
    "level": "INFO",
    "timestamp": "2024-11-17T18:08:29.012Z",
    "message": "Rate limiter initiated",
    "meta": {}
}
{
    "level": "INFO",
    "timestamp": "2024-11-17T18:08:29.022Z",
    "message": "Application started on port 3000",
    "meta": {
        "SERVER_URL": "http://localhost:3000"
    }
}
{
    "level": "INFO",
    "timestamp": "2024-11-17T18:15:11.189Z",
    "message": "Database connection established",
    "meta": {
        "CONNECTION_NAME": "test"
    }
}
{
    "level": "INFO",
    "timestamp": "2024-11-17T18:15:11.229Z",
    "message": "Rate limiter initiated",
    "meta": {}
}
{
    "level": "INFO",
    "timestamp": "2024-11-17T18:15:11.234Z",
    "message": "Application started on port 3000",
    "meta": {
        "SERVER_URL": "http://localhost:3000"
    }
}
{
    "level": "INFO",
    "timestamp": "2024-11-17T18:18:49.177Z",
    "message": "Database connection established",
    "meta": {
        "CONNECTION_NAME": "test"
    }
}
{
    "level": "INFO",
    "timestamp": "2024-11-17T18:18:49.209Z",
    "message": "Rate limiter initiated",
    "meta": {}
}
{
    "level": "INFO",
    "timestamp": "2024-11-17T18:18:49.217Z",
    "message": "Application started on port 3000",
    "meta": {
        "SERVER_URL": "http://localhost:3000"
    }
}
{
    "level": "INFO",
    "timestamp": "2024-11-17T21:10:51.506Z",
    "message": "Database connection established",
    "meta": {
        "CONNECTION_NAME": "test"
    }
}
{
    "level": "INFO",
    "timestamp": "2024-11-17T21:10:51.530Z",
    "message": "Rate limiter initiated",
    "meta": {}
}
{
    "level": "INFO",
    "timestamp": "2024-11-17T21:10:51.537Z",
    "message": "Application started on port 3000",
    "meta": {
        "SERVER_URL": "http://localhost:3000"
    }
}
{
    "level": "INFO",
    "timestamp": "2024-11-17T21:22:34.881Z",
    "message": "Database connection established",
    "meta": {
        "CONNECTION_NAME": "test"
    }
}
{
    "level": "INFO",
    "timestamp": "2024-11-17T21:22:34.910Z",
    "message": "Rate limiter initiated",
    "meta": {}
}
{
    "level": "INFO",
    "timestamp": "2024-11-17T21:22:34.916Z",
    "message": "Application started on port 3000",
    "meta": {
        "SERVER_URL": "http://localhost:3000"
    }
}
{
    "level": "INFO",
    "timestamp": "2024-11-17T21:28:51.065Z",
    "message": "Database connection established",
    "meta": {
        "CONNECTION_NAME": "test"
    }
}
{
    "level": "INFO",
    "timestamp": "2024-11-17T21:28:51.094Z",
    "message": "Rate limiter initiated",
    "meta": {}
}
{
    "level": "INFO",
    "timestamp": "2024-11-17T21:28:51.098Z",
    "message": "Application started on port 3000",
    "meta": {
        "SERVER_URL": "http://localhost:3000"
    }
}
{
    "level": "ERROR",
    "timestamp": "2024-11-17T22:09:13.077Z",
    "message": "Controller Response",
    "meta": {
        "success": false,
        "statusCode": 404,
        "request": {
            "ip": "::1",
            "method": "GET",
            "url": "/v1/recruitment/getCandidate"
        },
        "message": "Route is not found",
        "data": null,
        "trace": {
            "error": "Error: Route is not found\n    at exports.default (E:\\Coderatory\\HRM\\base_server\\src\\handlers\\notFound.ts:7:15)\n    at Layer.handle [as handle_request] (E:\\Coderatory\\HRM\\base_server\\node_modules\\express\\lib\\router\\layer.js:95:5)\n    at trim_prefix (E:\\Coderatory\\HRM\\base_server\\node_modules\\express\\lib\\router\\index.js:328:13)\n    at E:\\Coderatory\\HRM\\base_server\\node_modules\\express\\lib\\router\\index.js:286:9\n    at Function.process_params (E:\\Coderatory\\HRM\\base_server\\node_modules\\express\\lib\\router\\index.js:346:12)\n    at next (E:\\Coderatory\\HRM\\base_server\\node_modules\\express\\lib\\router\\index.js:280:10)\n    at E:\\Coderatory\\HRM\\base_server\\node_modules\\express\\lib\\router\\index.js:646:15\n    at next (E:\\Coderatory\\HRM\\base_server\\node_modules\\express\\lib\\router\\index.js:265:14)\n    at Function.handle (E:\\Coderatory\\HRM\\base_server\\node_modules\\express\\lib\\router\\index.js:175:3)\n    at router (E:\\Coderatory\\HRM\\base_server\\node_modules\\express\\lib\\router\\index.js:47:12)"
        }
    }
}
{
    "level": "ERROR",
    "timestamp": "2024-11-17T22:09:48.069Z",
    "message": "Controller Response",
    "meta": {
        "success": false,
        "statusCode": 404,
        "request": {
            "ip": "::1",
            "method": "GET",
            "url": "/v1/recruitment/getCandidate"
        },
        "message": "Route is not found",
        "data": null,
        "trace": {
            "error": "Error: Route is not found\n    at exports.default (E:\\Coderatory\\HRM\\base_server\\src\\handlers\\notFound.ts:7:15)\n    at Layer.handle [as handle_request] (E:\\Coderatory\\HRM\\base_server\\node_modules\\express\\lib\\router\\layer.js:95:5)\n    at trim_prefix (E:\\Coderatory\\HRM\\base_server\\node_modules\\express\\lib\\router\\index.js:328:13)\n    at E:\\Coderatory\\HRM\\base_server\\node_modules\\express\\lib\\router\\index.js:286:9\n    at Function.process_params (E:\\Coderatory\\HRM\\base_server\\node_modules\\express\\lib\\router\\index.js:346:12)\n    at next (E:\\Coderatory\\HRM\\base_server\\node_modules\\express\\lib\\router\\index.js:280:10)\n    at E:\\Coderatory\\HRM\\base_server\\node_modules\\express\\lib\\router\\index.js:646:15\n    at next (E:\\Coderatory\\HRM\\base_server\\node_modules\\express\\lib\\router\\index.js:265:14)\n    at Function.handle (E:\\Coderatory\\HRM\\base_server\\node_modules\\express\\lib\\router\\index.js:175:3)\n    at router (E:\\Coderatory\\HRM\\base_server\\node_modules\\express\\lib\\router\\index.js:47:12)"
        }
    }
}
